Started POST "/data-migration/migrate/format/csv" for ::1 at 2024-01-31 12:55:18 +0000
  [1m[35m (25.4ms)[0m  [1m[35mCREATE TABLE "schema_migrations" ("version" varchar NOT NULL PRIMARY KEY)[0m
  [1m[35m (0.1ms)[0m  [1m[35mCREATE TABLE "ar_internal_metadata" ("key" varchar NOT NULL PRIMARY KEY, "value" varchar, "created_at" datetime(6) NOT NULL, "updated_at" datetime(6) NOT NULL)[0m
  [1m[36mActiveRecord::SchemaMigration Load (0.1ms)[0m  [1m[34mSELECT "schema_migrations"."version" FROM "schema_migrations" ORDER BY "schema_migrations"."version" ASC[0m
Processing by DataMigrationController#csv_to_json as */*
Completed 401 Unauthorized in 5ms (Views: 0.2ms | ActiveRecord: 0.0ms | Allocations: 3338)


Started POST "/data-migration/migrate/format/csv" for ::1 at 2024-01-31 12:55:34 +0000
Processing by DataMigrationController#csv_to_json as */*
Completed 401 Unauthorized in 0ms (Views: 0.1ms | ActiveRecord: 0.0ms | Allocations: 73)


Started POST "/data-migration/migrate/format/csv" for ::1 at 2024-01-31 12:55:45 +0000
Processing by DataMigrationController#csv_to_json as */*
Completed 401 Unauthorized in 0ms (Views: 0.1ms | ActiveRecord: 0.0ms | Allocations: 72)


Started POST "/data-migration/migrate/format/csv" for ::1 at 2024-01-31 12:55:49 +0000
Processing by DataMigrationController#csv_to_json as */*
Completed 422 Unprocessable Entity in 0ms (Views: 0.1ms | ActiveRecord: 0.0ms | Allocations: 94)


Started POST "/data-migration/migrate/format/csv" for ::1 at 2024-01-31 13:06:47 +0000
Processing by DataMigrationController#csv_to_json as */*
  Parameters: {"file"=>#<ActionDispatch::Http::UploadedFile:0x00007f247a9b6590 @tempfile=#<Tempfile:/tmp/RackMultipart20240131-14207-wa5zsi.csv>, @content_type="text/csv", @original_filename="testFile.csv", @headers="Content-Disposition: form-data; name=\"file\"; filename=\"testFile.csv\"\r\nContent-Type: text/csv\r\n">}
Completed 200 OK in 2ms (Views: 0.2ms | ActiveRecord: 0.0ms | Allocations: 1114)


Started POST "/data-migration/migrate/format/csv" for ::1 at 2024-01-31 13:07:54 +0000
Processing by DataMigrationController#csv_to_json as */*
  Parameters: {"file"=>#<ActionDispatch::Http::UploadedFile:0x00007f247a960d20 @tempfile=#<Tempfile:/tmp/RackMultipart20240131-14207-7zth6l.csv>, @content_type="text/csv", @original_filename="testFile.csv", @headers="Content-Disposition: form-data; name=\"file\"; filename=\"testFile.csv\"\r\nContent-Type: text/csv\r\n">}
Completed 200 OK in 1ms (Views: 0.2ms | ActiveRecord: 0.0ms | Allocations: 786)


Started POST "/data-migration/migrate/format/json" for ::1 at 2024-01-31 13:14:56 +0000
Processing by DataMigrationController#migrate as */*
Completed 500 Internal Server Error in 0ms (ActiveRecord: 0.0ms | Allocations: 122)


  
NameError (undefined local variable or method `null' for #<DataMigrationController:0x00000000008570>):
  
app/controllers/data_migration_controller.rb:64:in `migrate'
Started POST "/data-migration/migrate/format/json" for ::1 at 2024-01-31 13:15:28 +0000
Processing by DataMigrationController#migrate as */*
Completed 200 OK in 0ms (Views: 0.1ms | ActiveRecord: 0.0ms | Allocations: 142)


Started POST "/data-migration/migrate/format/csv" for ::1 at 2024-01-31 13:15:40 +0000
Processing by DataMigrationController#csv_to_json as */*
  Parameters: {"file"=>#<ActionDispatch::Http::UploadedFile:0x00007f247a9bcbc0 @tempfile=#<Tempfile:/tmp/RackMultipart20240131-14207-o160x.csv>, @content_type="text/csv", @original_filename="testFile.csv", @headers="Content-Disposition: form-data; name=\"file\"; filename=\"testFile.csv\"\r\nContent-Type: text/csv\r\n">}
Completed 200 OK in 1ms (Views: 0.2ms | ActiveRecord: 0.0ms | Allocations: 713)


Started POST "/data-migration/migrate/format/csv" for ::1 at 2024-01-31 13:17:55 +0000
Processing by DataMigrationController#csv_to_json as */*
  Parameters: {"file"=>#<ActionDispatch::Http::UploadedFile:0x00007f247a9b9880 @tempfile=#<Tempfile:/tmp/RackMultipart20240131-14207-nklalc.csv>, @content_type="text/csv", @original_filename="testFile_orgs.csv", @headers="Content-Disposition: form-data; name=\"file\"; filename=\"testFile_orgs.csv\"\r\nContent-Type: text/csv\r\n">}
Completed 200 OK in 1ms (Views: 0.2ms | ActiveRecord: 0.0ms | Allocations: 1364)


Started POST "/data-migration/migrate/format/csv" for ::1 at 2024-01-31 13:44:41 +0000
Processing by DataMigrationController#csv_to_json as */*
  Parameters: {"file"=>#<ActionDispatch::Http::UploadedFile:0x00007f247aa35fc0 @tempfile=#<Tempfile:/tmp/RackMultipart20240131-14207-jhmt2e.csv>, @content_type="text/csv", @original_filename="testFile_users.csv", @headers="Content-Disposition: form-data; name=\"file\"; filename=\"testFile_users.csv\"\r\nContent-Type: text/csv\r\n">}
Completed 500 Internal Server Error in 1ms (ActiveRecord: 0.0ms | Allocations: 964)


  
NameError (undefined local variable or method `data' for #<DataMigrationController:0x0000000000bc98>):
  
app/controllers/data_migration_controller.rb:104:in `addUsersToExistingOrg'
app/controllers/data_migration_controller.rb:37:in `block in csv_to_json'
app/controllers/data_migration_controller.rb:31:in `csv_to_json'
Started POST "/data-migration/migrate/format/csv" for ::1 at 2024-01-31 13:46:22 +0000
Processing by DataMigrationController#csv_to_json as */*
  Parameters: {"file"=>#<ActionDispatch::Http::UploadedFile:0x00007f247a9b6130 @tempfile=#<Tempfile:/tmp/RackMultipart20240131-14207-8pr7zy.csv>, @content_type="text/csv", @original_filename="testFile_users.csv", @headers="Content-Disposition: form-data; name=\"file\"; filename=\"testFile_users.csv\"\r\nContent-Type: text/csv\r\n">}
Completed 200 OK in 1ms (Views: 0.3ms | ActiveRecord: 0.0ms | Allocations: 1574)


Started POST "/data-migration/migrate/format/csv" for ::1 at 2024-01-31 13:47:12 +0000
Processing by DataMigrationController#csv_to_json as */*
  Parameters: {"file"=>#<ActionDispatch::Http::UploadedFile:0x00007f247aa3dc70 @tempfile=#<Tempfile:/tmp/RackMultipart20240131-14207-6x7zn3.csv>, @content_type="text/csv", @original_filename="testFile_users.csv", @headers="Content-Disposition: form-data; name=\"file\"; filename=\"testFile_users.csv\"\r\nContent-Type: text/csv\r\n">}
Completed 200 OK in 1ms (Views: 0.2ms | ActiveRecord: 0.0ms | Allocations: 1567)


Started POST "/data-migration/migrate/format/csv" for ::1 at 2024-01-31 13:49:05 +0000
Processing by DataMigrationController#csv_to_json as */*
  Parameters: {"file"=>#<ActionDispatch::Http::UploadedFile:0x00007f247b1a4838 @tempfile=#<Tempfile:/tmp/RackMultipart20240131-14207-n1iw8k.csv>, @content_type="text/csv", @original_filename="testFile_users.csv", @headers="Content-Disposition: form-data; name=\"file\"; filename=\"testFile_users.csv\"\r\nContent-Type: text/csv\r\n">}
Completed 200 OK in 1ms (Views: 0.2ms | ActiveRecord: 0.0ms | Allocations: 1256)


Started POST "/data-migration/migrate/format/csv" for ::1 at 2024-01-31 13:55:56 +0000
Processing by DataMigrationController#csv_to_json as */*
  Parameters: {"file"=>#<ActionDispatch::Http::UploadedFile:0x00007f247b1a0b48 @tempfile=#<Tempfile:/tmp/RackMultipart20240131-14207-8w5znq.csv>, @content_type="text/csv", @original_filename="testFile_OrgsUsers.csv", @headers="Content-Disposition: form-data; name=\"file\"; filename=\"testFile_OrgsUsers.csv\"\r\nContent-Type: text/csv\r\n">}
Completed 200 OK in 1ms (Views: 0.2ms | ActiveRecord: 0.0ms | Allocations: 2591)


  [1m[35m (227.4ms)[0m  [1m[35mCREATE TABLE "schema_migrations" ("version" character varying NOT NULL PRIMARY KEY)[0m
  [1m[35m (114.5ms)[0m  [1m[35mCREATE TABLE "ar_internal_metadata" ("key" character varying NOT NULL PRIMARY KEY, "value" character varying, "created_at" timestamp(6) NOT NULL, "updated_at" timestamp(6) NOT NULL)[0m
  [1m[35m (0.7ms)[0m  [1m[34mSELECT pg_try_advisory_lock(2642523968964351780)[0m
  [1m[36mActiveRecord::SchemaMigration Load (0.9ms)[0m  [1m[34mSELECT "schema_migrations"."version" FROM "schema_migrations" ORDER BY "schema_migrations"."version" ASC[0m
  [1m[36mActiveRecord::InternalMetadata Load (1.0ms)[0m  [1m[34mSELECT * FROM "ar_internal_metadata" WHERE "ar_internal_metadata"."key" = $1 ORDER BY "ar_internal_metadata"."key" ASC LIMIT 1[0m  [[nil, "environment"]]
  [1m[36mActiveRecord::InternalMetadata Create (27.9ms)[0m  [1m[32mINSERT INTO "ar_internal_metadata" ("key", "value", "created_at", "updated_at") VALUES ('environment', 'development', '2024-01-31 15:59:52.578013', '2024-01-31 15:59:52.578019') RETURNING "key"[0m
  [1m[35m (0.9ms)[0m  [1m[34mSELECT pg_advisory_unlock(2642523968964351780)[0m
  [1m[36mActiveRecord::SchemaMigration Load (0.5ms)[0m  [1m[34mSELECT "schema_migrations"."version" FROM "schema_migrations" ORDER BY "schema_migrations"."version" ASC[0m
  [1m[35m (0.1ms)[0m  [1m[34mSELECT pg_try_advisory_lock(2642523968964351780)[0m
  [1m[36mActiveRecord::SchemaMigration Load (0.5ms)[0m  [1m[34mSELECT "schema_migrations"."version" FROM "schema_migrations" ORDER BY "schema_migrations"."version" ASC[0m
  [1m[36mActiveRecord::InternalMetadata Load (0.4ms)[0m  [1m[34mSELECT * FROM "ar_internal_metadata" WHERE "ar_internal_metadata"."key" = $1 ORDER BY "ar_internal_metadata"."key" ASC LIMIT 1[0m  [[nil, "environment"]]
  [1m[35m (0.2ms)[0m  [1m[34mSELECT pg_advisory_unlock(2642523968964351780)[0m
  [1m[36mActiveRecord::SchemaMigration Load (0.1ms)[0m  [1m[34mSELECT "schema_migrations"."version" FROM "schema_migrations" ORDER BY "schema_migrations"."version" ASC[0m
Started POST "/data-migration/migrate/format/csv" for ::1 at 2024-01-31 16:36:00 +0000
  [1m[36mActiveRecord::SchemaMigration Load (0.5ms)[0m  [1m[34mSELECT "schema_migrations"."version" FROM "schema_migrations" ORDER BY "schema_migrations"."version" ASC[0m
Processing by DataMigrationController#csv_to_json as */*
  Parameters: {"file"=>#<ActionDispatch::Http::UploadedFile:0x00007f9509317770 @tempfile=#<Tempfile:/tmp/RackMultipart20240131-17083-e12i67.csv>, @content_type="text/csv", @original_filename="testFile_OrgsUsers.csv", @headers="Content-Disposition: form-data; name=\"file\"; filename=\"testFile_OrgsUsers.csv\"\r\nContent-Type: text/csv\r\n">}
Completed 500 Internal Server Error in 0ms (ActiveRecord: 0.0ms | Allocations: 159)


  
NameError (uninitialized constant Authorize::Token::Client):
  
app/services/authorize/token.rb:10:in `client_auth'
app/services/authorize/token.rb:14:in `authenticate_api_key'
app/services/authorize/token.rb:18:in `validate_api_key'
  [1m[35m (0.1ms)[0m  [1m[34mSELECT pg_try_advisory_lock(2642523968964351780)[0m
  [1m[36mActiveRecord::SchemaMigration Load (0.2ms)[0m  [1m[34mSELECT "schema_migrations"."version" FROM "schema_migrations" ORDER BY "schema_migrations"."version" ASC[0m
  [1m[36mActiveRecord::InternalMetadata Load (0.3ms)[0m  [1m[34mSELECT * FROM "ar_internal_metadata" WHERE "ar_internal_metadata"."key" = $1 ORDER BY "ar_internal_metadata"."key" ASC LIMIT 1[0m  [[nil, "environment"]]
  [1m[35m (0.1ms)[0m  [1m[34mSELECT pg_advisory_unlock(2642523968964351780)[0m
  [1m[36mActiveRecord::SchemaMigration Load (0.1ms)[0m  [1m[34mSELECT "schema_migrations"."version" FROM "schema_migrations" ORDER BY "schema_migrations"."version" ASC[0m
Started POST "/data-migration/migrate/format/csv" for ::1 at 2024-01-31 16:39:58 +0000
  [1m[36mActiveRecord::SchemaMigration Load (0.4ms)[0m  [1m[34mSELECT "schema_migrations"."version" FROM "schema_migrations" ORDER BY "schema_migrations"."version" ASC[0m
Processing by DataMigrationController#csv_to_json as */*
  Parameters: {"file"=>#<ActionDispatch::Http::UploadedFile:0x00007f8db070d718 @tempfile=#<Tempfile:/tmp/RackMultipart20240131-17598-yhtu4n.csv>, @content_type="text/csv", @original_filename="testFile_OrgsUsers.csv", @headers="Content-Disposition: form-data; name=\"file\"; filename=\"testFile_OrgsUsers.csv\"\r\nContent-Type: text/csv\r\n">}
  [1m[36mClient Load (0.1ms)[0m  [1m[34mSELECT "clients".* FROM "clients" WHERE "clients"."api_key" = $1 LIMIT $2[0m  [["api_key", "1235"], ["LIMIT", 1]]
  ↳ app/services/authorize/token.rb:10:in `client_auth'
Completed 200 OK in 33ms (Views: 0.5ms | ActiveRecord: 4.6ms | Allocations: 22133)


Started POST "/data-migration/migrate/format/csv" for ::1 at 2024-01-31 16:40:08 +0000
Processing by DataMigrationController#csv_to_json as */*
  Parameters: {"file"=>#<ActionDispatch::Http::UploadedFile:0x00007f8db05f7590 @tempfile=#<Tempfile:/tmp/RackMultipart20240131-17598-69sm71.csv>, @content_type="text/csv", @original_filename="testFile_OrgsUsers.csv", @headers="Content-Disposition: form-data; name=\"file\"; filename=\"testFile_OrgsUsers.csv\"\r\nContent-Type: text/csv\r\n">}
  [1m[36mClient Load (0.1ms)[0m  [1m[34mSELECT "clients".* FROM "clients" WHERE "clients"."api_key" IS NULL LIMIT $1[0m  [["LIMIT", 1]]
  ↳ app/services/authorize/token.rb:10:in `client_auth'
Filter chain halted as :validate_api_key rendered or redirected
Completed 401 Unauthorized in 2ms (Views: 0.1ms | ActiveRecord: 0.1ms | Allocations: 696)


Started POST "/data-migration/migrate/format/csv" for ::1 at 2024-01-31 16:40:23 +0000
Processing by DataMigrationController#csv_to_json as */*
  Parameters: {"file"=>#<ActionDispatch::Http::UploadedFile:0x00007f8db05f5150 @tempfile=#<Tempfile:/tmp/RackMultipart20240131-17598-nmzp3u.csv>, @content_type="text/csv", @original_filename="testFile_OrgsUsers.csv", @headers="Content-Disposition: form-data; name=\"file\"; filename=\"testFile_OrgsUsers.csv\"\r\nContent-Type: text/csv\r\n">}
  [1m[36mClient Load (0.2ms)[0m  [1m[34mSELECT "clients".* FROM "clients" WHERE "clients"."api_key" IS NULL LIMIT $1[0m  [["LIMIT", 1]]
  ↳ app/services/authorize/token.rb:10:in `client_auth'
Filter chain halted as :validate_api_key rendered or redirected
Completed 401 Unauthorized in 1ms (Views: 0.1ms | ActiveRecord: 0.2ms | Allocations: 616)


Started POST "/data-migration/migrate/format/csv" for ::1 at 2024-01-31 16:40:38 +0000
Processing by DataMigrationController#csv_to_json as */*
  Parameters: {"file"=>#<ActionDispatch::Http::UploadedFile:0x00007f8db05f2d10 @tempfile=#<Tempfile:/tmp/RackMultipart20240131-17598-so0cdh.csv>, @content_type="text/csv", @original_filename="testFile_OrgsUsers.csv", @headers="Content-Disposition: form-data; name=\"file\"; filename=\"testFile_OrgsUsers.csv\"\r\nContent-Type: text/csv\r\n">}
  [1m[36mClient Load (0.2ms)[0m  [1m[34mSELECT "clients".* FROM "clients" WHERE "clients"."api_key" = $1 LIMIT $2[0m  [["api_key", "123"], ["LIMIT", 1]]
  ↳ app/services/authorize/token.rb:10:in `client_auth'
Filter chain halted as :validate_api_key rendered or redirected
Completed 401 Unauthorized in 2ms (Views: 0.2ms | ActiveRecord: 0.2ms | Allocations: 489)


Started POST "/data-migration/migrate/format/csv" for ::1 at 2024-01-31 16:40:43 +0000
Processing by DataMigrationController#csv_to_json as */*
  Parameters: {"file"=>#<ActionDispatch::Http::UploadedFile:0x00007f8db05f07e0 @tempfile=#<Tempfile:/tmp/RackMultipart20240131-17598-i2gwz6.csv>, @content_type="text/csv", @original_filename="testFile_OrgsUsers.csv", @headers="Content-Disposition: form-data; name=\"file\"; filename=\"testFile_OrgsUsers.csv\"\r\nContent-Type: text/csv\r\n">}
  [1m[36mClient Load (0.2ms)[0m  [1m[34mSELECT "clients".* FROM "clients" WHERE "clients"."api_key" = $1 LIMIT $2[0m  [["api_key", "1235"], ["LIMIT", 1]]
  ↳ app/services/authorize/token.rb:10:in `client_auth'
Completed 200 OK in 2ms (Views: 0.2ms | ActiveRecord: 0.2ms | Allocations: 3003)


Started POST "/data-migration/migrate/format/csv" for ::1 at 2024-01-31 16:41:17 +0000
Processing by DataMigrationController#csv_to_json as */*
  Parameters: {"file"=>#<ActionDispatch::Http::UploadedFile:0x00007f8db054c050 @tempfile=#<Tempfile:/tmp/RackMultipart20240131-17598-dtstoj.csv>, @content_type="text/csv", @original_filename="testFile_OrgsUsers.csv", @headers="Content-Disposition: form-data; name=\"file\"; filename=\"testFile_OrgsUsers.csv\"\r\nContent-Type: text/csv\r\n">}
  [1m[36mClient Load (0.2ms)[0m  [1m[34mSELECT "clients".* FROM "clients" WHERE "clients"."api_key" = $1 LIMIT $2[0m  [["api_key", "1235"], ["LIMIT", 1]]
  ↳ app/services/authorize/token.rb:10:in `client_auth'
Filter chain halted as :validate_api_key rendered or redirected
Completed 401 Unauthorized in 1ms (Views: 0.1ms | ActiveRecord: 0.1ms | Allocations: 476)


Started POST "/data-migration/migrate/format/csv" for ::1 at 2024-01-31 16:41:22 +0000
Processing by DataMigrationController#csv_to_json as */*
  Parameters: {"file"=>#<ActionDispatch::Http::UploadedFile:0x00007f8db0549b70 @tempfile=#<Tempfile:/tmp/RackMultipart20240131-17598-ndrcg9.csv>, @content_type="text/csv", @original_filename="testFile_OrgsUsers.csv", @headers="Content-Disposition: form-data; name=\"file\"; filename=\"testFile_OrgsUsers.csv\"\r\nContent-Type: text/csv\r\n">}
  [1m[36mClient Load (0.7ms)[0m  [1m[34mSELECT "clients".* FROM "clients" WHERE "clients"."api_key" = $1 LIMIT $2[0m  [["api_key", "1237"], ["LIMIT", 1]]
  ↳ app/services/authorize/token.rb:10:in `client_auth'
Completed 200 OK in 4ms (Views: 0.6ms | ActiveRecord: 0.6ms | Allocations: 2990)


  [1m[35m (0.1ms)[0m  [1m[34mSELECT pg_try_advisory_lock(2642523968964351780)[0m
  [1m[36mActiveRecord::SchemaMigration Load (0.3ms)[0m  [1m[34mSELECT "schema_migrations"."version" FROM "schema_migrations" ORDER BY "schema_migrations"."version" ASC[0m
  [1m[36mActiveRecord::InternalMetadata Load (0.4ms)[0m  [1m[34mSELECT * FROM "ar_internal_metadata" WHERE "ar_internal_metadata"."key" = $1 ORDER BY "ar_internal_metadata"."key" ASC LIMIT 1[0m  [[nil, "environment"]]
  [1m[35m (0.1ms)[0m  [1m[34mSELECT pg_advisory_unlock(2642523968964351780)[0m
  [1m[36mActiveRecord::SchemaMigration Load (0.1ms)[0m  [1m[34mSELECT "schema_migrations"."version" FROM "schema_migrations" ORDER BY "schema_migrations"."version" ASC[0m
Started POST "/data-migration/migrate/format/csv" for ::1 at 2024-01-31 17:40:41 +0000
  [1m[36mActiveRecord::SchemaMigration Load (0.3ms)[0m  [1m[34mSELECT "schema_migrations"."version" FROM "schema_migrations" ORDER BY "schema_migrations"."version" ASC[0m
  
AbstractController::ActionNotFound (The action 'csv_to_json' could not be found for DataMigrationController):
  
actionpack (7.1.3) lib/abstract_controller/base.rb:155:in `process'
actionpack (7.1.3) lib/action_controller/metal.rb:227:in `dispatch'
actionpack (7.1.3) lib/action_controller/metal.rb:309:in `dispatch'
actionpack (7.1.3) lib/action_dispatch/routing/route_set.rb:49:in `dispatch'
actionpack (7.1.3) lib/action_dispatch/routing/route_set.rb:32:in `serve'
actionpack (7.1.3) lib/action_dispatch/journey/router.rb:51:in `block in serve'
actionpack (7.1.3) lib/action_dispatch/journey/router.rb:131:in `block in find_routes'
actionpack (7.1.3) lib/action_dispatch/journey/router.rb:124:in `each'
actionpack (7.1.3) lib/action_dispatch/journey/router.rb:124:in `find_routes'
actionpack (7.1.3) lib/action_dispatch/journey/router.rb:32:in `serve'
actionpack (7.1.3) lib/action_dispatch/routing/route_set.rb:882:in `call'
rack (3.0.9) lib/rack/etag.rb:29:in `call'
rack (3.0.9) lib/rack/conditional_get.rb:43:in `call'
rack (3.0.9) lib/rack/head.rb:15:in `call'
activerecord (7.1.3) lib/active_record/migration.rb:655:in `call'
actionpack (7.1.3) lib/action_dispatch/middleware/callbacks.rb:29:in `block in call'
activesupport (7.1.3) lib/active_support/callbacks.rb:101:in `run_callbacks'
actionpack (7.1.3) lib/action_dispatch/middleware/callbacks.rb:28:in `call'
actionpack (7.1.3) lib/action_dispatch/middleware/executor.rb:14:in `call'
actionpack (7.1.3) lib/action_dispatch/middleware/actionable_exceptions.rb:16:in `call'
actionpack (7.1.3) lib/action_dispatch/middleware/debug_exceptions.rb:29:in `call'
actionpack (7.1.3) lib/action_dispatch/middleware/show_exceptions.rb:31:in `call'
railties (7.1.3) lib/rails/rack/logger.rb:37:in `call_app'
railties (7.1.3) lib/rails/rack/logger.rb:24:in `block in call'
activesupport (7.1.3) lib/active_support/tagged_logging.rb:135:in `block in tagged'
activesupport (7.1.3) lib/active_support/tagged_logging.rb:39:in `tagged'
activesupport (7.1.3) lib/active_support/tagged_logging.rb:135:in `tagged'
activesupport (7.1.3) lib/active_support/broadcast_logger.rb:240:in `method_missing'
railties (7.1.3) lib/rails/rack/logger.rb:24:in `call'
actionpack (7.1.3) lib/action_dispatch/middleware/remote_ip.rb:92:in `call'
actionpack (7.1.3) lib/action_dispatch/middleware/request_id.rb:28:in `call'
rack (3.0.9) lib/rack/runtime.rb:24:in `call'
activesupport (7.1.3) lib/active_support/cache/strategy/local_cache_middleware.rb:29:in `call'
actionpack (7.1.3) lib/action_dispatch/middleware/executor.rb:14:in `call'
actionpack (7.1.3) lib/action_dispatch/middleware/static.rb:25:in `call'
rack (3.0.9) lib/rack/sendfile.rb:114:in `call'
actionpack (7.1.3) lib/action_dispatch/middleware/host_authorization.rb:141:in `call'
railties (7.1.3) lib/rails/engine.rb:536:in `call'
puma (6.4.2) lib/puma/configuration.rb:272:in `call'
puma (6.4.2) lib/puma/request.rb:100:in `block in handle_request'
puma (6.4.2) lib/puma/thread_pool.rb:378:in `with_force_shutdown'
puma (6.4.2) lib/puma/request.rb:99:in `handle_request'
puma (6.4.2) lib/puma/server.rb:464:in `process_client'
puma (6.4.2) lib/puma/server.rb:245:in `block in run'
puma (6.4.2) lib/puma/thread_pool.rb:155:in `block in spawn_thread'
Started POST "/data-migration/migrate/format/csv" for ::1 at 2024-01-31 17:43:49 +0000
  [1m[36mActiveRecord::SchemaMigration Load (0.4ms)[0m  [1m[34mSELECT "schema_migrations"."version" FROM "schema_migrations" ORDER BY "schema_migrations"."version" ASC[0m
Processing by DataMigrationController#validate_csv as */*
  Parameters: {"file"=>#<ActionDispatch::Http::UploadedFile:0x00007f60200dbd30 @tempfile=#<Tempfile:/tmp/RackMultipart20240131-19415-y9vwkj.csv>, @content_type="text/csv", @original_filename="testFile_OrgsUsers.csv", @headers="Content-Disposition: form-data; name=\"file\"; filename=\"testFile_OrgsUsers.csv\"\r\nContent-Type: text/csv\r\n">}
  [1m[36mClient Load (0.2ms)[0m  [1m[34mSELECT "clients".* FROM "clients" WHERE "clients"."api_key" = $1 LIMIT $2[0m  [["api_key", "1237"], ["LIMIT", 1]]
  ↳ app/services/authorize/token.rb:10:in `client_auth'
Completed 200 OK in 36ms (Views: 0.3ms | ActiveRecord: 5.1ms | Allocations: 18344)


Started POST "/data-migration/migrate/format/csv" for ::1 at 2024-01-31 17:45:27 +0000
Processing by DataMigrationController#validate_csv as */*
  Parameters: {"file"=>#<ActionDispatch::Http::UploadedFile:0x00007f60201058d8 @tempfile=#<Tempfile:/tmp/RackMultipart20240131-19415-f44xkj.csv>, @content_type="text/csv", @original_filename="testFile.csv", @headers="Content-Disposition: form-data; name=\"file\"; filename=\"testFile.csv\"\r\nContent-Type: text/csv\r\n">}
  [1m[36mClient Load (0.2ms)[0m  [1m[34mSELECT "clients".* FROM "clients" WHERE "clients"."api_key" = $1 LIMIT $2[0m  [["api_key", "1237"], ["LIMIT", 1]]
  ↳ app/services/authorize/token.rb:10:in `client_auth'
Completed 200 OK in 6ms (Views: 0.2ms | ActiveRecord: 2.5ms | Allocations: 3199)


Started POST "/data-migration/migrate/format/csv" for ::1 at 2024-01-31 17:48:11 +0000
Processing by DataMigrationController#validate_csv as */*
  Parameters: {"file"=>#<ActionDispatch::Http::UploadedFile:0x00007f602203d430 @tempfile=#<Tempfile:/tmp/RackMultipart20240131-19415-o2t4ns.csv>, @content_type="text/csv", @original_filename="testFile_OrgsUsers.csv", @headers="Content-Disposition: form-data; name=\"file\"; filename=\"testFile_OrgsUsers.csv\"\r\nContent-Type: text/csv\r\n">}
  [1m[36mClient Load (0.2ms)[0m  [1m[34mSELECT "clients".* FROM "clients" WHERE "clients"."api_key" = $1 LIMIT $2[0m  [["api_key", "1237"], ["LIMIT", 1]]
  ↳ app/services/authorize/token.rb:10:in `client_auth'
Completed 200 OK in 2ms (Views: 0.2ms | ActiveRecord: 0.2ms | Allocations: 3004)


Started POST "/data-migration/migrate/format/csv" for ::1 at 2024-01-31 17:53:03 +0000
  [1m[36mActiveRecord::SchemaMigration Load (0.4ms)[0m  [1m[34mSELECT "schema_migrations"."version" FROM "schema_migrations" ORDER BY "schema_migrations"."version" ASC[0m
Processing by DataMigrationController#validate_csv as */*
  Parameters: {"file"=>#<ActionDispatch::Http::UploadedFile:0x00007fac1cd7cb28 @tempfile=#<Tempfile:/tmp/RackMultipart20240131-19698-va3tn0.csv>, @content_type="text/csv", @original_filename="testFile_OrgsUsers.csv", @headers="Content-Disposition: form-data; name=\"file\"; filename=\"testFile_OrgsUsers.csv\"\r\nContent-Type: text/csv\r\n">}
  [1m[36mClient Load (0.2ms)[0m  [1m[34mSELECT "clients".* FROM "clients" WHERE "clients"."api_key" = $1 LIMIT $2[0m  [["api_key", "1237"], ["LIMIT", 1]]
  ↳ app/services/authorize/token.rb:10:in `client_auth'
Completed 200 OK in 36ms (Views: 0.3ms | ActiveRecord: 4.8ms | Allocations: 18356)


Started POST "/data-migration/migrate/format/csv" for ::1 at 2024-01-31 17:54:04 +0000
Processing by DataMigrationController#validate_csv as */*
  Parameters: {"file"=>#<ActionDispatch::Http::UploadedFile:0x00007fac1cd49e80 @tempfile=#<Tempfile:/tmp/RackMultipart20240131-19698-yufxhm.csv>, @content_type="text/csv", @original_filename="testFile_users.csv", @headers="Content-Disposition: form-data; name=\"file\"; filename=\"testFile_users.csv\"\r\nContent-Type: text/csv\r\n">}
  [1m[36mClient Load (0.1ms)[0m  [1m[34mSELECT "clients".* FROM "clients" WHERE "clients"."api_key" = $1 LIMIT $2[0m  [["api_key", "1237"], ["LIMIT", 1]]
  ↳ app/services/authorize/token.rb:10:in `client_auth'
Completed 200 OK in 2ms (Views: 0.1ms | ActiveRecord: 0.1ms | Allocations: 1532)


Started POST "/data-migration/migrate/format/csv" for ::1 at 2024-01-31 17:54:13 +0000
Processing by DataMigrationController#validate_csv as */*
  Parameters: {"file"=>#<ActionDispatch::Http::UploadedFile:0x00007fac1cd460a0 @tempfile=#<Tempfile:/tmp/RackMultipart20240131-19698-kmq91n.csv>, @content_type="text/csv", @original_filename="testFile_OrgsUsers.csv", @headers="Content-Disposition: form-data; name=\"file\"; filename=\"testFile_OrgsUsers.csv\"\r\nContent-Type: text/csv\r\n">}
  [1m[36mClient Load (0.2ms)[0m  [1m[34mSELECT "clients".* FROM "clients" WHERE "clients"."api_key" = $1 LIMIT $2[0m  [["api_key", "1237"], ["LIMIT", 1]]
  ↳ app/services/authorize/token.rb:10:in `client_auth'
Completed 200 OK in 2ms (Views: 0.5ms | ActiveRecord: 0.1ms | Allocations: 3002)


Started POST "/data-migration/migrate/format/csv" for ::1 at 2024-01-31 17:54:51 +0000
Processing by DataMigrationController#validate_csv as */*
  Parameters: {"file"=>#<ActionDispatch::Http::UploadedFile:0x00007fac1cd418c0 @tempfile=#<Tempfile:/tmp/RackMultipart20240131-19698-vw4kmm.csv>, @content_type="text/csv", @original_filename="testFile_users.csv", @headers="Content-Disposition: form-data; name=\"file\"; filename=\"testFile_users.csv\"\r\nContent-Type: text/csv\r\n">}
  [1m[36mClient Load (0.2ms)[0m  [1m[34mSELECT "clients".* FROM "clients" WHERE "clients"."api_key" = $1 LIMIT $2[0m  [["api_key", "1237"], ["LIMIT", 1]]
  ↳ app/services/authorize/token.rb:10:in `client_auth'
Completed 200 OK in 2ms (Views: 0.2ms | ActiveRecord: 0.2ms | Allocations: 1519)


Started POST "/data-migration/migrate/format/csv" for ::1 at 2024-01-31 17:55:05 +0000
Processing by DataMigrationController#validate_csv as */*
  Parameters: {"file"=>#<ActionDispatch::Http::UploadedFile:0x00007fac1cd7c3a8 @tempfile=#<Tempfile:/tmp/RackMultipart20240131-19698-v0tn6u.csv>, @content_type="text/csv", @original_filename="testFile_orgs.csv", @headers="Content-Disposition: form-data; name=\"file\"; filename=\"testFile_orgs.csv\"\r\nContent-Type: text/csv\r\n">}
  [1m[36mClient Load (0.1ms)[0m  [1m[34mSELECT "clients".* FROM "clients" WHERE "clients"."api_key" = $1 LIMIT $2[0m  [["api_key", "1237"], ["LIMIT", 1]]
  ↳ app/services/authorize/token.rb:10:in `client_auth'
Completed 200 OK in 2ms (Views: 0.2ms | ActiveRecord: 0.1ms | Allocations: 1631)


Started POST "/data-migration/migrate/format/csv" for ::1 at 2024-01-31 17:55:29 +0000
Processing by DataMigrationController#validate_csv as */*
  Parameters: {"file"=>#<ActionDispatch::Http::UploadedFile:0x00007fac1cd78b18 @tempfile=#<Tempfile:/tmp/RackMultipart20240131-19698-2r8xej.csv>, @content_type="text/csv", @original_filename="testFile_users.csv", @headers="Content-Disposition: form-data; name=\"file\"; filename=\"testFile_users.csv\"\r\nContent-Type: text/csv\r\n">}
  [1m[36mClient Load (0.2ms)[0m  [1m[34mSELECT "clients".* FROM "clients" WHERE "clients"."api_key" = $1 LIMIT $2[0m  [["api_key", "1237"], ["LIMIT", 1]]
  ↳ app/services/authorize/token.rb:10:in `client_auth'
Completed 200 OK in 2ms (Views: 0.4ms | ActiveRecord: 0.2ms | Allocations: 1519)


Started POST "/data-migration/migrate/format/csv" for ::1 at 2024-01-31 17:55:38 +0000
Processing by DataMigrationController#validate_csv as */*
  Parameters: {"file"=>#<ActionDispatch::Http::UploadedFile:0x00007fac1cd74ce8 @tempfile=#<Tempfile:/tmp/RackMultipart20240131-19698-7m3ct7.csv>, @content_type="text/csv", @original_filename="testFile.csv", @headers="Content-Disposition: form-data; name=\"file\"; filename=\"testFile.csv\"\r\nContent-Type: text/csv\r\n">}
  [1m[36mClient Load (0.3ms)[0m  [1m[34mSELECT "clients".* FROM "clients" WHERE "clients"."api_key" = $1 LIMIT $2[0m  [["api_key", "1237"], ["LIMIT", 1]]
  ↳ app/services/authorize/token.rb:10:in `client_auth'
Completed 200 OK in 3ms (Views: 0.2ms | ActiveRecord: 0.3ms | Allocations: 995)


Started POST "/data-migration/migrate/format/csv" for ::1 at 2024-01-31 18:00:02 +0000
Processing by DataMigrationController#validate_csv as */*
  Parameters: {"file"=>#<ActionDispatch::Http::UploadedFile:0x00007fac20b25d80 @tempfile=#<Tempfile:/tmp/RackMultipart20240131-19698-asag17.csv>, @content_type="text/csv", @original_filename="testFile.csv", @headers="Content-Disposition: form-data; name=\"file\"; filename=\"testFile.csv\"\r\nContent-Type: text/csv\r\n">}
  [1m[36mClient Load (0.1ms)[0m  [1m[34mSELECT "clients".* FROM "clients" WHERE "clients"."api_key" = $1 LIMIT $2[0m  [["api_key", "1237"], ["LIMIT", 1]]
  ↳ app/services/authorize/token.rb:10:in `client_auth'
Completed 200 OK in 5ms (Views: 0.1ms | ActiveRecord: 1.7ms | Allocations: 3183)


Started POST "/data-migration/migrate/format/csv" for ::1 at 2024-01-31 18:00:07 +0000
Processing by DataMigrationController#validate_csv as */*
  Parameters: {"file"=>#<ActionDispatch::Http::UploadedFile:0x00007fac1f67cb40 @tempfile=#<Tempfile:/tmp/RackMultipart20240131-19698-qos9me.csv>, @content_type="text/csv", @original_filename="testFile_OrgsUsers.csv", @headers="Content-Disposition: form-data; name=\"file\"; filename=\"testFile_OrgsUsers.csv\"\r\nContent-Type: text/csv\r\n">}
  [1m[36mClient Load (0.2ms)[0m  [1m[34mSELECT "clients".* FROM "clients" WHERE "clients"."api_key" = $1 LIMIT $2[0m  [["api_key", "1237"], ["LIMIT", 1]]
  ↳ app/services/authorize/token.rb:10:in `client_auth'
Completed 200 OK in 2ms (Views: 0.2ms | ActiveRecord: 0.2ms | Allocations: 2991)


Started POST "/data-migration/migrate/format/csv" for ::1 at 2024-01-31 18:00:33 +0000
Processing by DataMigrationController#validate_csv as */*
  Parameters: {"file"=>#<ActionDispatch::Http::UploadedFile:0x00007fac1f676290 @tempfile=#<Tempfile:/tmp/RackMultipart20240131-19698-jjz3i5.csv>, @content_type="text/csv", @original_filename="testFile.csv", @headers="Content-Disposition: form-data; name=\"file\"; filename=\"testFile.csv\"\r\nContent-Type: text/csv\r\n">}
  [1m[36mClient Load (0.2ms)[0m  [1m[34mSELECT "clients".* FROM "clients" WHERE "clients"."api_key" = $1 LIMIT $2[0m  [["api_key", "1237"], ["LIMIT", 1]]
  ↳ app/services/authorize/token.rb:10:in `client_auth'
Completed 200 OK in 2ms (Views: 0.2ms | ActiveRecord: 0.2ms | Allocations: 995)


Started POST "/data-migration/migrate/format/csv" for ::1 at 2024-01-31 18:13:56 +0000
Processing by DataMigrationController#validate_csv as */*
  Parameters: {"file"=>#<ActionDispatch::Http::UploadedFile:0x00007fac1cb529b0 @tempfile=#<Tempfile:/tmp/RackMultipart20240131-19698-uqufts.csv>, @content_type="text/csv", @original_filename="testFile.csv", @headers="Content-Disposition: form-data; name=\"file\"; filename=\"testFile.csv\"\r\nContent-Type: text/csv\r\n">}
  [1m[36mClient Load (0.2ms)[0m  [1m[34mSELECT "clients".* FROM "clients" WHERE "clients"."api_key" = $1 LIMIT $2[0m  [["api_key", "1237"], ["LIMIT", 1]]
  ↳ app/services/authorize/token.rb:10:in `client_auth'
Completed 200 OK in 19ms (Views: 0.2ms | ActiveRecord: 2.7ms | Allocations: 6035)


Started POST "/data-migration/migrate/format/csv" for ::1 at 2024-01-31 18:14:01 +0000
Processing by DataMigrationController#validate_csv as */*
  Parameters: {"file"=>#<ActionDispatch::Http::UploadedFile:0x00007fac1cab8db0 @tempfile=#<Tempfile:/tmp/RackMultipart20240131-19698-oqtabq.csv>, @content_type="text/csv", @original_filename="testFile_orgs.csv", @headers="Content-Disposition: form-data; name=\"file\"; filename=\"testFile_orgs.csv\"\r\nContent-Type: text/csv\r\n">}
  [1m[36mClient Load (0.2ms)[0m  [1m[34mSELECT "clients".* FROM "clients" WHERE "clients"."api_key" = $1 LIMIT $2[0m  [["api_key", "1237"], ["LIMIT", 1]]
  ↳ app/services/authorize/token.rb:10:in `client_auth'
Completed 200 OK in 2ms (Views: 0.2ms | ActiveRecord: 0.2ms | Allocations: 1631)


Started POST "/data-migration/migrate/format/csv" for ::1 at 2024-01-31 18:14:22 +0000
Processing by DataMigrationController#validate_csv as */*
  Parameters: {"file"=>#<ActionDispatch::Http::UploadedFile:0x00007fac1cab57f0 @tempfile=#<Tempfile:/tmp/RackMultipart20240131-19698-q7v33n.csv>, @content_type="text/csv", @original_filename="testFile_users.csv", @headers="Content-Disposition: form-data; name=\"file\"; filename=\"testFile_users.csv\"\r\nContent-Type: text/csv\r\n">}
  [1m[36mClient Load (0.2ms)[0m  [1m[34mSELECT "clients".* FROM "clients" WHERE "clients"."api_key" = $1 LIMIT $2[0m  [["api_key", "1237"], ["LIMIT", 1]]
  ↳ app/services/authorize/token.rb:10:in `client_auth'
Completed 200 OK in 2ms (Views: 0.2ms | ActiveRecord: 0.2ms | Allocations: 1508)


Started POST "/data-migration/migrate/format/csv" for ::1 at 2024-01-31 18:14:36 +0000
Processing by DataMigrationController#validate_csv as */*
  Parameters: {"file"=>#<ActionDispatch::Http::UploadedFile:0x00007fac1cab2690 @tempfile=#<Tempfile:/tmp/RackMultipart20240131-19698-qdvdd9.csv>, @content_type="text/csv", @original_filename="testFile.csv", @headers="Content-Disposition: form-data; name=\"file\"; filename=\"testFile.csv\"\r\nContent-Type: text/csv\r\n">}
  [1m[36mClient Load (0.2ms)[0m  [1m[34mSELECT "clients".* FROM "clients" WHERE "clients"."api_key" = $1 LIMIT $2[0m  [["api_key", "1237"], ["LIMIT", 1]]
  ↳ app/services/authorize/token.rb:10:in `client_auth'
Completed 200 OK in 1ms (Views: 0.1ms | ActiveRecord: 0.2ms | Allocations: 995)


  [1m[35m (0.1ms)[0m  [1m[34mSELECT pg_try_advisory_lock(2642523968964351780)[0m
  [1m[36mActiveRecord::SchemaMigration Load (0.3ms)[0m  [1m[34mSELECT "schema_migrations"."version" FROM "schema_migrations" ORDER BY "schema_migrations"."version" ASC[0m
  [1m[36mActiveRecord::InternalMetadata Load (0.3ms)[0m  [1m[34mSELECT * FROM "ar_internal_metadata" WHERE "ar_internal_metadata"."key" = $1 ORDER BY "ar_internal_metadata"."key" ASC LIMIT 1[0m  [[nil, "environment"]]
  [1m[35m (0.2ms)[0m  [1m[34mSELECT pg_advisory_unlock(2642523968964351780)[0m
  [1m[36mActiveRecord::SchemaMigration Load (0.1ms)[0m  [1m[34mSELECT "schema_migrations"."version" FROM "schema_migrations" ORDER BY "schema_migrations"."version" ASC[0m
Started POST "/data-migration/migrate/format/csv" for ::1 at 2024-01-31 18:51:43 +0000
  [1m[36mActiveRecord::SchemaMigration Load (0.4ms)[0m  [1m[34mSELECT "schema_migrations"."version" FROM "schema_migrations" ORDER BY "schema_migrations"."version" ASC[0m
Processing by DataMigrationController#validate_as_csv as */*
  Parameters: {"file"=>#<ActionDispatch::Http::UploadedFile:0x00007ffabf1ac9a0 @tempfile=#<Tempfile:/tmp/RackMultipart20240131-21162-mw0fcf.csv>, @content_type="text/csv", @original_filename="testFile.csv", @headers="Content-Disposition: form-data; name=\"file\"; filename=\"testFile.csv\"\r\nContent-Type: text/csv\r\n">}
  [1m[36mClient Load (0.2ms)[0m  [1m[34mSELECT "clients".* FROM "clients" WHERE "clients"."api_key" = $1 LIMIT $2[0m  [["api_key", "1237"], ["LIMIT", 1]]
  ↳ app/services/authorize/token.rb:10:in `client_auth'
Completed 500 Internal Server Error in 35ms (ActiveRecord: 4.6ms | Allocations: 16435)


  
TypeError (no implicit conversion of Array into String):
  
app/validators/json_validator.rb:26:in `validate_json_array'
app/validators/json_validator.rb:11:in `validate'
app/controllers/data_migration_controller.rb:132:in `process_json_data'
app/controllers/data_migration_controller.rb:72:in `process_csv_data'
app/controllers/data_migration_controller.rb:15:in `validate_as_csv'
Started POST "/data-migration/migrate/format/csv" for ::1 at 2024-01-31 18:55:23 +0000
  [1m[36mActiveRecord::SchemaMigration Load (0.3ms)[0m  [1m[34mSELECT "schema_migrations"."version" FROM "schema_migrations" ORDER BY "schema_migrations"."version" ASC[0m
Processing by DataMigrationController#validate_as_csv as */*
  Parameters: {"file"=>#<ActionDispatch::Http::UploadedFile:0x00007f2ce671d940 @tempfile=#<Tempfile:/tmp/RackMultipart20240131-21337-o7fqv1.csv>, @content_type="text/csv", @original_filename="testFile.csv", @headers="Content-Disposition: form-data; name=\"file\"; filename=\"testFile.csv\"\r\nContent-Type: text/csv\r\n">}
  [1m[36mClient Load (0.1ms)[0m  [1m[34mSELECT "clients".* FROM "clients" WHERE "clients"."api_key" = $1 LIMIT $2[0m  [["api_key", "1237"], ["LIMIT", 1]]
  ↳ app/services/authorize/token.rb:10:in `client_auth'
Completed 422 Unprocessable Entity in 25ms (Views: 0.2ms | ActiveRecord: 4.1ms | Allocations: 16545)


Started POST "/data-migration/migrate/format/csv" for ::1 at 2024-01-31 18:56:28 +0000
  [1m[36mActiveRecord::SchemaMigration Load (0.3ms)[0m  [1m[34mSELECT "schema_migrations"."version" FROM "schema_migrations" ORDER BY "schema_migrations"."version" ASC[0m
Processing by DataMigrationController#validate_as_csv as */*
  Parameters: {"file"=>#<ActionDispatch::Http::UploadedFile:0x00007efc0001b8c0 @tempfile=#<Tempfile:/tmp/RackMultipart20240131-21452-sc802x.csv>, @content_type="text/csv", @original_filename="testFile.csv", @headers="Content-Disposition: form-data; name=\"file\"; filename=\"testFile.csv\"\r\nContent-Type: text/csv\r\n">}
  [1m[36mClient Load (0.2ms)[0m  [1m[34mSELECT "clients".* FROM "clients" WHERE "clients"."api_key" = $1 LIMIT $2[0m  [["api_key", "1237"], ["LIMIT", 1]]
  ↳ app/services/authorize/token.rb:10:in `client_auth'
Completed 422 Unprocessable Entity in 27ms (Views: 0.2ms | ActiveRecord: 4.9ms | Allocations: 16405)


Started POST "/data-migration/migrate/format/csv" for ::1 at 2024-01-31 19:03:14 +0000
  [1m[36mActiveRecord::SchemaMigration Load (0.3ms)[0m  [1m[34mSELECT "schema_migrations"."version" FROM "schema_migrations" ORDER BY "schema_migrations"."version" ASC[0m
Processing by DataMigrationController#validate_as_csv as */*
  Parameters: {"file"=>#<ActionDispatch::Http::UploadedFile:0x00007fcce406af50 @tempfile=#<Tempfile:/tmp/RackMultipart20240131-21606-m03aei.csv>, @content_type="text/csv", @original_filename="testFile.csv", @headers="Content-Disposition: form-data; name=\"file\"; filename=\"testFile.csv\"\r\nContent-Type: text/csv\r\n">}
  [1m[36mClient Load (0.2ms)[0m  [1m[34mSELECT "clients".* FROM "clients" WHERE "clients"."api_key" = $1 LIMIT $2[0m  [["api_key", "1237"], ["LIMIT", 1]]
  ↳ app/services/authorize/token.rb:10:in `client_auth'
Completed 200 OK in 27ms (Views: 0.2ms | ActiveRecord: 6.0ms | Allocations: 16489)


Started POST "/data-migration/migrate/format/csv" for ::1 at 2024-01-31 19:07:17 +0000
Processing by DataMigrationController#validate_as_csv as */*
  Parameters: {"file"=>#<ActionDispatch::Http::UploadedFile:0x00007fccdf466b40 @tempfile=#<Tempfile:/tmp/RackMultipart20240131-21606-lzs7os.csv>, @content_type="text/csv", @original_filename="testFile.csv", @headers="Content-Disposition: form-data; name=\"file\"; filename=\"testFile.csv\"\r\nContent-Type: text/csv\r\n">}
  [1m[36mClient Load (0.2ms)[0m  [1m[34mSELECT "clients".* FROM "clients" WHERE "clients"."api_key" = $1 LIMIT $2[0m  [["api_key", "1237"], ["LIMIT", 1]]
  ↳ app/services/authorize/token.rb:10:in `client_auth'
Completed 200 OK in 5ms (Views: 0.1ms | ActiveRecord: 1.8ms | Allocations: 3325)


Started POST "/data-migration/migrate/format/csv" for ::1 at 2024-01-31 19:07:35 +0000
Processing by DataMigrationController#validate_as_csv as */*
  Parameters: {"file"=>#<ActionDispatch::Http::UploadedFile:0x00007fccdf3d2120 @tempfile=#<Tempfile:/tmp/RackMultipart20240131-21606-3u09vu.csv>, @content_type="text/csv", @original_filename="testFile.csv", @headers="Content-Disposition: form-data; name=\"file\"; filename=\"testFile.csv\"\r\nContent-Type: text/csv\r\n">}
  [1m[36mClient Load (0.2ms)[0m  [1m[34mSELECT "clients".* FROM "clients" WHERE "clients"."api_key" = $1 LIMIT $2[0m  [["api_key", "1237"], ["LIMIT", 1]]
  ↳ app/services/authorize/token.rb:10:in `client_auth'
Completed 200 OK in 30ms (Views: 0.3ms | ActiveRecord: 2.0ms | Allocations: 3321)


Started POST "/data-migration/migrate/format/csv" for ::1 at 2024-01-31 19:09:57 +0000
  [1m[36mActiveRecord::SchemaMigration Load (0.4ms)[0m  [1m[34mSELECT "schema_migrations"."version" FROM "schema_migrations" ORDER BY "schema_migrations"."version" ASC[0m
Processing by DataMigrationController#validate_as_csv as */*
  Parameters: {"file"=>#<ActionDispatch::Http::UploadedFile:0x00007f8c1ddebc40 @tempfile=#<Tempfile:/tmp/RackMultipart20240131-21990-z6i2zd.csv>, @content_type="text/csv", @original_filename="testFile.csv", @headers="Content-Disposition: form-data; name=\"file\"; filename=\"testFile.csv\"\r\nContent-Type: text/csv\r\n">}
  [1m[36mClient Load (0.2ms)[0m  [1m[34mSELECT "clients".* FROM "clients" WHERE "clients"."api_key" = $1 LIMIT $2[0m  [["api_key", "1237"], ["LIMIT", 1]]
  ↳ app/services/authorize/token.rb:10:in `client_auth'
Completed 200 OK in 29ms (Views: 0.2ms | ActiveRecord: 5.0ms | Allocations: 16411)


Started POST "/data-migration/migrate/format/csv" for ::1 at 2024-01-31 19:19:54 +0000
Processing by DataMigrationController#validate_as_csv as */*
  Parameters: {"file"=>#<ActionDispatch::Http::UploadedFile:0x00007f8c1dcfaca0 @tempfile=#<Tempfile:/tmp/RackMultipart20240131-21990-jft1pe.csv>, @content_type="text/csv", @original_filename="testFile_OrgsUsers.csv", @headers="Content-Disposition: form-data; name=\"file\"; filename=\"testFile_OrgsUsers.csv\"\r\nContent-Type: text/csv\r\n">}
  [1m[36mClient Load (0.2ms)[0m  [1m[34mSELECT "clients".* FROM "clients" WHERE "clients"."api_key" = $1 LIMIT $2[0m  [["api_key", "1237"], ["LIMIT", 1]]
  ↳ app/services/authorize/token.rb:10:in `client_auth'
Completed 200 OK in 15ms (Views: 0.2ms | ActiveRecord: 2.7ms | Allocations: 5381)


Started POST "/data-migration/migrate/format/csv" for ::1 at 2024-01-31 19:23:58 +0000
  [1m[36mActiveRecord::SchemaMigration Load (0.3ms)[0m  [1m[34mSELECT "schema_migrations"."version" FROM "schema_migrations" ORDER BY "schema_migrations"."version" ASC[0m
Processing by DataMigrationController#validate_as_csv as */*
  Parameters: {"file"=>#<ActionDispatch::Http::UploadedFile:0x00007fbc4138c7c8 @tempfile=#<Tempfile:/tmp/RackMultipart20240131-22290-ccdrab.csv>, @content_type="text/csv", @original_filename="testFile_OrgsUsers.csv", @headers="Content-Disposition: form-data; name=\"file\"; filename=\"testFile_OrgsUsers.csv\"\r\nContent-Type: text/csv\r\n">}
  [1m[36mClient Load (0.2ms)[0m  [1m[34mSELECT "clients".* FROM "clients" WHERE "clients"."api_key" = $1 LIMIT $2[0m  [["api_key", "1237"], ["LIMIT", 1]]
  ↳ app/services/authorize/token.rb:10:in `client_auth'
Completed 200 OK in 37ms (Views: 0.3ms | ActiveRecord: 5.3ms | Allocations: 18391)


Started POST "/data-migration/migrate/format/csv" for ::1 at 2024-01-31 19:28:16 +0000
  [1m[36mActiveRecord::SchemaMigration Load (0.3ms)[0m  [1m[34mSELECT "schema_migrations"."version" FROM "schema_migrations" ORDER BY "schema_migrations"."version" ASC[0m
Processing by DataMigrationController#validate_as_csv as */*
  Parameters: {"file"=>#<ActionDispatch::Http::UploadedFile:0x00007f5afe14c818 @tempfile=#<Tempfile:/tmp/RackMultipart20240131-22475-lw8k5b.csv>, @content_type="text/csv", @original_filename="testFile_OrgsUsers.csv", @headers="Content-Disposition: form-data; name=\"file\"; filename=\"testFile_OrgsUsers.csv\"\r\nContent-Type: text/csv\r\n">}
  [1m[36mClient Load (0.1ms)[0m  [1m[34mSELECT "clients".* FROM "clients" WHERE "clients"."api_key" = $1 LIMIT $2[0m  [["api_key", "1237"], ["LIMIT", 1]]
  ↳ app/services/authorize/token.rb:10:in `client_auth'
Completed 200 OK in 35ms (Views: 0.3ms | ActiveRecord: 4.8ms | Allocations: 18380)


Started POST "/data-migration/migrate/format/csv" for ::1 at 2024-01-31 19:28:39 +0000
Processing by DataMigrationController#validate_as_csv as */*
  Parameters: {"file"=>#<ActionDispatch::Http::UploadedFile:0x00007f5afe128bc0 @tempfile=#<Tempfile:/tmp/RackMultipart20240131-22475-oehw76.csv>, @content_type="text/csv", @original_filename="testFile_users.csv", @headers="Content-Disposition: form-data; name=\"file\"; filename=\"testFile_users.csv\"\r\nContent-Type: text/csv\r\n">}
  [1m[36mClient Load (0.2ms)[0m  [1m[34mSELECT "clients".* FROM "clients" WHERE "clients"."api_key" = $1 LIMIT $2[0m  [["api_key", "1237"], ["LIMIT", 1]]
  ↳ app/services/authorize/token.rb:10:in `client_auth'
Completed 200 OK in 2ms (Views: 0.1ms | ActiveRecord: 0.2ms | Allocations: 1519)


Started POST "/data-migration/migrate/format/csv" for ::1 at 2024-01-31 19:28:59 +0000
Processing by DataMigrationController#validate_as_csv as */*
  Parameters: {"file"=>#<ActionDispatch::Http::UploadedFile:0x00007f5afe125470 @tempfile=#<Tempfile:/tmp/RackMultipart20240131-22475-e3d1gf.csv>, @content_type="text/csv", @original_filename="testFile_orgs.csv", @headers="Content-Disposition: form-data; name=\"file\"; filename=\"testFile_orgs.csv\"\r\nContent-Type: text/csv\r\n">}
  [1m[36mClient Load (0.2ms)[0m  [1m[34mSELECT "clients".* FROM "clients" WHERE "clients"."api_key" = $1 LIMIT $2[0m  [["api_key", "1237"], ["LIMIT", 1]]
  ↳ app/services/authorize/token.rb:10:in `client_auth'
Completed 200 OK in 2ms (Views: 0.3ms | ActiveRecord: 0.2ms | Allocations: 1624)


Started POST "/data-migration/migrate/format/csv" for ::1 at 2024-01-31 19:29:07 +0000
Processing by DataMigrationController#validate_as_csv as */*
  Parameters: {"file"=>#<ActionDispatch::Http::UploadedFile:0x00007f5afe122270 @tempfile=#<Tempfile:/tmp/RackMultipart20240131-22475-9kc82o.csv>, @content_type="text/csv", @original_filename="testFile.csv", @headers="Content-Disposition: form-data; name=\"file\"; filename=\"testFile.csv\"\r\nContent-Type: text/csv\r\n">}
  [1m[36mClient Load (0.2ms)[0m  [1m[34mSELECT "clients".* FROM "clients" WHERE "clients"."api_key" = $1 LIMIT $2[0m  [["api_key", "1237"], ["LIMIT", 1]]
  ↳ app/services/authorize/token.rb:10:in `client_auth'
Completed 200 OK in 2ms (Views: 0.1ms | ActiveRecord: 0.2ms | Allocations: 990)


Started POST "/data-migration/migrate/format/csv" for ::1 at 2024-01-31 19:41:01 +0000
  [1m[36mActiveRecord::SchemaMigration Load (0.3ms)[0m  [1m[34mSELECT "schema_migrations"."version" FROM "schema_migrations" ORDER BY "schema_migrations"."version" ASC[0m
Processing by DataMigrationController#validate_as_csv as */*
  Parameters: {"file"=>#<ActionDispatch::Http::UploadedFile:0x00007f7bbd76ce98 @tempfile=#<Tempfile:/tmp/RackMultipart20240131-22905-fn0k2a.csv>, @content_type="text/csv", @original_filename="testFile.csv", @headers="Content-Disposition: form-data; name=\"file\"; filename=\"testFile.csv\"\r\nContent-Type: text/csv\r\n">}
  [1m[36mClient Load (0.1ms)[0m  [1m[34mSELECT "clients".* FROM "clients" WHERE "clients"."api_key" = $1 LIMIT $2[0m  [["api_key", "1237"], ["LIMIT", 1]]
  ↳ app/services/authorize/token.rb:10:in `client_auth'
Completed 200 OK in 34ms (Views: 0.2ms | ActiveRecord: 4.4ms | Allocations: 16415)


Started POST "/data-migration/migrate/format/csv" for ::1 at 2024-01-31 19:41:05 +0000
Processing by DataMigrationController#validate_as_csv as */*
  Parameters: {"file"=>#<ActionDispatch::Http::UploadedFile:0x00007f7bbd74cfd0 @tempfile=#<Tempfile:/tmp/RackMultipart20240131-22905-hxd2vx.csv>, @content_type="text/csv", @original_filename="testFile_orgs.csv", @headers="Content-Disposition: form-data; name=\"file\"; filename=\"testFile_orgs.csv\"\r\nContent-Type: text/csv\r\n">}
  [1m[36mClient Load (0.2ms)[0m  [1m[34mSELECT "clients".* FROM "clients" WHERE "clients"."api_key" = $1 LIMIT $2[0m  [["api_key", "1237"], ["LIMIT", 1]]
  ↳ app/services/authorize/token.rb:10:in `client_auth'
Completed 200 OK in 2ms (Views: 0.2ms | ActiveRecord: 0.2ms | Allocations: 1641)


Started POST "/data-migration/migrate/format/csv" for ::1 at 2024-01-31 19:41:18 +0000
Processing by DataMigrationController#validate_as_csv as */*
  Parameters: {"file"=>#<ActionDispatch::Http::UploadedFile:0x00007f7bbd747850 @tempfile=#<Tempfile:/tmp/RackMultipart20240131-22905-kvn1is.csv>, @content_type="text/csv", @original_filename="testFile_users.csv", @headers="Content-Disposition: form-data; name=\"file\"; filename=\"testFile_users.csv\"\r\nContent-Type: text/csv\r\n">}
  [1m[36mClient Load (0.2ms)[0m  [1m[34mSELECT "clients".* FROM "clients" WHERE "clients"."api_key" = $1 LIMIT $2[0m  [["api_key", "1237"], ["LIMIT", 1]]
  ↳ app/services/authorize/token.rb:10:in `client_auth'
Completed 200 OK in 2ms (Views: 0.2ms | ActiveRecord: 0.2ms | Allocations: 1508)


Started POST "/data-migration/migrate/format/csv" for ::1 at 2024-01-31 19:41:29 +0000
Processing by DataMigrationController#validate_as_csv as */*
  Parameters: {"file"=>#<ActionDispatch::Http::UploadedFile:0x00007f7bbd744420 @tempfile=#<Tempfile:/tmp/RackMultipart20240131-22905-1untva.csv>, @content_type="text/csv", @original_filename="testFile_OrgsUsers.csv", @headers="Content-Disposition: form-data; name=\"file\"; filename=\"testFile_OrgsUsers.csv\"\r\nContent-Type: text/csv\r\n">}
  [1m[36mClient Load (0.2ms)[0m  [1m[34mSELECT "clients".* FROM "clients" WHERE "clients"."api_key" = $1 LIMIT $2[0m  [["api_key", "1237"], ["LIMIT", 1]]
  ↳ app/services/authorize/token.rb:10:in `client_auth'
Completed 200 OK in 2ms (Views: 0.2ms | ActiveRecord: 0.2ms | Allocations: 2960)


Started POST "/data-migration/migrate/format/csv" for ::1 at 2024-01-31 19:41:40 +0000
Processing by DataMigrationController#validate_as_csv as */*
  Parameters: {"file"=>#<ActionDispatch::Http::UploadedFile:0x00007f7bbd76ff58 @tempfile=#<Tempfile:/tmp/RackMultipart20240131-22905-n13ip6.csv>, @content_type="text/csv", @original_filename="testFile.csv", @headers="Content-Disposition: form-data; name=\"file\"; filename=\"testFile.csv\"\r\nContent-Type: text/csv\r\n">}
  [1m[36mClient Load (0.2ms)[0m  [1m[34mSELECT "clients".* FROM "clients" WHERE "clients"."api_key" = $1 LIMIT $2[0m  [["api_key", "1237"], ["LIMIT", 1]]
  ↳ app/services/authorize/token.rb:10:in `client_auth'
Completed 200 OK in 2ms (Views: 0.1ms | ActiveRecord: 0.2ms | Allocations: 1002)


Started POST "/data-migration/migrate/format/csv" for ::1 at 2024-02-01 12:50:15 +0000
  [1m[36mActiveRecord::SchemaMigration Load (0.8ms)[0m  [1m[34mSELECT "schema_migrations"."version" FROM "schema_migrations" ORDER BY "schema_migrations"."version" ASC[0m
Processing by DataMigrationController#validate_as_csv as */*
  Parameters: {"file"=>#<ActionDispatch::Http::UploadedFile:0x00007f4c46d84b10 @tempfile=#<Tempfile:/tmp/RackMultipart20240201-13012-80u9qx.csv>, @content_type="text/csv", @original_filename="testFile.csv", @headers="Content-Disposition: form-data; name=\"file\"; filename=\"testFile.csv\"\r\nContent-Type: text/csv\r\n">}
  [1m[36mClient Load (96.1ms)[0m  [1m[34mSELECT "clients".* FROM "clients" WHERE "clients"."api_key" = $1 LIMIT $2[0m  [["api_key", "1237"], ["LIMIT", 1]]
  ↳ app/services/authorize/token.rb:10:in `client_auth'
Completed 500 Internal Server Error in 166ms (ActiveRecord: 142.6ms | Allocations: 16262)


  
NameError (uninitialized constant DataMigrationController::Dm):
  
app/controllers/data_migration_controller.rb:131:in `process_json_data'
app/controllers/data_migration_controller.rb:72:in `process_csv_data'
app/controllers/data_migration_controller.rb:15:in `validate_as_csv'
Started POST "/data-migration/migrate/format/csv" for ::1 at 2024-02-01 12:52:06 +0000
  [1m[36mActiveRecord::SchemaMigration Load (0.3ms)[0m  [1m[34mSELECT "schema_migrations"."version" FROM "schema_migrations" ORDER BY "schema_migrations"."version" ASC[0m
Processing by DataMigrationController#validate_as_csv as */*
  Parameters: {"file"=>#<ActionDispatch::Http::UploadedFile:0x00007f2aab1abaf8 @tempfile=#<Tempfile:/tmp/RackMultipart20240201-13414-iqmvid.csv>, @content_type="text/csv", @original_filename="testFile.csv", @headers="Content-Disposition: form-data; name=\"file\"; filename=\"testFile.csv\"\r\nContent-Type: text/csv\r\n">}
  [1m[36mClient Load (0.3ms)[0m  [1m[34mSELECT "clients".* FROM "clients" WHERE "clients"."api_key" = $1 LIMIT $2[0m  [["api_key", "1237"], ["LIMIT", 1]]
  ↳ app/services/authorize/token.rb:10:in `client_auth'
Completed 500 Internal Server Error in 36ms (ActiveRecord: 5.4ms | Allocations: 16240)


  
NameError (uninitialized constant DataMigrationController::DataMigration):
  
app/controllers/data_migration_controller.rb:131:in `process_json_data'
app/controllers/data_migration_controller.rb:72:in `process_csv_data'
app/controllers/data_migration_controller.rb:15:in `validate_as_csv'
Started POST "/data-migration/migrate/format/csv" for ::1 at 2024-02-01 12:59:54 +0000
  [1m[36mActiveRecord::SchemaMigration Load (0.3ms)[0m  [1m[34mSELECT "schema_migrations"."version" FROM "schema_migrations" ORDER BY "schema_migrations"."version" ASC[0m
Processing by DataMigrationController#validate_as_csv as */*
  Parameters: {"file"=>#<ActionDispatch::Http::UploadedFile:0x00007f951c03ba98 @tempfile=#<Tempfile:/tmp/RackMultipart20240201-13721-pc0zjy.csv>, @content_type="text/csv", @original_filename="testFile.csv", @headers="Content-Disposition: form-data; name=\"file\"; filename=\"testFile.csv\"\r\nContent-Type: text/csv\r\n">}
  [1m[36mClient Load (0.2ms)[0m  [1m[34mSELECT "clients".* FROM "clients" WHERE "clients"."api_key" = $1 LIMIT $2[0m  [["api_key", "1237"], ["LIMIT", 1]]
  ↳ app/services/authorize/token.rb:10:in `client_auth'
Completed 500 Internal Server Error in 35ms (ActiveRecord: 5.2ms | Allocations: 16240)


  
NameError (uninitialized constant DataMigrationController::DataMigration):
  
app/controllers/data_migration_controller.rb:131:in `process_json_data'
app/controllers/data_migration_controller.rb:72:in `process_csv_data'
app/controllers/data_migration_controller.rb:15:in `validate_as_csv'
Started POST "/data-migration/migrate/format/csv" for ::1 at 2024-02-01 13:02:41 +0000
  [1m[36mActiveRecord::SchemaMigration Load (0.4ms)[0m  [1m[34mSELECT "schema_migrations"."version" FROM "schema_migrations" ORDER BY "schema_migrations"."version" ASC[0m
Processing by DataMigrationController#validate_as_csv as */*
  Parameters: {"file"=>#<ActionDispatch::Http::UploadedFile:0x00007f523879c2c8 @tempfile=#<Tempfile:/tmp/RackMultipart20240201-13881-nr0cnj.csv>, @content_type="text/csv", @original_filename="testFile.csv", @headers="Content-Disposition: form-data; name=\"file\"; filename=\"testFile.csv\"\r\nContent-Type: text/csv\r\n">}
  [1m[36mClient Load (0.2ms)[0m  [1m[34mSELECT "clients".* FROM "clients" WHERE "clients"."api_key" = $1 LIMIT $2[0m  [["api_key", "1237"], ["LIMIT", 1]]
  ↳ app/services/authorize/token.rb:10:in `client_auth'
  [1m[36mTRANSACTION (0.2ms)[0m  [1m[35mBEGIN[0m
  ↳ app/validators/data_migration.rb:13:in `initialize'
  [1m[36mOrganisation Exists? (0.6ms)[0m  [1m[34mSELECT 1 AS one FROM "organisations" WHERE LOWER("organisations"."identifier_id") = LOWER($1) LIMIT $2[0m  [["identifier_id", "111111111"], ["LIMIT", 1]]
  ↳ app/validators/data_migration.rb:13:in `initialize'
  [1m[36mOrganisation Create (100.7ms)[0m  [1m[32mINSERT INTO "organisations" ("identifier_id", "org_roles", "right_to_buy", "scheme_id", "status", "status_description", "domain_name") VALUES ($1, $2, $3, $4, $5, $6, $7) RETURNING "org_id"[0m  [["identifier_id", "111111111"], ["org_roles", "RMI Tile,RMI User"], ["right_to_buy", true], ["scheme_id", "SF-URN"], ["status", 200], ["status_description", "Success."], ["domain_name", "domain.co.uk"]]
  ↳ app/validators/data_migration.rb:13:in `initialize'
  [1m[36mTRANSACTION (59.6ms)[0m  [1m[35mCOMMIT[0m
  ↳ app/validators/data_migration.rb:13:in `initialize'
Completed 500 Internal Server Error in 250ms (ActiveRecord: 220.3ms | Allocations: 27102)


  
NoMethodError (undefined method `render' for #<DataMigration:0x00007f523867d590>):
  
app/validators/data_migration.rb:14:in `initialize'
app/controllers/data_migration_controller.rb:131:in `new'
app/controllers/data_migration_controller.rb:131:in `process_json_data'
app/controllers/data_migration_controller.rb:72:in `process_csv_data'
app/controllers/data_migration_controller.rb:15:in `validate_as_csv'
Started POST "/data-migration/migrate/format/csv" for ::1 at 2024-02-01 13:05:24 +0000
  [1m[36mActiveRecord::SchemaMigration Load (0.3ms)[0m  [1m[34mSELECT "schema_migrations"."version" FROM "schema_migrations" ORDER BY "schema_migrations"."version" ASC[0m
Processing by DataMigrationController#validate_as_csv as */*
  Parameters: {"file"=>#<ActionDispatch::Http::UploadedFile:0x00007f5f4c1fcd10 @tempfile=#<Tempfile:/tmp/RackMultipart20240201-14088-3hb.csv>, @content_type="text/csv", @original_filename="testFile.csv", @headers="Content-Disposition: form-data; name=\"file\"; filename=\"testFile.csv\"\r\nContent-Type: text/csv\r\n">}
  [1m[36mClient Load (0.2ms)[0m  [1m[34mSELECT "clients".* FROM "clients" WHERE "clients"."api_key" = $1 LIMIT $2[0m  [["api_key", "1237"], ["LIMIT", 1]]
  ↳ app/services/authorize/token.rb:10:in `client_auth'
Completed 500 Internal Server Error in 35ms (ActiveRecord: 4.8ms | Allocations: 16240)


  
NameError (uninitialized constant DataMigrationController::DataMigration):
  
app/controllers/data_migration_controller.rb:131:in `process_json_data'
app/controllers/data_migration_controller.rb:72:in `process_csv_data'
app/controllers/data_migration_controller.rb:15:in `validate_as_csv'
Started POST "/data-migration/migrate/format/csv" for ::1 at 2024-02-01 13:06:31 +0000
  [1m[36mActiveRecord::SchemaMigration Load (0.3ms)[0m  [1m[34mSELECT "schema_migrations"."version" FROM "schema_migrations" ORDER BY "schema_migrations"."version" ASC[0m
Processing by DataMigrationController#validate_as_csv as */*
  Parameters: {"file"=>#<ActionDispatch::Http::UploadedFile:0x00007faef047ed38 @tempfile=#<Tempfile:/tmp/RackMultipart20240201-14220-6mgbc8.csv>, @content_type="text/csv", @original_filename="testFile.csv", @headers="Content-Disposition: form-data; name=\"file\"; filename=\"testFile.csv\"\r\nContent-Type: text/csv\r\n">}
  [1m[36mClient Load (0.2ms)[0m  [1m[34mSELECT "clients".* FROM "clients" WHERE "clients"."api_key" = $1 LIMIT $2[0m  [["api_key", "1237"], ["LIMIT", 1]]
  ↳ app/services/authorize/token.rb:10:in `client_auth'
Completed 500 Internal Server Error in 28ms (ActiveRecord: 5.0ms | Allocations: 15894)


  
NameError (uninitialized constant DataMigrationController::CsvValidator):
  
app/controllers/data_migration_controller.rb:38:in `process_csv_data'
app/controllers/data_migration_controller.rb:15:in `validate_as_csv'
Started POST "/data-migration/migrate/format/csv" for ::1 at 2024-02-01 13:07:53 +0000
  [1m[36mActiveRecord::SchemaMigration Load (0.4ms)[0m  [1m[34mSELECT "schema_migrations"."version" FROM "schema_migrations" ORDER BY "schema_migrations"."version" ASC[0m
Processing by DataMigrationController#validate_as_csv as */*
  Parameters: {"file"=>#<ActionDispatch::Http::UploadedFile:0x00007fd848c21dc0 @tempfile=#<Tempfile:/tmp/RackMultipart20240201-14321-pkoddm.csv>, @content_type="text/csv", @original_filename="testFile.csv", @headers="Content-Disposition: form-data; name=\"file\"; filename=\"testFile.csv\"\r\nContent-Type: text/csv\r\n">}
  [1m[36mClient Load (0.1ms)[0m  [1m[34mSELECT "clients".* FROM "clients" WHERE "clients"."api_key" = $1 LIMIT $2[0m  [["api_key", "1237"], ["LIMIT", 1]]
  ↳ app/services/authorize/token.rb:10:in `client_auth'
Completed 500 Internal Server Error in 29ms (ActiveRecord: 5.6ms | Allocations: 16254)


  
Zeitwerk::NameError (expected file /home/tom/Desktop/csv/app/services/validate/csv_validator.rb to define constant Validate::CsvValidator, but didn't):
  
app/controllers/data_migration_controller.rb:38:in `process_csv_data'
app/controllers/data_migration_controller.rb:15:in `validate_as_csv'
Started POST "/data-migration/migrate/format/csv" for ::1 at 2024-02-01 13:14:23 +0000
  [1m[36mActiveRecord::SchemaMigration Load (0.3ms)[0m  [1m[34mSELECT "schema_migrations"."version" FROM "schema_migrations" ORDER BY "schema_migrations"."version" ASC[0m
Processing by DataMigrationController#validate_as_csv as */*
  Parameters: {"file"=>#<ActionDispatch::Http::UploadedFile:0x00007ff5741bd200 @tempfile=#<Tempfile:/tmp/RackMultipart20240201-14587-et3rj6.csv>, @content_type="text/csv", @original_filename="testFile.csv", @headers="Content-Disposition: form-data; name=\"file\"; filename=\"testFile.csv\"\r\nContent-Type: text/csv\r\n">}
  [1m[36mClient Load (0.3ms)[0m  [1m[34mSELECT "clients".* FROM "clients" WHERE "clients"."api_key" = $1 LIMIT $2[0m  [["api_key", "1237"], ["LIMIT", 1]]
  ↳ app/services/authorize/token.rb:10:in `client_auth'
  [1m[36mTRANSACTION (0.1ms)[0m  [1m[35mBEGIN[0m
  ↳ app/services/migrate/data_migration.rb:14:in `initialize'
  [1m[36mOrganisation Exists? (0.3ms)[0m  [1m[34mSELECT 1 AS one FROM "organisations" WHERE LOWER("organisations"."identifier_id") = LOWER($1) LIMIT $2[0m  [["identifier_id", "111111111"], ["LIMIT", 1]]
  ↳ app/services/migrate/data_migration.rb:14:in `initialize'
  [1m[36mTRANSACTION (0.1ms)[0m  [1m[31mROLLBACK[0m
  ↳ app/services/migrate/data_migration.rb:14:in `initialize'
Completed 500 Internal Server Error in 48ms (ActiveRecord: 8.2ms | Allocations: 27003)


  
NoMethodError (undefined method `render' for #<Migrate::DataMigration:0x00007ff575f66d88>):
  
app/services/migrate/data_migration.rb:25:in `initialize'
app/controllers/data_migration_controller.rb:131:in `new'
app/controllers/data_migration_controller.rb:131:in `process_json_data'
app/controllers/data_migration_controller.rb:72:in `process_csv_data'
app/controllers/data_migration_controller.rb:15:in `validate_as_csv'
Started POST "/data-migration/migrate/format/csv" for ::1 at 2024-02-01 13:15:21 +0000
Processing by DataMigrationController#validate_as_csv as */*
  Parameters: {"file"=>#<ActionDispatch::Http::UploadedFile:0x00007ff574183528 @tempfile=#<Tempfile:/tmp/RackMultipart20240201-14587-rym8bz.csv>, @content_type="text/csv", @original_filename="testFile.csv", @headers="Content-Disposition: form-data; name=\"file\"; filename=\"testFile.csv\"\r\nContent-Type: text/csv\r\n">}
  [1m[36mClient Load (0.1ms)[0m  [1m[34mSELECT "clients".* FROM "clients" WHERE "clients"."api_key" = $1 LIMIT $2[0m  [["api_key", "1237"], ["LIMIT", 1]]
  ↳ app/services/authorize/token.rb:10:in `client_auth'
  [1m[36mTRANSACTION (0.1ms)[0m  [1m[35mBEGIN[0m
  ↳ app/services/migrate/data_migration.rb:14:in `initialize'
  [1m[36mOrganisation Exists? (1.2ms)[0m  [1m[34mSELECT 1 AS one FROM "organisations" WHERE LOWER("organisations"."identifier_id") = LOWER($1) LIMIT $2[0m  [["identifier_id", "111111111"], ["LIMIT", 1]]
  ↳ app/services/migrate/data_migration.rb:14:in `initialize'
  [1m[36mTRANSACTION (0.1ms)[0m  [1m[31mROLLBACK[0m
  ↳ app/services/migrate/data_migration.rb:14:in `initialize'
Completed 500 Internal Server Error in 13ms (ActiveRecord: 0.0ms | Allocations: 8846)


  
Module::DelegationError (ActionController::Metal#status= delegated to @_response.status=, but @_response is nil: #<Migrate::DataMigration:0x000000000088e0>):
  
app/services/migrate/data_migration.rb:25:in `initialize'
app/controllers/data_migration_controller.rb:131:in `new'
app/controllers/data_migration_controller.rb:131:in `process_json_data'
app/controllers/data_migration_controller.rb:72:in `process_csv_data'
app/controllers/data_migration_controller.rb:15:in `validate_as_csv'
Started POST "/data-migration/migrate/format/csv" for ::1 at 2024-02-01 13:20:44 +0000
Processing by DataMigrationController#validate_as_csv as */*
  Parameters: {"file"=>#<ActionDispatch::Http::UploadedFile:0x00007ff576ffd070 @tempfile=#<Tempfile:/tmp/RackMultipart20240201-14587-31w244.csv>, @content_type="text/csv", @original_filename="testFile_OrgsUsers.csv", @headers="Content-Disposition: form-data; name=\"file\"; filename=\"testFile_OrgsUsers.csv\"\r\nContent-Type: text/csv\r\n">}
  [1m[36mClient Load (0.2ms)[0m  [1m[34mSELECT "clients".* FROM "clients" WHERE "clients"."api_key" = $1 LIMIT $2[0m  [["api_key", "1237"], ["LIMIT", 1]]
  ↳ app/services/authorize/token.rb:10:in `client_auth'
Completed 200 OK in 17ms (Views: 0.3ms | ActiveRecord: 2.6ms | Allocations: 7857)


Started POST "/data-migration/migrate/format/csv" for ::1 at 2024-02-01 13:21:05 +0000
Processing by DataMigrationController#validate_as_csv as */*
  Parameters: {"file"=>#<ActionDispatch::Http::UploadedFile:0x00007ff575a8e6f8 @tempfile=#<Tempfile:/tmp/RackMultipart20240201-14587-c70znz.csv>, @content_type="text/csv", @original_filename="testFile.csv", @headers="Content-Disposition: form-data; name=\"file\"; filename=\"testFile.csv\"\r\nContent-Type: text/csv\r\n">}
  [1m[36mClient Load (0.2ms)[0m  [1m[34mSELECT "clients".* FROM "clients" WHERE "clients"."api_key" = $1 LIMIT $2[0m  [["api_key", "1237"], ["LIMIT", 1]]
  ↳ app/services/authorize/token.rb:10:in `client_auth'
Completed 200 OK in 2ms (Views: 0.1ms | ActiveRecord: 0.2ms | Allocations: 984)


Started POST "/data-migration/migrate/format/csv" for ::1 at 2024-02-01 13:54:21 +0000
  [1m[36mActiveRecord::SchemaMigration Load (0.4ms)[0m  [1m[34mSELECT "schema_migrations"."version" FROM "schema_migrations" ORDER BY "schema_migrations"."version" ASC[0m
Processing by DataMigrationController#validate_as_csv as */*
  Parameters: {"file"=>#<ActionDispatch::Http::UploadedFile:0x00007f28d504b820 @tempfile=#<Tempfile:/tmp/RackMultipart20240201-15845-9y2mih.csv>, @content_type="text/csv", @original_filename="testFile.csv", @headers="Content-Disposition: form-data; name=\"file\"; filename=\"testFile.csv\"\r\nContent-Type: text/csv\r\n">}
  [1m[36mClient Load (0.2ms)[0m  [1m[34mSELECT "clients".* FROM "clients" WHERE "clients"."api_key" = $1 LIMIT $2[0m  [["api_key", "1237"], ["LIMIT", 1]]
  ↳ app/services/authorize/token.rb:10:in `client_auth'
  [1m[36mTRANSACTION (0.2ms)[0m  [1m[35mBEGIN[0m
  ↳ app/services/migrate/data_migration.rb:23:in `block in migrate_orgs'
  [1m[36mOrganisation Exists? (0.3ms)[0m  [1m[34mSELECT 1 AS one FROM "organisations" WHERE LOWER("organisations"."identifier_id") = LOWER($1) LIMIT $2[0m  [["identifier_id", "777777777"], ["LIMIT", 1]]
  ↳ app/services/migrate/data_migration.rb:23:in `block in migrate_orgs'
  [1m[36mTRANSACTION (0.1ms)[0m  [1m[31mROLLBACK[0m
  ↳ app/services/migrate/data_migration.rb:23:in `block in migrate_orgs'
Completed 500 Internal Server Error in 47ms (ActiveRecord: 9.7ms | Allocations: 26621)


  
NoMethodError (undefined method `[]' for #<Migrate::DataMigration:0x00007f28d8085b30>):
  
app/controllers/data_migration_controller.rb:132:in `process_json_data'
app/controllers/data_migration_controller.rb:72:in `process_csv_data'
app/controllers/data_migration_controller.rb:15:in `validate_as_csv'
Started POST "/data-migration/migrate/format/csv" for ::1 at 2024-02-01 13:55:40 +0000
Processing by DataMigrationController#validate_as_csv as */*
  Parameters: {"file"=>#<ActionDispatch::Http::UploadedFile:0x00007f28d504f880 @tempfile=#<Tempfile:/tmp/RackMultipart20240201-15845-zwr17n.csv>, @content_type="text/csv", @original_filename="testFile.csv", @headers="Content-Disposition: form-data; name=\"file\"; filename=\"testFile.csv\"\r\nContent-Type: text/csv\r\n">}
  [1m[36mClient Load (0.2ms)[0m  [1m[34mSELECT "clients".* FROM "clients" WHERE "clients"."api_key" = $1 LIMIT $2[0m  [["api_key", "1237"], ["LIMIT", 1]]
  ↳ app/services/authorize/token.rb:10:in `client_auth'
  [1m[36mTRANSACTION (0.1ms)[0m  [1m[35mBEGIN[0m
  ↳ app/services/migrate/data_migration.rb:23:in `block in migrate_orgs'
  [1m[36mOrganisation Exists? (0.9ms)[0m  [1m[34mSELECT 1 AS one FROM "organisations" WHERE LOWER("organisations"."identifier_id") = LOWER($1) LIMIT $2[0m  [["identifier_id", "777777777"], ["LIMIT", 1]]
  ↳ app/services/migrate/data_migration.rb:23:in `block in migrate_orgs'
  [1m[36mTRANSACTION (0.2ms)[0m  [1m[31mROLLBACK[0m
  ↳ app/services/migrate/data_migration.rb:23:in `block in migrate_orgs'
Completed 500 Internal Server Error in 17ms (ActiveRecord: 4.7ms | Allocations: 8601)


  
NoMethodError (undefined method `[]' for #<Migrate::DataMigration:0x00007f28d7b95d50>):
  
app/controllers/data_migration_controller.rb:134:in `process_json_data'
app/controllers/data_migration_controller.rb:72:in `process_csv_data'
app/controllers/data_migration_controller.rb:15:in `validate_as_csv'
Started POST "/data-migration/migrate/format/csv" for ::1 at 2024-02-01 13:55:57 +0000
Processing by DataMigrationController#validate_as_csv as */*
  Parameters: {"file"=>#<ActionDispatch::Http::UploadedFile:0x00007f28d5011c88 @tempfile=#<Tempfile:/tmp/RackMultipart20240201-15845-c5zvcu.csv>, @content_type="text/csv", @original_filename="testFile.csv", @headers="Content-Disposition: form-data; name=\"file\"; filename=\"testFile.csv\"\r\nContent-Type: text/csv\r\n">}
  [1m[36mClient Load (0.2ms)[0m  [1m[34mSELECT "clients".* FROM "clients" WHERE "clients"."api_key" = $1 LIMIT $2[0m  [["api_key", "1237"], ["LIMIT", 1]]
  ↳ app/services/authorize/token.rb:10:in `client_auth'
  [1m[36mTRANSACTION (0.1ms)[0m  [1m[35mBEGIN[0m
  ↳ app/services/migrate/data_migration.rb:23:in `block in migrate_orgs'
  [1m[36mOrganisation Exists? (0.6ms)[0m  [1m[34mSELECT 1 AS one FROM "organisations" WHERE LOWER("organisations"."identifier_id") = LOWER($1) LIMIT $2[0m  [["identifier_id", "777777777"], ["LIMIT", 1]]
  ↳ app/services/migrate/data_migration.rb:23:in `block in migrate_orgs'
  [1m[36mTRANSACTION (0.1ms)[0m  [1m[31mROLLBACK[0m
  ↳ app/services/migrate/data_migration.rb:23:in `block in migrate_orgs'
Completed 500 Internal Server Error in 13ms (ActiveRecord: 4.1ms | Allocations: 8576)


  
NoMethodError (undefined method `[]' for #<Migrate::DataMigration:0x00007f28d79d7b08>):
  
app/controllers/data_migration_controller.rb:134:in `process_json_data'
app/controllers/data_migration_controller.rb:72:in `process_csv_data'
app/controllers/data_migration_controller.rb:15:in `validate_as_csv'
Started POST "/data-migration/migrate/format/csv" for ::1 at 2024-02-01 13:56:16 +0000
Processing by DataMigrationController#validate_as_csv as */*
  Parameters: {"file"=>#<ActionDispatch::Http::UploadedFile:0x00007f28d8db9bf8 @tempfile=#<Tempfile:/tmp/RackMultipart20240201-15845-5zx5ig.csv>, @content_type="text/csv", @original_filename="testFile.csv", @headers="Content-Disposition: form-data; name=\"file\"; filename=\"testFile.csv\"\r\nContent-Type: text/csv\r\n">}
  [1m[36mClient Load (0.1ms)[0m  [1m[34mSELECT "clients".* FROM "clients" WHERE "clients"."api_key" = $1 LIMIT $2[0m  [["api_key", "1237"], ["LIMIT", 1]]
  ↳ app/services/authorize/token.rb:10:in `client_auth'
  [1m[36mTRANSACTION (0.1ms)[0m  [1m[35mBEGIN[0m
  ↳ app/services/migrate/data_migration.rb:23:in `block in migrate_orgs'
  [1m[36mOrganisation Exists? (0.7ms)[0m  [1m[34mSELECT 1 AS one FROM "organisations" WHERE LOWER("organisations"."identifier_id") = LOWER($1) LIMIT $2[0m  [["identifier_id", "777777777"], ["LIMIT", 1]]
  ↳ app/services/migrate/data_migration.rb:23:in `block in migrate_orgs'
  [1m[36mTRANSACTION (0.1ms)[0m  [1m[31mROLLBACK[0m
  ↳ app/services/migrate/data_migration.rb:23:in `block in migrate_orgs'
Completed 500 Internal Server Error in 12ms (ActiveRecord: 3.9ms | Allocations: 8568)


  
NoMethodError (undefined method `[]' for #<Migrate::DataMigration:0x00007f28d76f27f8>):
  
app/controllers/data_migration_controller.rb:134:in `process_json_data'
app/controllers/data_migration_controller.rb:72:in `process_csv_data'
app/controllers/data_migration_controller.rb:15:in `validate_as_csv'
Started POST "/data-migration/migrate/format/csv" for ::1 at 2024-02-01 13:56:57 +0000
Processing by DataMigrationController#validate_as_csv as */*
  Parameters: {"file"=>#<ActionDispatch::Http::UploadedFile:0x00007f28d8dee060 @tempfile=#<Tempfile:/tmp/RackMultipart20240201-15845-2v7l2y.csv>, @content_type="text/csv", @original_filename="testFile.csv", @headers="Content-Disposition: form-data; name=\"file\"; filename=\"testFile.csv\"\r\nContent-Type: text/csv\r\n">}
  [1m[36mClient Load (0.2ms)[0m  [1m[34mSELECT "clients".* FROM "clients" WHERE "clients"."api_key" = $1 LIMIT $2[0m  [["api_key", "1237"], ["LIMIT", 1]]
  ↳ app/services/authorize/token.rb:10:in `client_auth'
  [1m[36mTRANSACTION (0.1ms)[0m  [1m[35mBEGIN[0m
  ↳ app/services/migrate/data_migration.rb:23:in `block in migrate_orgs'
  [1m[36mOrganisation Exists? (0.9ms)[0m  [1m[34mSELECT 1 AS one FROM "organisations" WHERE LOWER("organisations"."identifier_id") = LOWER($1) LIMIT $2[0m  [["identifier_id", "777777777"], ["LIMIT", 1]]
  ↳ app/services/migrate/data_migration.rb:23:in `block in migrate_orgs'
  [1m[36mTRANSACTION (0.2ms)[0m  [1m[31mROLLBACK[0m
  ↳ app/services/migrate/data_migration.rb:23:in `block in migrate_orgs'
Completed 500 Internal Server Error in 24ms (ActiveRecord: 4.1ms | Allocations: 8564)


  
NoMethodError (undefined method `insxect' for #<Migrate::DataMigration:0x00007f28d4df3938>):
  
app/controllers/data_migration_controller.rb:132:in `process_json_data'
app/controllers/data_migration_controller.rb:72:in `process_csv_data'
app/controllers/data_migration_controller.rb:15:in `validate_as_csv'
Started POST "/data-migration/migrate/format/csv" for ::1 at 2024-02-01 13:57:03 +0000
Processing by DataMigrationController#validate_as_csv as */*
  Parameters: {"file"=>#<ActionDispatch::Http::UploadedFile:0x00007f28d8db1548 @tempfile=#<Tempfile:/tmp/RackMultipart20240201-15845-dmjmdc.csv>, @content_type="text/csv", @original_filename="testFile.csv", @headers="Content-Disposition: form-data; name=\"file\"; filename=\"testFile.csv\"\r\nContent-Type: text/csv\r\n">}
  [1m[36mClient Load (0.1ms)[0m  [1m[34mSELECT "clients".* FROM "clients" WHERE "clients"."api_key" = $1 LIMIT $2[0m  [["api_key", "1237"], ["LIMIT", 1]]
  ↳ app/services/authorize/token.rb:10:in `client_auth'
  [1m[36mTRANSACTION (0.1ms)[0m  [1m[35mBEGIN[0m
  ↳ app/services/migrate/data_migration.rb:23:in `block in migrate_orgs'
  [1m[36mOrganisation Exists? (0.9ms)[0m  [1m[34mSELECT 1 AS one FROM "organisations" WHERE LOWER("organisations"."identifier_id") = LOWER($1) LIMIT $2[0m  [["identifier_id", "777777777"], ["LIMIT", 1]]
  ↳ app/services/migrate/data_migration.rb:23:in `block in migrate_orgs'
  [1m[36mTRANSACTION (0.2ms)[0m  [1m[31mROLLBACK[0m
  ↳ app/services/migrate/data_migration.rb:23:in `block in migrate_orgs'
Completed 500 Internal Server Error in 12ms (ActiveRecord: 4.3ms | Allocations: 8568)


  
NoMethodError (undefined method `[]' for #<Migrate::DataMigration:0x00007f28d4dc7090>):
  
app/controllers/data_migration_controller.rb:134:in `process_json_data'
app/controllers/data_migration_controller.rb:72:in `process_csv_data'
app/controllers/data_migration_controller.rb:15:in `validate_as_csv'
Started POST "/data-migration/migrate/format/csv" for ::1 at 2024-02-01 13:57:31 +0000
Processing by DataMigrationController#validate_as_csv as */*
  Parameters: {"file"=>#<ActionDispatch::Http::UploadedFile:0x00007f28d50199d8 @tempfile=#<Tempfile:/tmp/RackMultipart20240201-15845-ltules.csv>, @content_type="text/csv", @original_filename="testFile.csv", @headers="Content-Disposition: form-data; name=\"file\"; filename=\"testFile.csv\"\r\nContent-Type: text/csv\r\n">}
  [1m[36mClient Load (0.1ms)[0m  [1m[34mSELECT "clients".* FROM "clients" WHERE "clients"."api_key" = $1 LIMIT $2[0m  [["api_key", "1237"], ["LIMIT", 1]]
  ↳ app/services/authorize/token.rb:10:in `client_auth'
  [1m[36mTRANSACTION (0.1ms)[0m  [1m[35mBEGIN[0m
  ↳ app/services/migrate/data_migration.rb:23:in `block in migrate_orgs'
  [1m[36mOrganisation Exists? (1.0ms)[0m  [1m[34mSELECT 1 AS one FROM "organisations" WHERE LOWER("organisations"."identifier_id") = LOWER($1) LIMIT $2[0m  [["identifier_id", "777777777"], ["LIMIT", 1]]
  ↳ app/services/migrate/data_migration.rb:23:in `block in migrate_orgs'
  [1m[36mTRANSACTION (0.1ms)[0m  [1m[31mROLLBACK[0m
  ↳ app/services/migrate/data_migration.rb:23:in `block in migrate_orgs'
Completed 500 Internal Server Error in 4ms (ActiveRecord: 1.3ms | Allocations: 2655)


  
NoMethodError (undefined method `[]' for #<Migrate::DataMigration:0x00007f28d7bd1f80>):
  
app/controllers/data_migration_controller.rb:134:in `process_json_data'
app/controllers/data_migration_controller.rb:72:in `process_csv_data'
app/controllers/data_migration_controller.rb:15:in `validate_as_csv'
Started POST "/data-migration/migrate/format/csv" for ::1 at 2024-02-01 13:59:39 +0000
  [1m[36mActiveRecord::SchemaMigration Load (0.3ms)[0m  [1m[34mSELECT "schema_migrations"."version" FROM "schema_migrations" ORDER BY "schema_migrations"."version" ASC[0m
Processing by DataMigrationController#validate_as_csv as */*
  Parameters: {"file"=>#<ActionDispatch::Http::UploadedFile:0x00007fc80d9acf40 @tempfile=#<Tempfile:/tmp/RackMultipart20240201-16328-dt9684.csv>, @content_type="text/csv", @original_filename="testFile.csv", @headers="Content-Disposition: form-data; name=\"file\"; filename=\"testFile.csv\"\r\nContent-Type: text/csv\r\n">}
  [1m[36mClient Load (0.2ms)[0m  [1m[34mSELECT "clients".* FROM "clients" WHERE "clients"."api_key" = $1 LIMIT $2[0m  [["api_key", "1237"], ["LIMIT", 1]]
  ↳ app/services/authorize/token.rb:10:in `client_auth'
  [1m[36mTRANSACTION (0.1ms)[0m  [1m[35mBEGIN[0m
  ↳ app/services/migrate/data_migration.rb:23:in `block in migrate_orgs'
  [1m[36mOrganisation Exists? (0.3ms)[0m  [1m[34mSELECT 1 AS one FROM "organisations" WHERE LOWER("organisations"."identifier_id") = LOWER($1) LIMIT $2[0m  [["identifier_id", "777777777"], ["LIMIT", 1]]
  ↳ app/services/migrate/data_migration.rb:23:in `block in migrate_orgs'
  [1m[36mTRANSACTION (0.1ms)[0m  [1m[31mROLLBACK[0m
  ↳ app/services/migrate/data_migration.rb:23:in `block in migrate_orgs'
Completed 500 Internal Server Error in 45ms (ActiveRecord: 8.0ms | Allocations: 26653)


  
NoMethodError (undefined method `[]' for #<Migrate::DataMigration:0x00007fc81076b968>):
  
app/controllers/data_migration_controller.rb:134:in `process_json_data'
app/controllers/data_migration_controller.rb:72:in `process_csv_data'
app/controllers/data_migration_controller.rb:15:in `validate_as_csv'
Started POST "/data-migration/migrate/format/csv" for ::1 at 2024-02-01 14:00:01 +0000
Processing by DataMigrationController#validate_as_csv as */*
  Parameters: {"file"=>#<ActionDispatch::Http::UploadedFile:0x00007fc80d975ec8 @tempfile=#<Tempfile:/tmp/RackMultipart20240201-16328-1qs2da.csv>, @content_type="text/csv", @original_filename="testFile.csv", @headers="Content-Disposition: form-data; name=\"file\"; filename=\"testFile.csv\"\r\nContent-Type: text/csv\r\n">}
  [1m[36mClient Load (0.1ms)[0m  [1m[34mSELECT "clients".* FROM "clients" WHERE "clients"."api_key" = $1 LIMIT $2[0m  [["api_key", "1237"], ["LIMIT", 1]]
  ↳ app/services/authorize/token.rb:10:in `client_auth'
  [1m[36mTRANSACTION (0.1ms)[0m  [1m[35mBEGIN[0m
  ↳ app/services/migrate/data_migration.rb:23:in `block in migrate_orgs'
  [1m[36mOrganisation Exists? (0.8ms)[0m  [1m[34mSELECT 1 AS one FROM "organisations" WHERE LOWER("organisations"."identifier_id") = LOWER($1) LIMIT $2[0m  [["identifier_id", "777777777"], ["LIMIT", 1]]
  ↳ app/services/migrate/data_migration.rb:23:in `block in migrate_orgs'
  [1m[36mTRANSACTION (0.2ms)[0m  [1m[31mROLLBACK[0m
  ↳ app/services/migrate/data_migration.rb:23:in `block in migrate_orgs'
Completed 500 Internal Server Error in 12ms (ActiveRecord: 4.1ms | Allocations: 8598)


  
NoMethodError (undefined method `[]' for #<Migrate::DataMigration:0x00007fc8104eeb90>):
  
app/controllers/data_migration_controller.rb:134:in `process_json_data'
app/controllers/data_migration_controller.rb:72:in `process_csv_data'
app/controllers/data_migration_controller.rb:15:in `validate_as_csv'
Started POST "/data-migration/migrate/format/csv" for ::1 at 2024-02-01 14:01:12 +0000
  [1m[36mActiveRecord::SchemaMigration Load (0.4ms)[0m  [1m[34mSELECT "schema_migrations"."version" FROM "schema_migrations" ORDER BY "schema_migrations"."version" ASC[0m
Processing by DataMigrationController#validate_as_csv as */*
  Parameters: {"file"=>#<ActionDispatch::Http::UploadedFile:0x00007f6a80ecb868 @tempfile=#<Tempfile:/tmp/RackMultipart20240201-16494-dv0kt5.csv>, @content_type="text/csv", @original_filename="testFile.csv", @headers="Content-Disposition: form-data; name=\"file\"; filename=\"testFile.csv\"\r\nContent-Type: text/csv\r\n">}
  [1m[36mClient Load (0.2ms)[0m  [1m[34mSELECT "clients".* FROM "clients" WHERE "clients"."api_key" = $1 LIMIT $2[0m  [["api_key", "1237"], ["LIMIT", 1]]
  ↳ app/services/authorize/token.rb:10:in `client_auth'
  [1m[36mTRANSACTION (0.1ms)[0m  [1m[35mBEGIN[0m
  ↳ app/services/migrate/data_migration.rb:23:in `block in migrate_orgs'
  [1m[36mOrganisation Exists? (0.3ms)[0m  [1m[34mSELECT 1 AS one FROM "organisations" WHERE LOWER("organisations"."identifier_id") = LOWER($1) LIMIT $2[0m  [["identifier_id", "777777777"], ["LIMIT", 1]]
  ↳ app/services/migrate/data_migration.rb:23:in `block in migrate_orgs'
  [1m[36mTRANSACTION (0.1ms)[0m  [1m[31mROLLBACK[0m
  ↳ app/services/migrate/data_migration.rb:23:in `block in migrate_orgs'
Completed 200 OK in 49ms (Views: 0.2ms | ActiveRecord: 9.7ms | Allocations: 26595)


Started POST "/data-migration/migrate/format/csv" for ::1 at 2024-02-01 14:02:00 +0000
  [1m[36mActiveRecord::SchemaMigration Load (0.4ms)[0m  [1m[34mSELECT "schema_migrations"."version" FROM "schema_migrations" ORDER BY "schema_migrations"."version" ASC[0m
Processing by DataMigrationController#validate_as_csv as */*
  Parameters: {"file"=>#<ActionDispatch::Http::UploadedFile:0x00007f740849cfe0 @tempfile=#<Tempfile:/tmp/RackMultipart20240201-16577-lcsj02.csv>, @content_type="text/csv", @original_filename="testFile.csv", @headers="Content-Disposition: form-data; name=\"file\"; filename=\"testFile.csv\"\r\nContent-Type: text/csv\r\n">}
  [1m[36mClient Load (0.4ms)[0m  [1m[34mSELECT "clients".* FROM "clients" WHERE "clients"."api_key" = $1 LIMIT $2[0m  [["api_key", "1237"], ["LIMIT", 1]]
  ↳ app/services/authorize/token.rb:10:in `client_auth'
  [1m[36mTRANSACTION (0.1ms)[0m  [1m[35mBEGIN[0m
  ↳ app/services/migrate/data_migration.rb:23:in `block in migrate_orgs'
  [1m[36mOrganisation Exists? (0.3ms)[0m  [1m[34mSELECT 1 AS one FROM "organisations" WHERE LOWER("organisations"."identifier_id") = LOWER($1) LIMIT $2[0m  [["identifier_id", "777777777"], ["LIMIT", 1]]
  ↳ app/services/migrate/data_migration.rb:23:in `block in migrate_orgs'
  [1m[36mTRANSACTION (0.1ms)[0m  [1m[31mROLLBACK[0m
  ↳ app/services/migrate/data_migration.rb:23:in `block in migrate_orgs'
Completed 200 OK in 46ms (Views: 0.2ms | ActiveRecord: 9.0ms | Allocations: 26751)


Started POST "/data-migration/migrate/format/csv" for ::1 at 2024-02-01 14:07:13 +0000
  [1m[36mActiveRecord::SchemaMigration Load (0.4ms)[0m  [1m[34mSELECT "schema_migrations"."version" FROM "schema_migrations" ORDER BY "schema_migrations"."version" ASC[0m
Processing by DataMigrationController#validate_as_csv as */*
  Parameters: {"file"=>#<ActionDispatch::Http::UploadedFile:0x00007f88e01cce40 @tempfile=#<Tempfile:/tmp/RackMultipart20240201-16716-ph6hk4.csv>, @content_type="text/csv", @original_filename="testFile.csv", @headers="Content-Disposition: form-data; name=\"file\"; filename=\"testFile.csv\"\r\nContent-Type: text/csv\r\n">}
  [1m[36mClient Load (0.2ms)[0m  [1m[34mSELECT "clients".* FROM "clients" WHERE "clients"."api_key" = $1 LIMIT $2[0m  [["api_key", "1237"], ["LIMIT", 1]]
  ↳ app/services/authorize/token.rb:10:in `client_auth'
  [1m[36mTRANSACTION (0.1ms)[0m  [1m[35mBEGIN[0m
  ↳ app/services/migrate/data_migration.rb:25:in `block in migrate_orgs'
  [1m[36mOrganisation Exists? (0.2ms)[0m  [1m[34mSELECT 1 AS one FROM "organisations" WHERE LOWER("organisations"."identifier_id") = LOWER($1) LIMIT $2[0m  [["identifier_id", "777777777"], ["LIMIT", 1]]
  ↳ app/services/migrate/data_migration.rb:25:in `block in migrate_orgs'
  [1m[36mTRANSACTION (0.1ms)[0m  [1m[31mROLLBACK[0m
  ↳ app/services/migrate/data_migration.rb:25:in `block in migrate_orgs'
Completed 200 OK in 46ms (Views: 0.3ms | ActiveRecord: 7.9ms | Allocations: 26773)


Started POST "/data-migration/migrate/format/csv" for ::1 at 2024-02-01 14:08:16 +0000
Processing by DataMigrationController#validate_as_csv as */*
  Parameters: {"file"=>#<ActionDispatch::Http::UploadedFile:0x00007f88e37608e0 @tempfile=#<Tempfile:/tmp/RackMultipart20240201-16716-i85ya5.csv>, @content_type="text/csv", @original_filename="testFile.csv", @headers="Content-Disposition: form-data; name=\"file\"; filename=\"testFile.csv\"\r\nContent-Type: text/csv\r\n">}
  [1m[36mClient Load (0.1ms)[0m  [1m[34mSELECT "clients".* FROM "clients" WHERE "clients"."api_key" = $1 LIMIT $2[0m  [["api_key", "1237"], ["LIMIT", 1]]
  ↳ app/services/authorize/token.rb:10:in `client_auth'
  [1m[36mTRANSACTION (0.1ms)[0m  [1m[35mBEGIN[0m
  ↳ app/services/migrate/data_migration.rb:25:in `block in migrate_orgs'
  [1m[36mOrganisation Exists? (0.8ms)[0m  [1m[34mSELECT 1 AS one FROM "organisations" WHERE LOWER("organisations"."identifier_id") = LOWER($1) LIMIT $2[0m  [["identifier_id", "777777777"], ["LIMIT", 1]]
  ↳ app/services/migrate/data_migration.rb:25:in `block in migrate_orgs'
  [1m[36mTRANSACTION (0.1ms)[0m  [1m[31mROLLBACK[0m
  ↳ app/services/migrate/data_migration.rb:25:in `block in migrate_orgs'
Completed 200 OK in 12ms (Views: 0.1ms | ActiveRecord: 3.7ms | Allocations: 8695)


Started POST "/data-migration/migrate/format/csv" for ::1 at 2024-02-01 14:08:50 +0000
Processing by DataMigrationController#validate_as_csv as */*
  Parameters: {"file"=>#<ActionDispatch::Http::UploadedFile:0x00007f88e2424e70 @tempfile=#<Tempfile:/tmp/RackMultipart20240201-16716-ecefiz.csv>, @content_type="text/csv", @original_filename="testFile.csv", @headers="Content-Disposition: form-data; name=\"file\"; filename=\"testFile.csv\"\r\nContent-Type: text/csv\r\n">}
  [1m[36mClient Load (0.2ms)[0m  [1m[34mSELECT "clients".* FROM "clients" WHERE "clients"."api_key" = $1 LIMIT $2[0m  [["api_key", "1237"], ["LIMIT", 1]]
  ↳ app/services/authorize/token.rb:10:in `client_auth'
  [1m[36mTRANSACTION (0.1ms)[0m  [1m[35mBEGIN[0m
  ↳ app/services/migrate/data_migration.rb:25:in `block in migrate_orgs'
  [1m[36mOrganisation Exists? (0.8ms)[0m  [1m[34mSELECT 1 AS one FROM "organisations" WHERE LOWER("organisations"."identifier_id") = LOWER($1) LIMIT $2[0m  [["identifier_id", "777777777"], ["LIMIT", 1]]
  ↳ app/services/migrate/data_migration.rb:25:in `block in migrate_orgs'
  [1m[36mTRANSACTION (0.1ms)[0m  [1m[31mROLLBACK[0m
  ↳ app/services/migrate/data_migration.rb:25:in `block in migrate_orgs'
Completed 200 OK in 12ms (Views: 0.2ms | ActiveRecord: 4.1ms | Allocations: 8523)


Started POST "/data-migration/migrate/format/csv" for ::1 at 2024-02-01 14:09:11 +0000
Processing by DataMigrationController#validate_as_csv as */*
  Parameters: {"file"=>#<ActionDispatch::Http::UploadedFile:0x00007f88db89ee80 @tempfile=#<Tempfile:/tmp/RackMultipart20240201-16716-gfy8mj.csv>, @content_type="text/csv", @original_filename="testFile.csv", @headers="Content-Disposition: form-data; name=\"file\"; filename=\"testFile.csv\"\r\nContent-Type: text/csv\r\n">}
  [1m[36mClient Load (0.2ms)[0m  [1m[34mSELECT "clients".* FROM "clients" WHERE "clients"."api_key" = $1 LIMIT $2[0m  [["api_key", "1237"], ["LIMIT", 1]]
  ↳ app/services/authorize/token.rb:10:in `client_auth'
  [1m[36mTRANSACTION (0.2ms)[0m  [1m[35mBEGIN[0m
  ↳ app/services/migrate/data_migration.rb:25:in `block in migrate_orgs'
  [1m[36mOrganisation Exists? (0.9ms)[0m  [1m[34mSELECT 1 AS one FROM "organisations" WHERE LOWER("organisations"."identifier_id") = LOWER($1) LIMIT $2[0m  [["identifier_id", "777777777"], ["LIMIT", 1]]
  ↳ app/services/migrate/data_migration.rb:25:in `block in migrate_orgs'
  [1m[36mTRANSACTION (0.1ms)[0m  [1m[31mROLLBACK[0m
  ↳ app/services/migrate/data_migration.rb:25:in `block in migrate_orgs'
Completed 200 OK in 13ms (Views: 0.1ms | ActiveRecord: 4.2ms | Allocations: 8679)


Started POST "/data-migration/migrate/format/csv" for ::1 at 2024-02-01 14:10:56 +0000
  [1m[36mActiveRecord::SchemaMigration Load (0.3ms)[0m  [1m[34mSELECT "schema_migrations"."version" FROM "schema_migrations" ORDER BY "schema_migrations"."version" ASC[0m
Processing by DataMigrationController#validate_as_csv as */*
  Parameters: {"file"=>#<ActionDispatch::Http::UploadedFile:0x00007fae6c13ce10 @tempfile=#<Tempfile:/tmp/RackMultipart20240201-17149-aem0qh.csv>, @content_type="text/csv", @original_filename="testFile.csv", @headers="Content-Disposition: form-data; name=\"file\"; filename=\"testFile.csv\"\r\nContent-Type: text/csv\r\n">}
  [1m[36mClient Load (0.2ms)[0m  [1m[34mSELECT "clients".* FROM "clients" WHERE "clients"."api_key" = $1 LIMIT $2[0m  [["api_key", "1237"], ["LIMIT", 1]]
  ↳ app/services/authorize/token.rb:10:in `client_auth'
  [1m[36mTRANSACTION (0.1ms)[0m  [1m[35mBEGIN[0m
  ↳ app/services/migrate/data_migration.rb:22:in `block in migrate_orgs'
  [1m[36mOrganisation Exists? (0.3ms)[0m  [1m[34mSELECT 1 AS one FROM "organisations" WHERE LOWER("organisations"."identifier_id") = LOWER($1) LIMIT $2[0m  [["identifier_id", "777777777"], ["LIMIT", 1]]
  ↳ app/services/migrate/data_migration.rb:22:in `block in migrate_orgs'
  [1m[36mTRANSACTION (0.1ms)[0m  [1m[31mROLLBACK[0m
  ↳ app/services/migrate/data_migration.rb:22:in `block in migrate_orgs'
Completed 200 OK in 43ms (Views: 0.2ms | ActiveRecord: 7.7ms | Allocations: 26764)


Started POST "/data-migration/migrate/format/csv" for ::1 at 2024-02-01 14:12:53 +0000
  [1m[36mActiveRecord::SchemaMigration Load (0.3ms)[0m  [1m[34mSELECT "schema_migrations"."version" FROM "schema_migrations" ORDER BY "schema_migrations"."version" ASC[0m
Processing by DataMigrationController#validate_as_csv as */*
  Parameters: {"file"=>#<ActionDispatch::Http::UploadedFile:0x00007f12dd97bb38 @tempfile=#<Tempfile:/tmp/RackMultipart20240201-17336-xtff7l.csv>, @content_type="text/csv", @original_filename="testFile.csv", @headers="Content-Disposition: form-data; name=\"file\"; filename=\"testFile.csv\"\r\nContent-Type: text/csv\r\n">}
  [1m[36mClient Load (0.3ms)[0m  [1m[34mSELECT "clients".* FROM "clients" WHERE "clients"."api_key" = $1 LIMIT $2[0m  [["api_key", "1237"], ["LIMIT", 1]]
  ↳ app/services/authorize/token.rb:10:in `client_auth'
  [1m[36mTRANSACTION (0.3ms)[0m  [1m[35mBEGIN[0m
  ↳ app/services/migrate/data_migration.rb:22:in `block in migrate_orgs'
  [1m[36mOrganisation Exists? (0.3ms)[0m  [1m[34mSELECT 1 AS one FROM "organisations" WHERE LOWER("organisations"."identifier_id") = LOWER($1) LIMIT $2[0m  [["identifier_id", "777777777"], ["LIMIT", 1]]
  ↳ app/services/migrate/data_migration.rb:22:in `block in migrate_orgs'
  [1m[36mTRANSACTION (0.1ms)[0m  [1m[31mROLLBACK[0m
  ↳ app/services/migrate/data_migration.rb:22:in `block in migrate_orgs'
Completed 200 OK in 50ms (Views: 0.3ms | ActiveRecord: 9.8ms | Allocations: 26889)


Started POST "/data-migration/migrate/format/csv" for ::1 at 2024-02-01 14:14:03 +0000
Processing by DataMigrationController#validate_as_csv as */*
  Parameters: {"file"=>#<ActionDispatch::Http::UploadedFile:0x00007f12e1721a00 @tempfile=#<Tempfile:/tmp/RackMultipart20240201-17336-lyxvsq.csv>, @content_type="text/csv", @original_filename="testFile.csv", @headers="Content-Disposition: form-data; name=\"file\"; filename=\"testFile.csv\"\r\nContent-Type: text/csv\r\n">}
  [1m[36mClient Load (0.1ms)[0m  [1m[34mSELECT "clients".* FROM "clients" WHERE "clients"."api_key" = $1 LIMIT $2[0m  [["api_key", "1237"], ["LIMIT", 1]]
  ↳ app/services/authorize/token.rb:10:in `client_auth'
  [1m[36mTRANSACTION (0.1ms)[0m  [1m[35mBEGIN[0m
  ↳ app/services/migrate/data_migration.rb:22:in `block in migrate_orgs'
  [1m[36mOrganisation Exists? (0.7ms)[0m  [1m[34mSELECT 1 AS one FROM "organisations" WHERE LOWER("organisations"."identifier_id") = LOWER($1) LIMIT $2[0m  [["identifier_id", "777777777"], ["LIMIT", 1]]
  ↳ app/services/migrate/data_migration.rb:22:in `block in migrate_orgs'
  [1m[36mTRANSACTION (0.1ms)[0m  [1m[31mROLLBACK[0m
  ↳ app/services/migrate/data_migration.rb:22:in `block in migrate_orgs'
Completed 500 Internal Server Error in 13ms (ActiveRecord: 3.9ms | Allocations: 8587)


  
NoMethodError (undefined method `[]' for #<Migrate::DataMigration:0x00007f12e0494798 @data=[{"identifier-id"=>"777777777", "scheme-id"=>"SF-URN", "rightToBuy"=>"false", "domainName"=>"domain.co.uk", "orgRoles"=>[{"name"=>"RMI User"}, {"name"=>"RMI Tile"}], "user"=>[{"email"=>"name@domain.co.uk", "title"=>"Mr", "firstName"=>"Joe", "lastName"=>"Bloggs", "contactEmail"=>"name@domain.co.uk", "contactMobile"=>"07777 777777", "contactPhone"=>"0207 777 7777", "contactFax"=>"0207 777 7778", "contactSocial"=>"https://www.linkedin.com/in/xx-yy-zz-09a5b24/", "userRoles"=>[{"name"=>"RMI User"}, {"name"=>"RMI Tile"}, {"name"=>"Organisation Administrator"}]}]}]>):
  
app/controllers/data_migration_controller.rb:133:in `process_json_data'
app/controllers/data_migration_controller.rb:72:in `process_csv_data'
app/controllers/data_migration_controller.rb:15:in `validate_as_csv'
Started POST "/data-migration/migrate/format/csv" for ::1 at 2024-02-01 14:15:36 +0000
  [1m[36mActiveRecord::SchemaMigration Load (0.4ms)[0m  [1m[34mSELECT "schema_migrations"."version" FROM "schema_migrations" ORDER BY "schema_migrations"."version" ASC[0m
Processing by DataMigrationController#validate_as_csv as */*
  Parameters: {"file"=>#<ActionDispatch::Http::UploadedFile:0x00007f1eec11cdf0 @tempfile=#<Tempfile:/tmp/RackMultipart20240201-17547-2k2g9q.csv>, @content_type="text/csv", @original_filename="testFile.csv", @headers="Content-Disposition: form-data; name=\"file\"; filename=\"testFile.csv\"\r\nContent-Type: text/csv\r\n">}
  [1m[36mClient Load (0.3ms)[0m  [1m[34mSELECT "clients".* FROM "clients" WHERE "clients"."api_key" = $1 LIMIT $2[0m  [["api_key", "1237"], ["LIMIT", 1]]
  ↳ app/services/authorize/token.rb:10:in `client_auth'
  [1m[36mTRANSACTION (0.3ms)[0m  [1m[35mBEGIN[0m
  ↳ app/services/migrate/data_migration.rb:22:in `block in migrate_orgs'
  [1m[36mOrganisation Exists? (0.3ms)[0m  [1m[34mSELECT 1 AS one FROM "organisations" WHERE LOWER("organisations"."identifier_id") = LOWER($1) LIMIT $2[0m  [["identifier_id", "777777777"], ["LIMIT", 1]]
  ↳ app/services/migrate/data_migration.rb:22:in `block in migrate_orgs'
  [1m[36mTRANSACTION (0.1ms)[0m  [1m[31mROLLBACK[0m
  ↳ app/services/migrate/data_migration.rb:22:in `block in migrate_orgs'
Completed 500 Internal Server Error in 51ms (ActiveRecord: 9.1ms | Allocations: 26711)


  
NoMethodError (undefined method `[]' for #<Migrate::DataMigration:0x00007f1eee514af0 @data=[{"identifier-id"=>"777777777", "scheme-id"=>"SF-URN", "rightToBuy"=>"false", "domainName"=>"domain.co.uk", "orgRoles"=>[{"name"=>"RMI User"}, {"name"=>"RMI Tile"}], "user"=>[{"email"=>"name@domain.co.uk", "title"=>"Mr", "firstName"=>"Joe", "lastName"=>"Bloggs", "contactEmail"=>"name@domain.co.uk", "contactMobile"=>"07777 777777", "contactPhone"=>"0207 777 7777", "contactFax"=>"0207 777 7778", "contactSocial"=>"https://www.linkedin.com/in/xx-yy-zz-09a5b24/", "userRoles"=>[{"name"=>"RMI User"}, {"name"=>"RMI Tile"}, {"name"=>"Organisation Administrator"}]}]}]>):
  
app/controllers/data_migration_controller.rb:133:in `process_json_data'
app/controllers/data_migration_controller.rb:72:in `process_csv_data'
app/controllers/data_migration_controller.rb:15:in `validate_as_csv'
Started POST "/data-migration/migrate/format/csv" for ::1 at 2024-02-01 14:16:13 +0000
Processing by DataMigrationController#validate_as_csv as */*
  Parameters: {"file"=>#<ActionDispatch::Http::UploadedFile:0x00007f1eec0e2178 @tempfile=#<Tempfile:/tmp/RackMultipart20240201-17547-u57uh8.csv>, @content_type="text/csv", @original_filename="testFile.csv", @headers="Content-Disposition: form-data; name=\"file\"; filename=\"testFile.csv\"\r\nContent-Type: text/csv\r\n">}
  [1m[36mClient Load (0.2ms)[0m  [1m[34mSELECT "clients".* FROM "clients" WHERE "clients"."api_key" = $1 LIMIT $2[0m  [["api_key", "1237"], ["LIMIT", 1]]
  ↳ app/services/authorize/token.rb:10:in `client_auth'
Completed 500 Internal Server Error in 6ms (ActiveRecord: 1.8ms | Allocations: 3645)


  
NoMethodError (undefined method `[]' for #<Migrate::DataMigration:0x00007f1eee0545b0 @data=[{"identifier-id"=>"777777777", "scheme-id"=>"SF-URN", "rightToBuy"=>"false", "domainName"=>"domain.co.uk", "orgRoles"=>[{"name"=>"RMI User"}, {"name"=>"RMI Tile"}], "user"=>[{"email"=>"name@domain.co.uk", "title"=>"Mr", "firstName"=>"Joe", "lastName"=>"Bloggs", "contactEmail"=>"name@domain.co.uk", "contactMobile"=>"07777 777777", "contactPhone"=>"0207 777 7777", "contactFax"=>"0207 777 7778", "contactSocial"=>"https://www.linkedin.com/in/xx-yy-zz-09a5b24/", "userRoles"=>[{"name"=>"RMI User"}, {"name"=>"RMI Tile"}, {"name"=>"Organisation Administrator"}]}]}]>):
  
app/controllers/data_migration_controller.rb:133:in `process_json_data'
app/controllers/data_migration_controller.rb:72:in `process_csv_data'
app/controllers/data_migration_controller.rb:15:in `validate_as_csv'
Started POST "/data-migration/migrate/format/csv" for ::1 at 2024-02-01 14:16:30 +0000
Processing by DataMigrationController#validate_as_csv as */*
  Parameters: {"file"=>#<ActionDispatch::Http::UploadedFile:0x00007f1eec0e33e8 @tempfile=#<Tempfile:/tmp/RackMultipart20240201-17547-b8k4rt.csv>, @content_type="text/csv", @original_filename="testFile.csv", @headers="Content-Disposition: form-data; name=\"file\"; filename=\"testFile.csv\"\r\nContent-Type: text/csv\r\n">}
  [1m[36mClient Load (0.2ms)[0m  [1m[34mSELECT "clients".* FROM "clients" WHERE "clients"."api_key" = $1 LIMIT $2[0m  [["api_key", "1237"], ["LIMIT", 1]]
  ↳ app/services/authorize/token.rb:10:in `client_auth'
Completed 200 OK in 6ms (Views: 0.2ms | ActiveRecord: 2.1ms | Allocations: 3593)


Started POST "/data-migration/migrate/format/csv" for ::1 at 2024-02-01 14:17:07 +0000
Processing by DataMigrationController#validate_as_csv as */*
  Parameters: {"file"=>#<ActionDispatch::Http::UploadedFile:0x00007f1eef249608 @tempfile=#<Tempfile:/tmp/RackMultipart20240201-17547-9r3z67.csv>, @content_type="text/csv", @original_filename="testFile.csv", @headers="Content-Disposition: form-data; name=\"file\"; filename=\"testFile.csv\"\r\nContent-Type: text/csv\r\n">}
  [1m[36mClient Load (0.1ms)[0m  [1m[34mSELECT "clients".* FROM "clients" WHERE "clients"."api_key" = $1 LIMIT $2[0m  [["api_key", "1237"], ["LIMIT", 1]]
  ↳ app/services/authorize/token.rb:10:in `client_auth'
Completed 200 OK in 6ms (Views: 0.2ms | ActiveRecord: 1.5ms | Allocations: 3425)


Started POST "/data-migration/migrate/format/csv" for ::1 at 2024-02-01 14:17:10 +0000
Processing by DataMigrationController#validate_as_csv as */*
  Parameters: {"file"=>#<ActionDispatch::Http::UploadedFile:0x00007f1eef3ea660 @tempfile=#<Tempfile:/tmp/RackMultipart20240201-17547-2b5b6e.csv>, @content_type="text/csv", @original_filename="testFile.csv", @headers="Content-Disposition: form-data; name=\"file\"; filename=\"testFile.csv\"\r\nContent-Type: text/csv\r\n">}
  [1m[36mClient Load (0.2ms)[0m  [1m[34mSELECT "clients".* FROM "clients" WHERE "clients"."api_key" = $1 LIMIT $2[0m  [["api_key", "1237"], ["LIMIT", 1]]
  ↳ app/services/authorize/token.rb:10:in `client_auth'
Completed 200 OK in 2ms (Views: 0.2ms | ActiveRecord: 0.2ms | Allocations: 1008)


Started POST "/data-migration/migrate/format/csv" for ::1 at 2024-02-01 14:17:18 +0000
Processing by DataMigrationController#validate_as_csv as */*
  Parameters: {"file"=>#<ActionDispatch::Http::UploadedFile:0x00007f1eede27580 @tempfile=#<Tempfile:/tmp/RackMultipart20240201-17547-iw1hc7.csv>, @content_type="text/csv", @original_filename="testFile.csv", @headers="Content-Disposition: form-data; name=\"file\"; filename=\"testFile.csv\"\r\nContent-Type: text/csv\r\n">}
  [1m[36mClient Load (0.3ms)[0m  [1m[34mSELECT "clients".* FROM "clients" WHERE "clients"."api_key" = $1 LIMIT $2[0m  [["api_key", "1237"], ["LIMIT", 1]]
  ↳ app/services/authorize/token.rb:10:in `client_auth'
Completed 200 OK in 6ms (Views: 0.2ms | ActiveRecord: 2.2ms | Allocations: 3418)


Started POST "/data-migration/migrate/format/csv" for ::1 at 2024-02-01 14:17:24 +0000
  [1m[36mActiveRecord::SchemaMigration Load (0.4ms)[0m  [1m[34mSELECT "schema_migrations"."version" FROM "schema_migrations" ORDER BY "schema_migrations"."version" ASC[0m
Processing by DataMigrationController#validate_as_csv as */*
  Parameters: {"file"=>#<ActionDispatch::Http::UploadedFile:0x00007f8139a5cc80 @tempfile=#<Tempfile:/tmp/RackMultipart20240201-17820-2z00gt.csv>, @content_type="text/csv", @original_filename="testFile.csv", @headers="Content-Disposition: form-data; name=\"file\"; filename=\"testFile.csv\"\r\nContent-Type: text/csv\r\n">}
  [1m[36mClient Load (0.2ms)[0m  [1m[34mSELECT "clients".* FROM "clients" WHERE "clients"."api_key" = $1 LIMIT $2[0m  [["api_key", "1237"], ["LIMIT", 1]]
  ↳ app/services/authorize/token.rb:10:in `client_auth'
Completed 200 OK in 27ms (Views: 0.2ms | ActiveRecord: 4.6ms | Allocations: 16650)


Started POST "/data-migration/migrate/format/csv" for ::1 at 2024-02-01 14:17:39 +0000
Processing by DataMigrationController#validate_as_csv as */*
  Parameters: {"file"=>#<ActionDispatch::Http::UploadedFile:0x00007f813987c9b0 @tempfile=#<Tempfile:/tmp/RackMultipart20240201-17820-ty5ie0.csv>, @content_type="text/csv", @original_filename="testFile.csv", @headers="Content-Disposition: form-data; name=\"file\"; filename=\"testFile.csv\"\r\nContent-Type: text/csv\r\n">}
  [1m[36mClient Load (0.1ms)[0m  [1m[34mSELECT "clients".* FROM "clients" WHERE "clients"."api_key" = $1 LIMIT $2[0m  [["api_key", "1237"], ["LIMIT", 1]]
  ↳ app/services/authorize/token.rb:10:in `client_auth'
Completed 200 OK in 5ms (Views: 0.1ms | ActiveRecord: 1.7ms | Allocations: 3375)


Started POST "/data-migration/migrate/format/csv" for ::1 at 2024-02-01 14:19:28 +0000
  [1m[36mActiveRecord::SchemaMigration Load (0.3ms)[0m  [1m[34mSELECT "schema_migrations"."version" FROM "schema_migrations" ORDER BY "schema_migrations"."version" ASC[0m
Processing by DataMigrationController#validate_as_csv as */*
  Parameters: {"file"=>#<ActionDispatch::Http::UploadedFile:0x00007f98cc14b790 @tempfile=#<Tempfile:/tmp/RackMultipart20240201-18053-erxk1l.csv>, @content_type="text/csv", @original_filename="testFile.csv", @headers="Content-Disposition: form-data; name=\"file\"; filename=\"testFile.csv\"\r\nContent-Type: text/csv\r\n">}
  [1m[36mClient Load (0.2ms)[0m  [1m[34mSELECT "clients".* FROM "clients" WHERE "clients"."api_key" = $1 LIMIT $2[0m  [["api_key", "1237"], ["LIMIT", 1]]
  ↳ app/services/authorize/token.rb:10:in `client_auth'
Completed 200 OK in 42ms (Views: 0.5ms | ActiveRecord: 4.5ms | Allocations: 16836)


Started POST "/data-migration/migrate/format/csv" for ::1 at 2024-02-01 14:22:33 +0000
  [1m[36mActiveRecord::SchemaMigration Load (0.4ms)[0m  [1m[34mSELECT "schema_migrations"."version" FROM "schema_migrations" ORDER BY "schema_migrations"."version" ASC[0m
Processing by DataMigrationController#validate_as_csv as */*
  Parameters: {"file"=>#<ActionDispatch::Http::UploadedFile:0x00007ffa6b9bb820 @tempfile=#<Tempfile:/tmp/RackMultipart20240201-18198-z15m2h.csv>, @content_type="text/csv", @original_filename="testFile.csv", @headers="Content-Disposition: form-data; name=\"file\"; filename=\"testFile.csv\"\r\nContent-Type: text/csv\r\n">}
  [1m[36mClient Load (0.2ms)[0m  [1m[34mSELECT "clients".* FROM "clients" WHERE "clients"."api_key" = $1 LIMIT $2[0m  [["api_key", "1237"], ["LIMIT", 1]]
  ↳ app/services/authorize/token.rb:10:in `client_auth'
Completed 500 Internal Server Error in 36ms (ActiveRecord: 6.1ms | Allocations: 16660)


  
NoMethodError (private method `migrate_orgs' called for #<Migrate::DataMigration:0x00007ffaa67a7300 @data=[{"identifier-id"=>"777777777", "scheme-id"=>"SF-URN", "rightToBuy"=>"false", "domainName"=>"domain.co.uk", "orgRoles"=>[{"name"=>"RMI User"}, {"name"=>"RMI Tile"}], "user"=>[{"email"=>"name@domain.co.uk", "title"=>"Mr", "firstName"=>"Joe", "lastName"=>"Bloggs", "contactEmail"=>"name@domain.co.uk", "contactMobile"=>"07777 777777", "contactPhone"=>"0207 777 7777", "contactFax"=>"0207 777 7778", "contactSocial"=>"https://www.linkedin.com/in/xx-yy-zz-09a5b24/", "userRoles"=>[{"name"=>"RMI User"}, {"name"=>"RMI Tile"}, {"name"=>"Organisation Administrator"}]}]}]>):
  
app/controllers/data_migration_controller.rb:131:in `process_json_data'
app/controllers/data_migration_controller.rb:72:in `process_csv_data'
app/controllers/data_migration_controller.rb:15:in `validate_as_csv'
Started POST "/data-migration/migrate/format/csv" for ::1 at 2024-02-01 14:22:57 +0000
Processing by DataMigrationController#validate_as_csv as */*
  Parameters: {"file"=>#<ActionDispatch::Http::UploadedFile:0x00007ffaa771e9c8 @tempfile=#<Tempfile:/tmp/RackMultipart20240201-18198-499hq6.csv>, @content_type="text/csv", @original_filename="testFile.csv", @headers="Content-Disposition: form-data; name=\"file\"; filename=\"testFile.csv\"\r\nContent-Type: text/csv\r\n">}
  [1m[36mClient Load (0.1ms)[0m  [1m[34mSELECT "clients".* FROM "clients" WHERE "clients"."api_key" = $1 LIMIT $2[0m  [["api_key", "1237"], ["LIMIT", 1]]
  ↳ app/services/authorize/token.rb:10:in `client_auth'
  [1m[36mTRANSACTION (0.1ms)[0m  [1m[35mBEGIN[0m
  ↳ app/services/migrate/data_migration.rb:25:in `block in migrate_orgs'
  [1m[36mOrganisation Exists? (0.2ms)[0m  [1m[34mSELECT 1 AS one FROM "organisations" WHERE LOWER("organisations"."identifier_id") = LOWER($1) LIMIT $2[0m  [["identifier_id", "777777777"], ["LIMIT", 1]]
  ↳ app/services/migrate/data_migration.rb:25:in `block in migrate_orgs'
  [1m[36mTRANSACTION (0.1ms)[0m  [1m[31mROLLBACK[0m
  ↳ app/services/migrate/data_migration.rb:25:in `block in migrate_orgs'
Completed 202 Accepted in 22ms (Views: 0.3ms | ActiveRecord: 5.1ms | Allocations: 13726)


Started POST "/data-migration/migrate/format/csv" for ::1 at 2024-02-01 14:26:08 +0000
  [1m[36mActiveRecord::SchemaMigration Load (0.4ms)[0m  [1m[34mSELECT "schema_migrations"."version" FROM "schema_migrations" ORDER BY "schema_migrations"."version" ASC[0m
Processing by DataMigrationController#validate_as_csv as */*
  Parameters: {"file"=>#<ActionDispatch::Http::UploadedFile:0x00007fab0004cd58 @tempfile=#<Tempfile:/tmp/RackMultipart20240201-18441-e0q3uq.csv>, @content_type="text/csv", @original_filename="testFile.csv", @headers="Content-Disposition: form-data; name=\"file\"; filename=\"testFile.csv\"\r\nContent-Type: text/csv\r\n">}
  [1m[36mClient Load (0.2ms)[0m  [1m[34mSELECT "clients".* FROM "clients" WHERE "clients"."api_key" = $1 LIMIT $2[0m  [["api_key", "1237"], ["LIMIT", 1]]
  ↳ app/services/authorize/token.rb:10:in `client_auth'
  [1m[36mTRANSACTION (0.1ms)[0m  [1m[35mBEGIN[0m
  ↳ app/services/migrate/data_migration.rb:24:in `block in migrate_orgs'
  [1m[36mOrganisation Exists? (0.3ms)[0m  [1m[34mSELECT 1 AS one FROM "organisations" WHERE LOWER("organisations"."identifier_id") = LOWER($1) LIMIT $2[0m  [["identifier_id", "777777777"], ["LIMIT", 1]]
  ↳ app/services/migrate/data_migration.rb:24:in `block in migrate_orgs'
  [1m[36mTRANSACTION (0.1ms)[0m  [1m[31mROLLBACK[0m
  ↳ app/services/migrate/data_migration.rb:24:in `block in migrate_orgs'
Completed 202 Accepted in 46ms (Views: 0.2ms | ActiveRecord: 7.8ms | Allocations: 26821)


Started POST "/data-migration/migrate/format/csv" for ::1 at 2024-02-01 14:26:32 +0000
Processing by DataMigrationController#validate_as_csv as */*
  Parameters: {"file"=>#<ActionDispatch::Http::UploadedFile:0x00007fab031e0c48 @tempfile=#<Tempfile:/tmp/RackMultipart20240201-18441-uwff3q.csv>, @content_type="text/csv", @original_filename="testFile.csv", @headers="Content-Disposition: form-data; name=\"file\"; filename=\"testFile.csv\"\r\nContent-Type: text/csv\r\n">}
  [1m[36mClient Load (0.1ms)[0m  [1m[34mSELECT "clients".* FROM "clients" WHERE "clients"."api_key" = $1 LIMIT $2[0m  [["api_key", "1237"], ["LIMIT", 1]]
  ↳ app/services/authorize/token.rb:10:in `client_auth'
  [1m[36mTRANSACTION (0.1ms)[0m  [1m[35mBEGIN[0m
  ↳ app/services/migrate/data_migration.rb:24:in `block in migrate_orgs'
  [1m[36mOrganisation Exists? (1.2ms)[0m  [1m[34mSELECT 1 AS one FROM "organisations" WHERE LOWER("organisations"."identifier_id") = LOWER($1) LIMIT $2[0m  [["identifier_id", "777777777"], ["LIMIT", 1]]
  ↳ app/services/migrate/data_migration.rb:24:in `block in migrate_orgs'
  [1m[36mTRANSACTION (0.1ms)[0m  [1m[31mROLLBACK[0m
  ↳ app/services/migrate/data_migration.rb:24:in `block in migrate_orgs'
Completed 202 Accepted in 14ms (Views: 0.1ms | ActiveRecord: 4.2ms | Allocations: 8799)


Started POST "/data-migration/migrate/format/csv" for ::1 at 2024-02-01 14:27:02 +0000
  [1m[36mActiveRecord::SchemaMigration Load (0.3ms)[0m  [1m[34mSELECT "schema_migrations"."version" FROM "schema_migrations" ORDER BY "schema_migrations"."version" ASC[0m
Processing by DataMigrationController#validate_as_csv as */*
  Parameters: {"file"=>#<ActionDispatch::Http::UploadedFile:0x00007f6dd816d080 @tempfile=#<Tempfile:/tmp/RackMultipart20240201-18623-z1n2ov.csv>, @content_type="text/csv", @original_filename="testFile.csv", @headers="Content-Disposition: form-data; name=\"file\"; filename=\"testFile.csv\"\r\nContent-Type: text/csv\r\n">}
  [1m[36mClient Load (0.2ms)[0m  [1m[34mSELECT "clients".* FROM "clients" WHERE "clients"."api_key" = $1 LIMIT $2[0m  [["api_key", "1237"], ["LIMIT", 1]]
  ↳ app/services/authorize/token.rb:10:in `client_auth'
  [1m[36mTRANSACTION (0.1ms)[0m  [1m[35mBEGIN[0m
  ↳ app/services/migrate/data_migration.rb:23:in `block in migrate_orgs'
  [1m[36mOrganisation Exists? (0.3ms)[0m  [1m[34mSELECT 1 AS one FROM "organisations" WHERE LOWER("organisations"."identifier_id") = LOWER($1) LIMIT $2[0m  [["identifier_id", "777777777"], ["LIMIT", 1]]
  ↳ app/services/migrate/data_migration.rb:23:in `block in migrate_orgs'
  [1m[36mOrganisation Create (0.3ms)[0m  [1m[32mINSERT INTO "organisations" ("identifier_id", "org_roles", "right_to_buy", "scheme_id", "status", "status_description", "domain_name") VALUES ($1, $2, $3, $4, $5, $6, $7) RETURNING "org_id"[0m  [["identifier_id", "777777777"], ["org_roles", "RMI User,RMI Tile"], ["right_to_buy", false], ["scheme_id", "SF-URN"], ["status", 200], ["status_description", "Success."], ["domain_name", "domain.co.uk"]]
  ↳ app/services/migrate/data_migration.rb:23:in `block in migrate_orgs'
  [1m[36mTRANSACTION (73.6ms)[0m  [1m[35mCOMMIT[0m
  ↳ app/services/migrate/data_migration.rb:23:in `block in migrate_orgs'
Completed 200 OK in 120ms (Views: 0.2ms | ActiveRecord: 82.2ms | Allocations: 27409)


Started POST "/data-migration/migrate/format/csv" for ::1 at 2024-02-01 14:27:24 +0000
Processing by DataMigrationController#validate_as_csv as */*
  Parameters: {"file"=>#<ActionDispatch::Http::UploadedFile:0x00007f6dd8193988 @tempfile=#<Tempfile:/tmp/RackMultipart20240201-18623-6bbf56.csv>, @content_type="text/csv", @original_filename="testFile.csv", @headers="Content-Disposition: form-data; name=\"file\"; filename=\"testFile.csv\"\r\nContent-Type: text/csv\r\n">}
  [1m[36mClient Load (0.3ms)[0m  [1m[34mSELECT "clients".* FROM "clients" WHERE "clients"."api_key" = $1 LIMIT $2[0m  [["api_key", "1237"], ["LIMIT", 1]]
  ↳ app/services/authorize/token.rb:10:in `client_auth'
  [1m[36mTRANSACTION (0.2ms)[0m  [1m[35mBEGIN[0m
  ↳ app/services/migrate/data_migration.rb:23:in `block in migrate_orgs'
  [1m[36mOrganisation Exists? (1.0ms)[0m  [1m[34mSELECT 1 AS one FROM "organisations" WHERE LOWER("organisations"."identifier_id") = LOWER($1) LIMIT $2[0m  [["identifier_id", "777777777"], ["LIMIT", 1]]
  ↳ app/services/migrate/data_migration.rb:23:in `block in migrate_orgs'
  [1m[36mTRANSACTION (0.2ms)[0m  [1m[31mROLLBACK[0m
  ↳ app/services/migrate/data_migration.rb:23:in `block in migrate_orgs'
Completed 202 Accepted in 5ms (Views: 0.2ms | ActiveRecord: 1.7ms | Allocations: 2765)


Started POST "/data-migration/migrate/format/csv" for ::1 at 2024-02-01 14:27:55 +0000
Processing by DataMigrationController#validate_as_csv as */*
  Parameters: {"file"=>#<ActionDispatch::Http::UploadedFile:0x00007f6ddb0eeb60 @tempfile=#<Tempfile:/tmp/RackMultipart20240201-18623-b2zfd3.csv>, @content_type="text/csv", @original_filename="testFile_orgs.csv", @headers="Content-Disposition: form-data; name=\"file\"; filename=\"testFile_orgs.csv\"\r\nContent-Type: text/csv\r\n">}
  [1m[36mClient Load (0.3ms)[0m  [1m[34mSELECT "clients".* FROM "clients" WHERE "clients"."api_key" = $1 LIMIT $2[0m  [["api_key", "1237"], ["LIMIT", 1]]
  ↳ app/services/authorize/token.rb:10:in `client_auth'
  [1m[36mTRANSACTION (0.2ms)[0m  [1m[35mBEGIN[0m
  ↳ app/services/migrate/data_migration.rb:23:in `block in migrate_orgs'
  [1m[36mOrganisation Exists? (1.3ms)[0m  [1m[34mSELECT 1 AS one FROM "organisations" WHERE LOWER("organisations"."identifier_id") = LOWER($1) LIMIT $2[0m  [["identifier_id", "777777777"], ["LIMIT", 1]]
  ↳ app/services/migrate/data_migration.rb:23:in `block in migrate_orgs'
  [1m[36mOrganisation Create (0.3ms)[0m  [1m[32mINSERT INTO "organisations" ("identifier_id", "org_roles", "right_to_buy", "scheme_id", "status", "status_description", "domain_name") VALUES ($1, $2, $3, $4, $5, $6, $7) RETURNING "org_id"[0m  [["identifier_id", "777777777"], ["org_roles", "RMI User,RMI Tile"], ["right_to_buy", false], ["scheme_id", "SF-URN"], ["status", 200], ["status_description", "Success."], ["domain_name", "domain.co.uk"]]
  ↳ app/services/migrate/data_migration.rb:23:in `block in migrate_orgs'
  [1m[36mTRANSACTION (136.6ms)[0m  [1m[35mCOMMIT[0m
  ↳ app/services/migrate/data_migration.rb:23:in `block in migrate_orgs'
  [1m[36mTRANSACTION (0.1ms)[0m  [1m[35mBEGIN[0m
  ↳ app/services/migrate/data_migration.rb:23:in `block in migrate_orgs'
  [1m[36mOrganisation Exists? (1.0ms)[0m  [1m[34mSELECT 1 AS one FROM "organisations" WHERE LOWER("organisations"."identifier_id") = LOWER($1) LIMIT $2[0m  [["identifier_id", "123456789"], ["LIMIT", 1]]
  ↳ app/services/migrate/data_migration.rb:23:in `block in migrate_orgs'
  [1m[36mTRANSACTION (0.1ms)[0m  [1m[31mROLLBACK[0m
  ↳ app/services/migrate/data_migration.rb:23:in `block in migrate_orgs'
Completed 202 Accepted in 145ms (Views: 0.3ms | ActiveRecord: 139.8ms | Allocations: 5406)


Started POST "/data-migration/migrate/format/csv" for ::1 at 2024-02-01 14:33:38 +0000
Processing by DataMigrationController#validate_as_csv as */*
  Parameters: {"file"=>#<ActionDispatch::Http::UploadedFile:0x00007f6dd9c57990 @tempfile=#<Tempfile:/tmp/RackMultipart20240201-18623-f9cxx2.csv>, @content_type="text/csv", @original_filename="testFile_orgs.csv", @headers="Content-Disposition: form-data; name=\"file\"; filename=\"testFile_orgs.csv\"\r\nContent-Type: text/csv\r\n">}
  [1m[36mClient Load (0.2ms)[0m  [1m[34mSELECT "clients".* FROM "clients" WHERE "clients"."api_key" = $1 LIMIT $2[0m  [["api_key", "1237"], ["LIMIT", 1]]
  ↳ app/services/authorize/token.rb:10:in `client_auth'
  [1m[36mTRANSACTION (0.1ms)[0m  [1m[35mBEGIN[0m
  ↳ app/services/migrate/data_migration.rb:24:in `block in migrate_orgs'
  [1m[36mOrganisation Exists? (0.4ms)[0m  [1m[34mSELECT 1 AS one FROM "organisations" WHERE LOWER("organisations"."identifier_id") = LOWER($1) LIMIT $2[0m  [["identifier_id", "777777777"], ["LIMIT", 1]]
  ↳ app/services/migrate/data_migration.rb:24:in `block in migrate_orgs'
  [1m[36mTRANSACTION (0.1ms)[0m  [1m[31mROLLBACK[0m
  ↳ app/services/migrate/data_migration.rb:24:in `block in migrate_orgs'
Completed 202 Accepted in 28ms (Views: 0.3ms | ActiveRecord: 5.5ms | Allocations: 11740)


Started POST "/data-migration/migrate/format/csv" for ::1 at 2024-02-01 14:36:38 +0000
Processing by DataMigrationController#validate_as_csv as */*
  Parameters: {"file"=>#<ActionDispatch::Http::UploadedFile:0x00007f6db30d9850 @tempfile=#<Tempfile:/tmp/RackMultipart20240201-18623-71cdwr.csv>, @content_type="text/csv", @original_filename="testFile_orgs.csv", @headers="Content-Disposition: form-data; name=\"file\"; filename=\"testFile_orgs.csv\"\r\nContent-Type: text/csv\r\n">}
  [1m[36mClient Load (0.2ms)[0m  [1m[34mSELECT "clients".* FROM "clients" WHERE "clients"."api_key" = $1 LIMIT $2[0m  [["api_key", "1237"], ["LIMIT", 1]]
  ↳ app/services/authorize/token.rb:10:in `client_auth'
  [1m[36mTRANSACTION (0.2ms)[0m  [1m[35mBEGIN[0m
  ↳ app/services/migrate/data_migration.rb:25:in `block in migrate_orgs'
  [1m[36mOrganisation Exists? (1.1ms)[0m  [1m[34mSELECT 1 AS one FROM "organisations" WHERE LOWER("organisations"."identifier_id") = LOWER($1) LIMIT $2[0m  [["identifier_id", "777777777"], ["LIMIT", 1]]
  ↳ app/services/migrate/data_migration.rb:25:in `block in migrate_orgs'
  [1m[36mTRANSACTION (0.1ms)[0m  [1m[31mROLLBACK[0m
  ↳ app/services/migrate/data_migration.rb:25:in `block in migrate_orgs'
Completed 202 Accepted in 16ms (Views: 0.2ms | ActiveRecord: 5.6ms | Allocations: 9392)


Started POST "/data-migration/migrate/format/csv" for ::1 at 2024-02-01 14:37:23 +0000
Processing by DataMigrationController#validate_as_csv as */*
  Parameters: {"file"=>#<ActionDispatch::Http::UploadedFile:0x00007f6db2f657d0 @tempfile=#<Tempfile:/tmp/RackMultipart20240201-18623-uzsv5c.csv>, @content_type="text/csv", @original_filename="testFile_orgs.csv", @headers="Content-Disposition: form-data; name=\"file\"; filename=\"testFile_orgs.csv\"\r\nContent-Type: text/csv\r\n">}
  [1m[36mClient Load (0.1ms)[0m  [1m[34mSELECT "clients".* FROM "clients" WHERE "clients"."api_key" = $1 LIMIT $2[0m  [["api_key", "1237"], ["LIMIT", 1]]
  ↳ app/services/authorize/token.rb:10:in `client_auth'
  [1m[36mTRANSACTION (0.2ms)[0m  [1m[35mBEGIN[0m
  ↳ app/services/migrate/data_migration.rb:25:in `block in migrate_orgs'
  [1m[36mOrganisation Exists? (1.2ms)[0m  [1m[34mSELECT 1 AS one FROM "organisations" WHERE LOWER("organisations"."identifier_id") = LOWER($1) LIMIT $2[0m  [["identifier_id", "777777777"], ["LIMIT", 1]]
  ↳ app/services/migrate/data_migration.rb:25:in `block in migrate_orgs'
  [1m[36mTRANSACTION (0.1ms)[0m  [1m[31mROLLBACK[0m
  ↳ app/services/migrate/data_migration.rb:25:in `block in migrate_orgs'
Completed 202 Accepted in 23ms (Views: 0.2ms | ActiveRecord: 4.9ms | Allocations: 9439)


Started POST "/data-migration/migrate/format/csv" for ::1 at 2024-02-01 14:48:45 +0000
  [1m[36mActiveRecord::SchemaMigration Load (0.6ms)[0m  [1m[34mSELECT "schema_migrations"."version" FROM "schema_migrations" ORDER BY "schema_migrations"."version" ASC[0m
Processing by DataMigrationController#validate_as_csv as */*
  Parameters: {"file"=>#<ActionDispatch::Http::UploadedFile:0x00007fbe0014b5e8 @tempfile=#<Tempfile:/tmp/RackMultipart20240201-19369-ogsett.csv>, @content_type="text/csv", @original_filename="testFile_orgs.csv", @headers="Content-Disposition: form-data; name=\"file\"; filename=\"testFile_orgs.csv\"\r\nContent-Type: text/csv\r\n">}
  [1m[36mClient Load (0.3ms)[0m  [1m[34mSELECT "clients".* FROM "clients" WHERE "clients"."api_key" = $1 LIMIT $2[0m  [["api_key", "1237"], ["LIMIT", 1]]
  ↳ app/services/authorize/token.rb:10:in `client_auth'
  [1m[36mTRANSACTION (0.1ms)[0m  [1m[35mBEGIN[0m
  ↳ app/services/migrate/data_migration.rb:22:in `block in migrate_orgs'
  [1m[36mOrganisation Exists? (0.3ms)[0m  [1m[34mSELECT 1 AS one FROM "organisations" WHERE LOWER("organisations"."identifier_id") = LOWER($1) LIMIT $2[0m  [["identifier_id", "777777777"], ["LIMIT", 1]]
  ↳ app/services/migrate/data_migration.rb:22:in `block in migrate_orgs'
  [1m[36mTRANSACTION (0.1ms)[0m  [1m[31mROLLBACK[0m
  ↳ app/services/migrate/data_migration.rb:22:in `block in migrate_orgs'
Completed 500 Internal Server Error in 54ms (ActiveRecord: 8.4ms | Allocations: 27283)


  
NameError (undefined local variable or method `orgErrorsList' for #<Migrate::DataMigration:0x00007fbe02e0da68 @data=[{"identifier-id"=>"777777777", "scheme-id"=>"SF-URN", "rightToBuy"=>"false", "domainName"=>"domain.co.uk", "orgRoles"=>[{"name"=>"RMI User"}, {"name"=>"RMI Tile"}], "user"=>[{"email"=>"name@domain.co.uk", "title"=>"Mr", "firstName"=>"Joe", "lastName"=>"Bloggs", "contactEmail"=>"name@domain.co.uk", "contactMobile"=>"07777 777777", "contactPhone"=>"0207 777 7777", "contactFax"=>"0207 777 7778", "contactSocial"=>"https://www.linkedin.com/in/xx-yy-zz-09a5b24/", "userRoles"=>[{"name"=>"RMI User"}, {"name"=>"RMI Tile"}, {"name"=>"Organisation Administrator"}]}]}, {"identifier-id"=>"123456789", "scheme-id"=>"SF-URN", "rightToBuy"=>"false", "domainName"=>"domaintwo.co.uk", "orgRoles"=>[{"name"=>"RMI User"}, {"name"=>"RMI Tile"}], "user"=>[{"email"=>"name2@domaintwo.co.uk", "title"=>"Mr", "firstName"=>"Test", "lastName"=>"Testing", "contactEmail"=>"test@test.com", "contactMobile"=>"07777 777777", "contactPhone"=>"0207 777 7777", "contactFax"=>"0207 777 7778", "contactSocial"=>"https://www.linkedin.com/in/xx-yy-zz-09a5b24/", "userRoles"=>[{"name"=>"RMI User"}, {"name"=>"RMI Tile"}, {"name"=>"Organisation Administrator"}]}]}, {"identifier-id"=>"222222222", "scheme-id"=>"SF-URN", "rightToBuy"=>"false", "domainName"=>"domainthree.co.uk", "orgRoles"=>[{"name"=>"RMI User"}, {"name"=>"RMI Tile"}], "user"=>[{"email"=>"name3@domainthree.co.uk", "title"=>"Mrs", "firstName"=>"Jane", "lastName"=>"Bloggs", "contactEmail"=>"test2@test.com", "contactMobile"=>"07777 777777", "contactPhone"=>"0207 777 7777", "contactFax"=>"0207 777 7778", "contactSocial"=>"https://www.linkedin.com/in/xx-yy-zz-09a5b24/", "userRoles"=>[{"name"=>"RMI User"}, {"name"=>"RMI Tile"}, {"name"=>"Organisation Administrator"}]}]}], @orgErrorsList=[], @orgSuccessList=[]>):
  
app/services/migrate/data_migration.rb:25:in `block in migrate_orgs'
app/services/migrate/data_migration.rb:11:in `each'
app/services/migrate/data_migration.rb:11:in `migrate_orgs'
app/controllers/data_migration_controller.rb:131:in `process_json_data'
app/controllers/data_migration_controller.rb:72:in `process_csv_data'
app/controllers/data_migration_controller.rb:15:in `validate_as_csv'
Started POST "/data-migration/migrate/format/csv" for ::1 at 2024-02-01 14:49:14 +0000
  [1m[36mActiveRecord::SchemaMigration Load (0.4ms)[0m  [1m[34mSELECT "schema_migrations"."version" FROM "schema_migrations" ORDER BY "schema_migrations"."version" ASC[0m
Processing by DataMigrationController#validate_as_csv as */*
  Parameters: {"file"=>#<ActionDispatch::Http::UploadedFile:0x00007f573c51ccb0 @tempfile=#<Tempfile:/tmp/RackMultipart20240201-19495-llsi7f.csv>, @content_type="text/csv", @original_filename="testFile_orgs.csv", @headers="Content-Disposition: form-data; name=\"file\"; filename=\"testFile_orgs.csv\"\r\nContent-Type: text/csv\r\n">}
  [1m[36mClient Load (0.3ms)[0m  [1m[34mSELECT "clients".* FROM "clients" WHERE "clients"."api_key" = $1 LIMIT $2[0m  [["api_key", "1237"], ["LIMIT", 1]]
  ↳ app/services/authorize/token.rb:10:in `client_auth'
  [1m[36mTRANSACTION (0.1ms)[0m  [1m[35mBEGIN[0m
  ↳ app/services/migrate/data_migration.rb:22:in `block in migrate_orgs'
  [1m[36mOrganisation Exists? (0.3ms)[0m  [1m[34mSELECT 1 AS one FROM "organisations" WHERE LOWER("organisations"."identifier_id") = LOWER($1) LIMIT $2[0m  [["identifier_id", "777777777"], ["LIMIT", 1]]
  ↳ app/services/migrate/data_migration.rb:22:in `block in migrate_orgs'
  [1m[36mTRANSACTION (0.1ms)[0m  [1m[31mROLLBACK[0m
  ↳ app/services/migrate/data_migration.rb:22:in `block in migrate_orgs'
  [1m[36mTRANSACTION (0.1ms)[0m  [1m[35mBEGIN[0m
  ↳ app/services/migrate/data_migration.rb:22:in `block in migrate_orgs'
  [1m[36mOrganisation Exists? (0.8ms)[0m  [1m[34mSELECT 1 AS one FROM "organisations" WHERE LOWER("organisations"."identifier_id") = LOWER($1) LIMIT $2[0m  [["identifier_id", "123456789"], ["LIMIT", 1]]
  ↳ app/services/migrate/data_migration.rb:22:in `block in migrate_orgs'
  [1m[36mTRANSACTION (0.1ms)[0m  [1m[31mROLLBACK[0m
  ↳ app/services/migrate/data_migration.rb:22:in `block in migrate_orgs'
  [1m[36mTRANSACTION (0.1ms)[0m  [1m[35mBEGIN[0m
  ↳ app/services/migrate/data_migration.rb:22:in `block in migrate_orgs'
  [1m[36mOrganisation Exists? (0.8ms)[0m  [1m[34mSELECT 1 AS one FROM "organisations" WHERE LOWER("organisations"."identifier_id") = LOWER($1) LIMIT $2[0m  [["identifier_id", "222222222"], ["LIMIT", 1]]
  ↳ app/services/migrate/data_migration.rb:22:in `block in migrate_orgs'
  [1m[36mOrganisation Create (0.2ms)[0m  [1m[32mINSERT INTO "organisations" ("identifier_id", "org_roles", "right_to_buy", "scheme_id", "status", "status_description", "domain_name") VALUES ($1, $2, $3, $4, $5, $6, $7) RETURNING "org_id"[0m  [["identifier_id", "222222222"], ["org_roles", "RMI User,RMI Tile"], ["right_to_buy", false], ["scheme_id", "SF-URN"], ["status", 200], ["status_description", "Success."], ["domain_name", "domainthree.co.uk"]]
  ↳ app/services/migrate/data_migration.rb:22:in `block in migrate_orgs'
  [1m[36mTRANSACTION (10.6ms)[0m  [1m[35mCOMMIT[0m
  ↳ app/services/migrate/data_migration.rb:22:in `block in migrate_orgs'
Completed 500 Internal Server Error in 64ms (ActiveRecord: 21.2ms | Allocations: 31438)


  
NameError (undefined local variable or method `orgSuccessList' for #<Migrate::DataMigration:0x00007f573f30a708 @data=[{"identifier-id"=>"777777777", "scheme-id"=>"SF-URN", "rightToBuy"=>"false", "domainName"=>"domain.co.uk", "orgRoles"=>[{"name"=>"RMI User"}, {"name"=>"RMI Tile"}], "user"=>[{"email"=>"name@domain.co.uk", "title"=>"Mr", "firstName"=>"Joe", "lastName"=>"Bloggs", "contactEmail"=>"name@domain.co.uk", "contactMobile"=>"07777 777777", "contactPhone"=>"0207 777 7777", "contactFax"=>"0207 777 7778", "contactSocial"=>"https://www.linkedin.com/in/xx-yy-zz-09a5b24/", "userRoles"=>[{"name"=>"RMI User"}, {"name"=>"RMI Tile"}, {"name"=>"Organisation Administrator"}]}]}, {"identifier-id"=>"123456789", "scheme-id"=>"SF-URN", "rightToBuy"=>"false", "domainName"=>"domaintwo.co.uk", "orgRoles"=>[{"name"=>"RMI User"}, {"name"=>"RMI Tile"}], "user"=>[{"email"=>"name2@domaintwo.co.uk", "title"=>"Mr", "firstName"=>"Test", "lastName"=>"Testing", "contactEmail"=>"test@test.com", "contactMobile"=>"07777 777777", "contactPhone"=>"0207 777 7777", "contactFax"=>"0207 777 7778", "contactSocial"=>"https://www.linkedin.com/in/xx-yy-zz-09a5b24/", "userRoles"=>[{"name"=>"RMI User"}, {"name"=>"RMI Tile"}, {"name"=>"Organisation Administrator"}]}]}, {"identifier-id"=>"222222222", "scheme-id"=>"SF-URN", "rightToBuy"=>"false", "domainName"=>"domainthree.co.uk", "orgRoles"=>[{"name"=>"RMI User"}, {"name"=>"RMI Tile"}], "user"=>[{"email"=>"name3@domainthree.co.uk", "title"=>"Mrs", "firstName"=>"Jane", "lastName"=>"Bloggs", "contactEmail"=>"test2@test.com", "contactMobile"=>"07777 777777", "contactPhone"=>"0207 777 7777", "contactFax"=>"0207 777 7778", "contactSocial"=>"https://www.linkedin.com/in/xx-yy-zz-09a5b24/", "userRoles"=>[{"name"=>"RMI User"}, {"name"=>"RMI Tile"}, {"name"=>"Organisation Administrator"}]}]}], @orgErrorsList=[{:status=>500, :data=>#<ActiveModel::Errors [#<ActiveModel::Error attribute=identifier_id, type=taken, options={:value=>"777777777"}>]>, :success=>false, :org=>"SF-URN-777777777"}, {:status=>500, :data=>#<ActiveModel::Errors [#<ActiveModel::Error attribute=identifier_id, type=taken, options={:value=>"123456789"}>]>, :success=>false, :org=>"SF-URN-123456789"}], @orgSuccessList=[{:status=>201, :data=>#<Organisation org_id: 5, identifier_id: "222222222", org_roles: "RMI User,RMI Tile", right_to_buy: false, scheme_id: "SF-URN", status: 200, status_description: "Success.", domain_name: "domainthree.co.uk">, :success=>true, :org=>"SF-URN-222222222"}]>):
  
app/services/migrate/data_migration.rb:29:in `migrate_orgs'
app/controllers/data_migration_controller.rb:131:in `process_json_data'
app/controllers/data_migration_controller.rb:72:in `process_csv_data'
app/controllers/data_migration_controller.rb:15:in `validate_as_csv'
Started POST "/data-migration/migrate/format/csv" for ::1 at 2024-02-01 14:49:52 +0000
  [1m[36mActiveRecord::SchemaMigration Load (0.4ms)[0m  [1m[34mSELECT "schema_migrations"."version" FROM "schema_migrations" ORDER BY "schema_migrations"."version" ASC[0m
Processing by DataMigrationController#validate_as_csv as */*
  Parameters: {"file"=>#<ActionDispatch::Http::UploadedFile:0x00007f9db809cc68 @tempfile=#<Tempfile:/tmp/RackMultipart20240201-19578-aii90q.csv>, @content_type="text/csv", @original_filename="testFile_orgs.csv", @headers="Content-Disposition: form-data; name=\"file\"; filename=\"testFile_orgs.csv\"\r\nContent-Type: text/csv\r\n">}
  [1m[36mClient Load (0.2ms)[0m  [1m[34mSELECT "clients".* FROM "clients" WHERE "clients"."api_key" = $1 LIMIT $2[0m  [["api_key", "1237"], ["LIMIT", 1]]
  ↳ app/services/authorize/token.rb:10:in `client_auth'
  [1m[36mTRANSACTION (0.2ms)[0m  [1m[35mBEGIN[0m
  ↳ app/services/migrate/data_migration.rb:22:in `block in migrate_orgs'
  [1m[36mOrganisation Exists? (0.4ms)[0m  [1m[34mSELECT 1 AS one FROM "organisations" WHERE LOWER("organisations"."identifier_id") = LOWER($1) LIMIT $2[0m  [["identifier_id", "777777777"], ["LIMIT", 1]]
  ↳ app/services/migrate/data_migration.rb:22:in `block in migrate_orgs'
  [1m[36mTRANSACTION (0.1ms)[0m  [1m[31mROLLBACK[0m
  ↳ app/services/migrate/data_migration.rb:22:in `block in migrate_orgs'
  [1m[36mTRANSACTION (0.2ms)[0m  [1m[35mBEGIN[0m
  ↳ app/services/migrate/data_migration.rb:22:in `block in migrate_orgs'
  [1m[36mOrganisation Exists? (0.9ms)[0m  [1m[34mSELECT 1 AS one FROM "organisations" WHERE LOWER("organisations"."identifier_id") = LOWER($1) LIMIT $2[0m  [["identifier_id", "123456789"], ["LIMIT", 1]]
  ↳ app/services/migrate/data_migration.rb:22:in `block in migrate_orgs'
  [1m[36mTRANSACTION (0.1ms)[0m  [1m[31mROLLBACK[0m
  ↳ app/services/migrate/data_migration.rb:22:in `block in migrate_orgs'
  [1m[36mTRANSACTION (0.1ms)[0m  [1m[35mBEGIN[0m
  ↳ app/services/migrate/data_migration.rb:22:in `block in migrate_orgs'
  [1m[36mOrganisation Exists? (0.8ms)[0m  [1m[34mSELECT 1 AS one FROM "organisations" WHERE LOWER("organisations"."identifier_id") = LOWER($1) LIMIT $2[0m  [["identifier_id", "222222222"], ["LIMIT", 1]]
  ↳ app/services/migrate/data_migration.rb:22:in `block in migrate_orgs'
  [1m[36mTRANSACTION (0.1ms)[0m  [1m[31mROLLBACK[0m
  ↳ app/services/migrate/data_migration.rb:22:in `block in migrate_orgs'
Completed 200 OK in 180ms (Views: 127.6ms | ActiveRecord: 10.6ms | Allocations: 33478)


Started POST "/data-migration/migrate/format/csv" for ::1 at 2024-02-01 14:51:46 +0000
Processing by DataMigrationController#validate_as_csv as */*
  Parameters: {"file"=>#<ActionDispatch::Http::UploadedFile:0x00007f9db994e3d8 @tempfile=#<Tempfile:/tmp/RackMultipart20240201-19578-absi9r.csv>, @content_type="text/csv", @original_filename="testFile_orgs.csv", @headers="Content-Disposition: form-data; name=\"file\"; filename=\"testFile_orgs.csv\"\r\nContent-Type: text/csv\r\n">}
  [1m[36mClient Load (0.3ms)[0m  [1m[34mSELECT "clients".* FROM "clients" WHERE "clients"."api_key" = $1 LIMIT $2[0m  [["api_key", "1237"], ["LIMIT", 1]]
  ↳ app/services/authorize/token.rb:10:in `client_auth'
  [1m[36mTRANSACTION (0.2ms)[0m  [1m[35mBEGIN[0m
  ↳ app/services/migrate/data_migration.rb:22:in `block in migrate_orgs'
  [1m[36mOrganisation Exists? (1.0ms)[0m  [1m[34mSELECT 1 AS one FROM "organisations" WHERE LOWER("organisations"."identifier_id") = LOWER($1) LIMIT $2[0m  [["identifier_id", "777777777"], ["LIMIT", 1]]
  ↳ app/services/migrate/data_migration.rb:22:in `block in migrate_orgs'
  [1m[36mTRANSACTION (0.1ms)[0m  [1m[31mROLLBACK[0m
  ↳ app/services/migrate/data_migration.rb:22:in `block in migrate_orgs'
  [1m[36mTRANSACTION (0.1ms)[0m  [1m[35mBEGIN[0m
  ↳ app/services/migrate/data_migration.rb:22:in `block in migrate_orgs'
  [1m[36mOrganisation Exists? (0.7ms)[0m  [1m[34mSELECT 1 AS one FROM "organisations" WHERE LOWER("organisations"."identifier_id") = LOWER($1) LIMIT $2[0m  [["identifier_id", "123456789"], ["LIMIT", 1]]
  ↳ app/services/migrate/data_migration.rb:22:in `block in migrate_orgs'
  [1m[36mTRANSACTION (0.1ms)[0m  [1m[31mROLLBACK[0m
  ↳ app/services/migrate/data_migration.rb:22:in `block in migrate_orgs'
  [1m[36mTRANSACTION (0.1ms)[0m  [1m[35mBEGIN[0m
  ↳ app/services/migrate/data_migration.rb:22:in `block in migrate_orgs'
  [1m[36mOrganisation Exists? (0.8ms)[0m  [1m[34mSELECT 1 AS one FROM "organisations" WHERE LOWER("organisations"."identifier_id") = LOWER($1) LIMIT $2[0m  [["identifier_id", "222222222"], ["LIMIT", 1]]
  ↳ app/services/migrate/data_migration.rb:22:in `block in migrate_orgs'
  [1m[36mTRANSACTION (0.0ms)[0m  [1m[31mROLLBACK[0m
  ↳ app/services/migrate/data_migration.rb:22:in `block in migrate_orgs'
Completed 200 OK in 18ms (Views: 0.6ms | ActiveRecord: 6.1ms | Allocations: 13285)


Started POST "/data-migration/migrate/format/csv" for ::1 at 2024-02-01 14:52:25 +0000
Processing by DataMigrationController#validate_as_csv as */*
  Parameters: {"file"=>#<ActionDispatch::Http::UploadedFile:0x00007f9db99a0570 @tempfile=#<Tempfile:/tmp/RackMultipart20240201-19578-4twl22.csv>, @content_type="text/csv", @original_filename="testFile_orgs.csv", @headers="Content-Disposition: form-data; name=\"file\"; filename=\"testFile_orgs.csv\"\r\nContent-Type: text/csv\r\n">}
  [1m[36mClient Load (0.2ms)[0m  [1m[34mSELECT "clients".* FROM "clients" WHERE "clients"."api_key" = $1 LIMIT $2[0m  [["api_key", "1237"], ["LIMIT", 1]]
  ↳ app/services/authorize/token.rb:10:in `client_auth'
  [1m[36mTRANSACTION (0.1ms)[0m  [1m[35mBEGIN[0m
  ↳ app/services/migrate/data_migration.rb:22:in `block in migrate_orgs'
  [1m[36mOrganisation Exists? (0.8ms)[0m  [1m[34mSELECT 1 AS one FROM "organisations" WHERE LOWER("organisations"."identifier_id") = LOWER($1) LIMIT $2[0m  [["identifier_id", "777777777"], ["LIMIT", 1]]
  ↳ app/services/migrate/data_migration.rb:22:in `block in migrate_orgs'
  [1m[36mOrganisation Create (0.3ms)[0m  [1m[32mINSERT INTO "organisations" ("identifier_id", "org_roles", "right_to_buy", "scheme_id", "status", "status_description", "domain_name") VALUES ($1, $2, $3, $4, $5, $6, $7) RETURNING "org_id"[0m  [["identifier_id", "777777777"], ["org_roles", "RMI User,RMI Tile"], ["right_to_buy", false], ["scheme_id", "SF-URN"], ["status", 200], ["status_description", "Success."], ["domain_name", "domain.co.uk"]]
  ↳ app/services/migrate/data_migration.rb:22:in `block in migrate_orgs'
  [1m[36mTRANSACTION (17.4ms)[0m  [1m[35mCOMMIT[0m
  ↳ app/services/migrate/data_migration.rb:22:in `block in migrate_orgs'
  [1m[36mTRANSACTION (0.2ms)[0m  [1m[35mBEGIN[0m
  ↳ app/services/migrate/data_migration.rb:22:in `block in migrate_orgs'
  [1m[36mOrganisation Exists? (1.1ms)[0m  [1m[34mSELECT 1 AS one FROM "organisations" WHERE LOWER("organisations"."identifier_id") = LOWER($1) LIMIT $2[0m  [["identifier_id", "123456789"], ["LIMIT", 1]]
  ↳ app/services/migrate/data_migration.rb:22:in `block in migrate_orgs'
  [1m[36mTRANSACTION (0.1ms)[0m  [1m[31mROLLBACK[0m
  ↳ app/services/migrate/data_migration.rb:22:in `block in migrate_orgs'
  [1m[36mTRANSACTION (0.1ms)[0m  [1m[35mBEGIN[0m
  ↳ app/services/migrate/data_migration.rb:22:in `block in migrate_orgs'
  [1m[36mOrganisation Exists? (0.6ms)[0m  [1m[34mSELECT 1 AS one FROM "organisations" WHERE LOWER("organisations"."identifier_id") = LOWER($1) LIMIT $2[0m  [["identifier_id", "222222222"], ["LIMIT", 1]]
  ↳ app/services/migrate/data_migration.rb:22:in `block in migrate_orgs'
  [1m[36mOrganisation Create (0.2ms)[0m  [1m[32mINSERT INTO "organisations" ("identifier_id", "org_roles", "right_to_buy", "scheme_id", "status", "status_description", "domain_name") VALUES ($1, $2, $3, $4, $5, $6, $7) RETURNING "org_id"[0m  [["identifier_id", "222222222"], ["org_roles", "RMI User,RMI Tile"], ["right_to_buy", false], ["scheme_id", "SF-URN"], ["status", 200], ["status_description", "Success."], ["domain_name", "domainthree.co.uk"]]
  ↳ app/services/migrate/data_migration.rb:22:in `block in migrate_orgs'
  [1m[36mTRANSACTION (17.2ms)[0m  [1m[35mCOMMIT[0m
  ↳ app/services/migrate/data_migration.rb:22:in `block in migrate_orgs'
Completed 200 OK in 46ms (Views: 0.5ms | ActiveRecord: 38.1ms | Allocations: 8000)


Started POST "/data-migration/migrate/format/csv" for ::1 at 2024-02-01 15:32:52 +0000
  [1m[36mActiveRecord::SchemaMigration Load (0.4ms)[0m  [1m[34mSELECT "schema_migrations"."version" FROM "schema_migrations" ORDER BY "schema_migrations"."version" ASC[0m
Processing by DataMigrationController#validate_as_csv as */*
  Parameters: {"file"=>#<ActionDispatch::Http::UploadedFile:0x00007face95f3bb8 @tempfile=#<Tempfile:/tmp/RackMultipart20240201-20656-4d47td.csv>, @content_type="text/csv", @original_filename="testFile.csv", @headers="Content-Disposition: form-data; name=\"file\"; filename=\"testFile.csv\"\r\nContent-Type: text/csv\r\n">}
  [1m[36mClient Load (0.2ms)[0m  [1m[34mSELECT "clients".* FROM "clients" WHERE "clients"."api_key" = $1 LIMIT $2[0m  [["api_key", "1237"], ["LIMIT", 1]]
  ↳ app/services/authorize/token.rb:10:in `client_auth'
  [1m[36mTRANSACTION (0.1ms)[0m  [1m[35mBEGIN[0m
  ↳ app/services/migrate/data_migration.rb:24:in `block in migrate_orgs'
  [1m[36mOrganisation Exists? (0.3ms)[0m  [1m[34mSELECT 1 AS one FROM "organisations" WHERE LOWER("organisations"."identifier_id") = LOWER($1) LIMIT $2[0m  [["identifier_id", "777777777"], ["LIMIT", 1]]
  ↳ app/services/migrate/data_migration.rb:24:in `block in migrate_orgs'
  [1m[36mTRANSACTION (0.1ms)[0m  [1m[31mROLLBACK[0m
  ↳ app/services/migrate/data_migration.rb:24:in `block in migrate_orgs'
Completed 500 Internal Server Error in 41ms (ActiveRecord: 8.0ms | Allocations: 26823)


  
NameError (uninitialized constant Migrate::DataMigration::User):
  
app/services/migrate/data_migration.rb:38:in `block (2 levels) in migrate_users'
app/services/migrate/data_migration.rb:37:in `each'
app/services/migrate/data_migration.rb:37:in `block in migrate_users'
app/services/migrate/data_migration.rb:36:in `each'
app/services/migrate/data_migration.rb:36:in `migrate_users'
app/controllers/data_migration_controller.rb:132:in `process_json_data'
app/controllers/data_migration_controller.rb:72:in `process_csv_data'
app/controllers/data_migration_controller.rb:15:in `validate_as_csv'
  [1m[35m (0.1ms)[0m  [1m[34mSELECT pg_try_advisory_lock(2642523968964351780)[0m
  [1m[36mActiveRecord::SchemaMigration Load (0.3ms)[0m  [1m[34mSELECT "schema_migrations"."version" FROM "schema_migrations" ORDER BY "schema_migrations"."version" ASC[0m
  [1m[36mActiveRecord::InternalMetadata Load (49.1ms)[0m  [1m[34mSELECT * FROM "ar_internal_metadata" WHERE "ar_internal_metadata"."key" = $1 ORDER BY "ar_internal_metadata"."key" ASC LIMIT 1[0m  [[nil, "environment"]]
  [1m[35m (0.7ms)[0m  [1m[34mSELECT pg_advisory_unlock(2642523968964351780)[0m
  [1m[36mActiveRecord::SchemaMigration Load (0.4ms)[0m  [1m[34mSELECT "schema_migrations"."version" FROM "schema_migrations" ORDER BY "schema_migrations"."version" ASC[0m
  [1m[35m (0.1ms)[0m  [1m[34mSELECT pg_try_advisory_lock(2642523968964351780)[0m
  [1m[36mActiveRecord::SchemaMigration Load (0.3ms)[0m  [1m[34mSELECT "schema_migrations"."version" FROM "schema_migrations" ORDER BY "schema_migrations"."version" ASC[0m
  [1m[36mActiveRecord::InternalMetadata Load (0.3ms)[0m  [1m[34mSELECT * FROM "ar_internal_metadata" WHERE "ar_internal_metadata"."key" = $1 ORDER BY "ar_internal_metadata"."key" ASC LIMIT 1[0m  [[nil, "environment"]]
  [1m[35m (0.1ms)[0m  [1m[34mSELECT pg_advisory_unlock(2642523968964351780)[0m
  [1m[36mActiveRecord::SchemaMigration Load (0.1ms)[0m  [1m[34mSELECT "schema_migrations"."version" FROM "schema_migrations" ORDER BY "schema_migrations"."version" ASC[0m
  [1m[35m (0.1ms)[0m  [1m[34mSELECT pg_try_advisory_lock(2642523968964351780)[0m
  [1m[36mActiveRecord::SchemaMigration Load (0.3ms)[0m  [1m[34mSELECT "schema_migrations"."version" FROM "schema_migrations" ORDER BY "schema_migrations"."version" ASC[0m
  [1m[36mActiveRecord::InternalMetadata Load (0.3ms)[0m  [1m[34mSELECT * FROM "ar_internal_metadata" WHERE "ar_internal_metadata"."key" = $1 ORDER BY "ar_internal_metadata"."key" ASC LIMIT 1[0m  [[nil, "environment"]]
  [1m[35m (0.1ms)[0m  [1m[34mSELECT pg_advisory_unlock(2642523968964351780)[0m
  [1m[36mActiveRecord::SchemaMigration Load (0.1ms)[0m  [1m[34mSELECT "schema_migrations"."version" FROM "schema_migrations" ORDER BY "schema_migrations"."version" ASC[0m
Started POST "/data-migration/migrate/format/csv" for ::1 at 2024-02-01 15:35:34 +0000
  [1m[36mActiveRecord::SchemaMigration Load (0.4ms)[0m  [1m[34mSELECT "schema_migrations"."version" FROM "schema_migrations" ORDER BY "schema_migrations"."version" ASC[0m
Processing by DataMigrationController#validate_as_csv as */*
  Parameters: {"file"=>#<ActionDispatch::Http::UploadedFile:0x00007f69d98ecf48 @tempfile=#<Tempfile:/tmp/RackMultipart20240201-21020-114h9n.csv>, @content_type="text/csv", @original_filename="testFile.csv", @headers="Content-Disposition: form-data; name=\"file\"; filename=\"testFile.csv\"\r\nContent-Type: text/csv\r\n">}
  [1m[36mClient Load (0.3ms)[0m  [1m[34mSELECT "clients".* FROM "clients" WHERE "clients"."api_key" = $1 LIMIT $2[0m  [["api_key", "1237"], ["LIMIT", 1]]
  ↳ app/services/authorize/token.rb:10:in `client_auth'
  [1m[36mTRANSACTION (0.1ms)[0m  [1m[35mBEGIN[0m
  ↳ app/services/migrate/data_migration.rb:24:in `block in migrate_orgs'
  [1m[36mOrganisation Exists? (0.2ms)[0m  [1m[34mSELECT 1 AS one FROM "organisations" WHERE LOWER("organisations"."identifier_id") = LOWER($1) LIMIT $2[0m  [["identifier_id", "777777777"], ["LIMIT", 1]]
  ↳ app/services/migrate/data_migration.rb:24:in `block in migrate_orgs'
  [1m[36mTRANSACTION (0.1ms)[0m  [1m[31mROLLBACK[0m
  ↳ app/services/migrate/data_migration.rb:24:in `block in migrate_orgs'
  [1m[36mTRANSACTION (0.2ms)[0m  [1m[35mBEGIN[0m
  ↳ app/services/migrate/data_migration.rb:55:in `block (2 levels) in migrate_users'
  [1m[36mUser Exists? (1.7ms)[0m  [1m[34mSELECT 1 AS one FROM "users" WHERE LOWER("users"."email") = LOWER($1) LIMIT $2[0m  [["email", "name@domain.co.uk"], ["LIMIT", 1]]
  ↳ app/services/migrate/data_migration.rb:55:in `block (2 levels) in migrate_users'
  [1m[36mUser Create (29.3ms)[0m  [1m[32mINSERT INTO "users" ("contact_email", "contact_fax", "contact_mobile", "contact_phone", "contact_social", "email", "first_name", "last_name", "status", "status_description", "title", "user_roles", "identifier_id", "scheme_id") VALUES ($1, $2, $3, $4, $5, $6, $7, $8, $9, $10, $11, $12, $13, $14) RETURNING "user_id"[0m  [["contact_email", "name@domain.co.uk"], ["contact_fax", "0207 777 7778"], ["contact_mobile", "07777 777777"], ["contact_phone", "0207 777 7777"], ["contact_social", "https://www.linkedin.com/in/xx-yy-zz-09a5b24/"], ["email", "name@domain.co.uk"], ["first_name", "Joe"], ["last_name", "Bloggs"], ["status", 201], ["status_description", "Success."], ["title", "Mr"], ["user_roles", "RMI User,RMI Tile,Organisation Administrator"], ["identifier_id", "777777777"], ["scheme_id", "SF-URN"]]
  ↳ app/services/migrate/data_migration.rb:55:in `block (2 levels) in migrate_users'
  [1m[36mTRANSACTION (19.1ms)[0m  [1m[35mCOMMIT[0m
  ↳ app/services/migrate/data_migration.rb:55:in `block (2 levels) in migrate_users'
Completed 200 OK in 111ms (Views: 2.0ms | ActiveRecord: 59.5ms | Allocations: 42187)


Started POST "/data-migration/migrate/format/csv" for ::1 at 2024-02-01 15:36:42 +0000
Processing by DataMigrationController#validate_as_csv as */*
  Parameters: {"file"=>#<ActionDispatch::Http::UploadedFile:0x00007f69dc1e73a8 @tempfile=#<Tempfile:/tmp/RackMultipart20240201-21020-1r4oaj.csv>, @content_type="text/csv", @original_filename="testFile.csv", @headers="Content-Disposition: form-data; name=\"file\"; filename=\"testFile.csv\"\r\nContent-Type: text/csv\r\n">}
  [1m[36mClient Load (0.2ms)[0m  [1m[34mSELECT "clients".* FROM "clients" WHERE "clients"."api_key" = $1 LIMIT $2[0m  [["api_key", "1237"], ["LIMIT", 1]]
  ↳ app/services/authorize/token.rb:10:in `client_auth'
  [1m[36mTRANSACTION (0.1ms)[0m  [1m[35mBEGIN[0m
  ↳ app/services/migrate/data_migration.rb:24:in `block in migrate_orgs'
  [1m[36mOrganisation Exists? (0.7ms)[0m  [1m[34mSELECT 1 AS one FROM "organisations" WHERE LOWER("organisations"."identifier_id") = LOWER($1) LIMIT $2[0m  [["identifier_id", "777777777"], ["LIMIT", 1]]
  ↳ app/services/migrate/data_migration.rb:24:in `block in migrate_orgs'
  [1m[36mTRANSACTION (0.1ms)[0m  [1m[31mROLLBACK[0m
  ↳ app/services/migrate/data_migration.rb:24:in `block in migrate_orgs'
  [1m[36mTRANSACTION (0.1ms)[0m  [1m[35mBEGIN[0m
  ↳ app/services/migrate/data_migration.rb:55:in `block (2 levels) in migrate_users'
  [1m[36mUser Exists? (0.7ms)[0m  [1m[34mSELECT 1 AS one FROM "users" WHERE LOWER("users"."email") = LOWER($1) LIMIT $2[0m  [["email", "name@domain.co.uk"], ["LIMIT", 1]]
  ↳ app/services/migrate/data_migration.rb:55:in `block (2 levels) in migrate_users'
  [1m[36mTRANSACTION (0.1ms)[0m  [1m[31mROLLBACK[0m
  ↳ app/services/migrate/data_migration.rb:55:in `block (2 levels) in migrate_users'
Completed 200 OK in 6ms (Views: 0.5ms | ActiveRecord: 1.9ms | Allocations: 4924)


Started POST "/data-migration/migrate/format/csv" for ::1 at 2024-02-01 15:38:21 +0000
Processing by DataMigrationController#validate_as_csv as */*
  Parameters: {"file"=>#<ActionDispatch::Http::UploadedFile:0x00007f69dc2182f0 @tempfile=#<Tempfile:/tmp/RackMultipart20240201-21020-smoszk.csv>, @content_type="text/csv", @original_filename="testFile.csv", @headers="Content-Disposition: form-data; name=\"file\"; filename=\"testFile.csv\"\r\nContent-Type: text/csv\r\n">}
  [1m[36mClient Load (0.2ms)[0m  [1m[34mSELECT "clients".* FROM "clients" WHERE "clients"."api_key" = $1 LIMIT $2[0m  [["api_key", "1237"], ["LIMIT", 1]]
  ↳ app/services/authorize/token.rb:10:in `client_auth'
  [1m[36mTRANSACTION (0.1ms)[0m  [1m[35mBEGIN[0m
  ↳ app/services/migrate/data_migration.rb:24:in `block in migrate_orgs'
  [1m[36mOrganisation Exists? (0.8ms)[0m  [1m[34mSELECT 1 AS one FROM "organisations" WHERE LOWER("organisations"."identifier_id") = LOWER($1) LIMIT $2[0m  [["identifier_id", "777777777"], ["LIMIT", 1]]
  ↳ app/services/migrate/data_migration.rb:24:in `block in migrate_orgs'
  [1m[36mOrganisation Create (0.2ms)[0m  [1m[32mINSERT INTO "organisations" ("identifier_id", "org_roles", "right_to_buy", "scheme_id", "status", "status_description", "domain_name") VALUES ($1, $2, $3, $4, $5, $6, $7) RETURNING "org_id"[0m  [["identifier_id", "777777777"], ["org_roles", "RMI User,RMI Tile"], ["right_to_buy", false], ["scheme_id", "SF-URN"], ["status", 201], ["status_description", "Success."], ["domain_name", "domain.co.uk"]]
  ↳ app/services/migrate/data_migration.rb:24:in `block in migrate_orgs'
  [1m[36mTRANSACTION (17.8ms)[0m  [1m[35mCOMMIT[0m
  ↳ app/services/migrate/data_migration.rb:24:in `block in migrate_orgs'
  [1m[36mTRANSACTION (0.1ms)[0m  [1m[35mBEGIN[0m
  ↳ app/services/migrate/data_migration.rb:55:in `block (2 levels) in migrate_users'
  [1m[36mUser Exists? (1.3ms)[0m  [1m[34mSELECT 1 AS one FROM "users" WHERE LOWER("users"."email") = LOWER($1) LIMIT $2[0m  [["email", "name@domain.co.uk"], ["LIMIT", 1]]
  ↳ app/services/migrate/data_migration.rb:55:in `block (2 levels) in migrate_users'
  [1m[36mUser Create (0.3ms)[0m  [1m[32mINSERT INTO "users" ("contact_email", "contact_fax", "contact_mobile", "contact_phone", "contact_social", "email", "first_name", "last_name", "status", "status_description", "title", "user_roles", "identifier_id", "scheme_id") VALUES ($1, $2, $3, $4, $5, $6, $7, $8, $9, $10, $11, $12, $13, $14) RETURNING "user_id"[0m  [["contact_email", "name@domain.co.uk"], ["contact_fax", "0207 777 7778"], ["contact_mobile", "07777 777777"], ["contact_phone", "0207 777 7777"], ["contact_social", "https://www.linkedin.com/in/xx-yy-zz-09a5b24/"], ["email", "name@domain.co.uk"], ["first_name", "Joe"], ["last_name", "Bloggs"], ["status", 201], ["status_description", "Success."], ["title", "Mr"], ["user_roles", "RMI User,RMI Tile,Organisation Administrator"], ["identifier_id", "777777777"], ["scheme_id", "SF-URN"]]
  ↳ app/services/migrate/data_migration.rb:55:in `block (2 levels) in migrate_users'
  [1m[36mTRANSACTION (18.2ms)[0m  [1m[35mCOMMIT[0m
  ↳ app/services/migrate/data_migration.rb:55:in `block (2 levels) in migrate_users'
Completed 200 OK in 46ms (Views: 0.4ms | ActiveRecord: 39.0ms | Allocations: 5399)


Started POST "/data-migration/migrate/format/csv" for ::1 at 2024-02-01 15:39:08 +0000
Processing by DataMigrationController#validate_as_csv as */*
  Parameters: {"file"=>#<ActionDispatch::Http::UploadedFile:0x00007f69dc283168 @tempfile=#<Tempfile:/tmp/RackMultipart20240201-21020-q6v1qh.csv>, @content_type="text/csv", @original_filename="testFile_OrgsUsers.csv", @headers="Content-Disposition: form-data; name=\"file\"; filename=\"testFile_OrgsUsers.csv\"\r\nContent-Type: text/csv\r\n">}
  [1m[36mClient Load (0.2ms)[0m  [1m[34mSELECT "clients".* FROM "clients" WHERE "clients"."api_key" = $1 LIMIT $2[0m  [["api_key", "1237"], ["LIMIT", 1]]
  ↳ app/services/authorize/token.rb:10:in `client_auth'
  [1m[36mTRANSACTION (0.2ms)[0m  [1m[35mBEGIN[0m
  ↳ app/services/migrate/data_migration.rb:24:in `block in migrate_orgs'
  [1m[36mOrganisation Exists? (0.9ms)[0m  [1m[34mSELECT 1 AS one FROM "organisations" WHERE LOWER("organisations"."identifier_id") = LOWER($1) LIMIT $2[0m  [["identifier_id", "777777777"], ["LIMIT", 1]]
  ↳ app/services/migrate/data_migration.rb:24:in `block in migrate_orgs'
  [1m[36mTRANSACTION (0.1ms)[0m  [1m[31mROLLBACK[0m
  ↳ app/services/migrate/data_migration.rb:24:in `block in migrate_orgs'
  [1m[36mTRANSACTION (0.1ms)[0m  [1m[35mBEGIN[0m
  ↳ app/services/migrate/data_migration.rb:24:in `block in migrate_orgs'
  [1m[36mOrganisation Exists? (0.7ms)[0m  [1m[34mSELECT 1 AS one FROM "organisations" WHERE LOWER("organisations"."identifier_id") = LOWER($1) LIMIT $2[0m  [["identifier_id", "555555555"], ["LIMIT", 1]]
  ↳ app/services/migrate/data_migration.rb:24:in `block in migrate_orgs'
  [1m[36mOrganisation Create (0.2ms)[0m  [1m[32mINSERT INTO "organisations" ("identifier_id", "org_roles", "right_to_buy", "scheme_id", "status", "status_description", "domain_name") VALUES ($1, $2, $3, $4, $5, $6, $7) RETURNING "org_id"[0m  [["identifier_id", "555555555"], ["org_roles", "RMI User,RMI Tile"], ["right_to_buy", false], ["scheme_id", "SF-URN"], ["status", 201], ["status_description", "Success."], ["domain_name", "domainx.co.uk"]]
  ↳ app/services/migrate/data_migration.rb:24:in `block in migrate_orgs'
  [1m[36mTRANSACTION (8.6ms)[0m  [1m[35mCOMMIT[0m
  ↳ app/services/migrate/data_migration.rb:24:in `block in migrate_orgs'
  [1m[36mTRANSACTION (0.2ms)[0m  [1m[35mBEGIN[0m
  ↳ app/services/migrate/data_migration.rb:24:in `block in migrate_orgs'
  [1m[36mOrganisation Exists? (0.9ms)[0m  [1m[34mSELECT 1 AS one FROM "organisations" WHERE LOWER("organisations"."identifier_id") = LOWER($1) LIMIT $2[0m  [["identifier_id", "123456789"], ["LIMIT", 1]]
  ↳ app/services/migrate/data_migration.rb:24:in `block in migrate_orgs'
  [1m[36mTRANSACTION (0.1ms)[0m  [1m[31mROLLBACK[0m
  ↳ app/services/migrate/data_migration.rb:24:in `block in migrate_orgs'
  [1m[36mTRANSACTION (0.2ms)[0m  [1m[35mBEGIN[0m
  ↳ app/services/migrate/data_migration.rb:24:in `block in migrate_orgs'
  [1m[36mOrganisation Exists? (0.9ms)[0m  [1m[34mSELECT 1 AS one FROM "organisations" WHERE LOWER("organisations"."identifier_id") = LOWER($1) LIMIT $2[0m  [["identifier_id", "222222222"], ["LIMIT", 1]]
  ↳ app/services/migrate/data_migration.rb:24:in `block in migrate_orgs'
  [1m[36mTRANSACTION (0.2ms)[0m  [1m[31mROLLBACK[0m
  ↳ app/services/migrate/data_migration.rb:24:in `block in migrate_orgs'
  [1m[36mTRANSACTION (0.1ms)[0m  [1m[35mBEGIN[0m
  ↳ app/services/migrate/data_migration.rb:55:in `block (2 levels) in migrate_users'
  [1m[36mUser Exists? (0.8ms)[0m  [1m[34mSELECT 1 AS one FROM "users" WHERE LOWER("users"."email") = LOWER($1) LIMIT $2[0m  [["email", "name@domain.co.uk"], ["LIMIT", 1]]
  ↳ app/services/migrate/data_migration.rb:55:in `block (2 levels) in migrate_users'
  [1m[36mTRANSACTION (0.1ms)[0m  [1m[31mROLLBACK[0m
  ↳ app/services/migrate/data_migration.rb:55:in `block (2 levels) in migrate_users'
  [1m[36mTRANSACTION (0.1ms)[0m  [1m[35mBEGIN[0m
  ↳ app/services/migrate/data_migration.rb:55:in `block (2 levels) in migrate_users'
  [1m[36mUser Exists? (0.6ms)[0m  [1m[34mSELECT 1 AS one FROM "users" WHERE LOWER("users"."email") = LOWER($1) LIMIT $2[0m  [["email", "name@domain.co.uk"], ["LIMIT", 1]]
  ↳ app/services/migrate/data_migration.rb:55:in `block (2 levels) in migrate_users'
  [1m[36mTRANSACTION (0.1ms)[0m  [1m[31mROLLBACK[0m
  ↳ app/services/migrate/data_migration.rb:55:in `block (2 levels) in migrate_users'
  [1m[36mTRANSACTION (0.1ms)[0m  [1m[35mBEGIN[0m
  ↳ app/services/migrate/data_migration.rb:55:in `block (2 levels) in migrate_users'
  [1m[36mUser Exists? (0.7ms)[0m  [1m[34mSELECT 1 AS one FROM "users" WHERE LOWER("users"."email") = LOWER($1) LIMIT $2[0m  [["email", "name@domain.co.uk"], ["LIMIT", 1]]
  ↳ app/services/migrate/data_migration.rb:55:in `block (2 levels) in migrate_users'
  [1m[36mTRANSACTION (0.1ms)[0m  [1m[31mROLLBACK[0m
  ↳ app/services/migrate/data_migration.rb:55:in `block (2 levels) in migrate_users'
  [1m[36mTRANSACTION (0.1ms)[0m  [1m[35mBEGIN[0m
  ↳ app/services/migrate/data_migration.rb:55:in `block (2 levels) in migrate_users'
  [1m[36mUser Exists? (0.6ms)[0m  [1m[34mSELECT 1 AS one FROM "users" WHERE LOWER("users"."email") = LOWER($1) LIMIT $2[0m  [["email", "nameX@domainx.co.uk"], ["LIMIT", 1]]
  ↳ app/services/migrate/data_migration.rb:55:in `block (2 levels) in migrate_users'
  [1m[36mUser Create (0.2ms)[0m  [1m[32mINSERT INTO "users" ("contact_email", "contact_fax", "contact_mobile", "contact_phone", "contact_social", "email", "first_name", "last_name", "status", "status_description", "title", "user_roles", "identifier_id", "scheme_id") VALUES ($1, $2, $3, $4, $5, $6, $7, $8, $9, $10, $11, $12, $13, $14) RETURNING "user_id"[0m  [["contact_email", "test2222222@xd.com"], ["contact_fax", "0207 777 7778"], ["contact_mobile", "07777 777777"], ["contact_phone", "0207 777 7777"], ["contact_social", "https://www.linkedin.com/in/xx-yy-zz-09a5b24/"], ["email", "nameX@domainx.co.uk"], ["first_name", "John"], ["last_name", "Doe"], ["status", 201], ["status_description", "Success."], ["title", "Mr"], ["user_roles", "RMI User,RMI Tile,Organisation Administrator"], ["identifier_id", "555555555"], ["scheme_id", "SF-URN"]]
  ↳ app/services/migrate/data_migration.rb:55:in `block (2 levels) in migrate_users'
  [1m[36mTRANSACTION (10.0ms)[0m  [1m[35mCOMMIT[0m
  ↳ app/services/migrate/data_migration.rb:55:in `block (2 levels) in migrate_users'
  [1m[36mTRANSACTION (0.1ms)[0m  [1m[35mBEGIN[0m
  ↳ app/services/migrate/data_migration.rb:55:in `block (2 levels) in migrate_users'
  [1m[36mUser Exists? (0.9ms)[0m  [1m[34mSELECT 1 AS one FROM "users" WHERE LOWER("users"."email") = LOWER($1) LIMIT $2[0m  [["email", "name2@domaintwo.co.uk"], ["LIMIT", 1]]
  ↳ app/services/migrate/data_migration.rb:55:in `block (2 levels) in migrate_users'
  [1m[36mUser Create (0.2ms)[0m  [1m[32mINSERT INTO "users" ("contact_email", "contact_fax", "contact_mobile", "contact_phone", "contact_social", "email", "first_name", "last_name", "status", "status_description", "title", "user_roles", "identifier_id", "scheme_id") VALUES ($1, $2, $3, $4, $5, $6, $7, $8, $9, $10, $11, $12, $13, $14) RETURNING "user_id"[0m  [["contact_email", "testA@test.com"], ["contact_fax", "0207 777 7778"], ["contact_mobile", "07777 777779"], ["contact_phone", "0207 777 7779"], ["contact_social", "https://www.linkedin.com/in/xx-yy-zz-09a5b24/"], ["email", "name2@domaintwo.co.uk"], ["first_name", "A"], ["last_name", "Test"], ["status", 201], ["status_description", "Success."], ["title", "Mr"], ["user_roles", "RMI User,RMI Tile,Organisation Administrator"], ["identifier_id", "123456789"], ["scheme_id", "SF-URN"]]
  ↳ app/services/migrate/data_migration.rb:55:in `block (2 levels) in migrate_users'
  [1m[36mTRANSACTION (8.0ms)[0m  [1m[35mCOMMIT[0m
  ↳ app/services/migrate/data_migration.rb:55:in `block (2 levels) in migrate_users'
  [1m[36mTRANSACTION (0.1ms)[0m  [1m[35mBEGIN[0m
  ↳ app/services/migrate/data_migration.rb:55:in `block (2 levels) in migrate_users'
  [1m[36mUser Exists? (0.7ms)[0m  [1m[34mSELECT 1 AS one FROM "users" WHERE LOWER("users"."email") = LOWER($1) LIMIT $2[0m  [["email", "name2@domaintwo.co.uk"], ["LIMIT", 1]]
  ↳ app/services/migrate/data_migration.rb:55:in `block (2 levels) in migrate_users'
  [1m[36mTRANSACTION (0.1ms)[0m  [1m[31mROLLBACK[0m
  ↳ app/services/migrate/data_migration.rb:55:in `block (2 levels) in migrate_users'
  [1m[36mTRANSACTION (0.0ms)[0m  [1m[35mBEGIN[0m
  ↳ app/services/migrate/data_migration.rb:55:in `block (2 levels) in migrate_users'
  [1m[36mUser Exists? (0.7ms)[0m  [1m[34mSELECT 1 AS one FROM "users" WHERE LOWER("users"."email") = LOWER($1) LIMIT $2[0m  [["email", "name2@domaintwo.co.uk"], ["LIMIT", 1]]
  ↳ app/services/migrate/data_migration.rb:55:in `block (2 levels) in migrate_users'
  [1m[36mTRANSACTION (0.1ms)[0m  [1m[31mROLLBACK[0m
  ↳ app/services/migrate/data_migration.rb:55:in `block (2 levels) in migrate_users'
  [1m[36mTRANSACTION (0.1ms)[0m  [1m[35mBEGIN[0m
  ↳ app/services/migrate/data_migration.rb:55:in `block (2 levels) in migrate_users'
  [1m[36mUser Exists? (0.6ms)[0m  [1m[34mSELECT 1 AS one FROM "users" WHERE LOWER("users"."email") = LOWER($1) LIMIT $2[0m  [["email", "name3@domainthree.co.uk"], ["LIMIT", 1]]
  ↳ app/services/migrate/data_migration.rb:55:in `block (2 levels) in migrate_users'
  [1m[36mUser Create (0.2ms)[0m  [1m[32mINSERT INTO "users" ("contact_email", "contact_fax", "contact_mobile", "contact_phone", "contact_social", "email", "first_name", "last_name", "status", "status_description", "title", "user_roles", "identifier_id", "scheme_id") VALUES ($1, $2, $3, $4, $5, $6, $7, $8, $9, $10, $11, $12, $13, $14) RETURNING "user_id"[0m  [["contact_email", "testtttttttt@xt.com"], ["contact_fax", "0207 777 7778"], ["contact_mobile", "07777 777777"], ["contact_phone", "0207 777 7777"], ["contact_social", "https://www.linkedin.com/in/xx-yy-zz-09a5b24/"], ["email", "name3@domainthree.co.uk"], ["first_name", "Sally"], ["last_name", "Smith"], ["status", 201], ["status_description", "Success."], ["title", "Mrs"], ["user_roles", "RMI User,RMI Tile,Organisation Administrator"], ["identifier_id", "222222222"], ["scheme_id", "SF-URN"]]
  ↳ app/services/migrate/data_migration.rb:55:in `block (2 levels) in migrate_users'
  [1m[36mTRANSACTION (4.8ms)[0m  [1m[35mCOMMIT[0m
  ↳ app/services/migrate/data_migration.rb:55:in `block (2 levels) in migrate_users'
Completed 200 OK in 61ms (Views: 1.4ms | ActiveRecord: 43.1ms | Allocations: 26866)


Started POST "/data-migration/migrate/format/csv" for ::1 at 2024-02-01 15:40:23 +0000
Processing by DataMigrationController#validate_as_csv as */*
  Parameters: {"file"=>#<ActionDispatch::Http::UploadedFile:0x00007f69d959d270 @tempfile=#<Tempfile:/tmp/RackMultipart20240201-21020-5ohtm5.csv>, @content_type="text/csv", @original_filename="testFile_OrgsUsers.csv", @headers="Content-Disposition: form-data; name=\"file\"; filename=\"testFile_OrgsUsers.csv\"\r\nContent-Type: text/csv\r\n">}
  [1m[36mClient Load (0.2ms)[0m  [1m[34mSELECT "clients".* FROM "clients" WHERE "clients"."api_key" = $1 LIMIT $2[0m  [["api_key", "1237"], ["LIMIT", 1]]
  ↳ app/services/authorize/token.rb:10:in `client_auth'
  [1m[36mTRANSACTION (0.1ms)[0m  [1m[35mBEGIN[0m
  ↳ app/services/migrate/data_migration.rb:24:in `block in migrate_orgs'
  [1m[36mOrganisation Exists? (0.8ms)[0m  [1m[34mSELECT 1 AS one FROM "organisations" WHERE LOWER("organisations"."identifier_id") = LOWER($1) LIMIT $2[0m  [["identifier_id", "777777777"], ["LIMIT", 1]]
  ↳ app/services/migrate/data_migration.rb:24:in `block in migrate_orgs'
  [1m[36mTRANSACTION (0.1ms)[0m  [1m[31mROLLBACK[0m
  ↳ app/services/migrate/data_migration.rb:24:in `block in migrate_orgs'
  [1m[36mTRANSACTION (0.1ms)[0m  [1m[35mBEGIN[0m
  ↳ app/services/migrate/data_migration.rb:24:in `block in migrate_orgs'
  [1m[36mOrganisation Exists? (0.6ms)[0m  [1m[34mSELECT 1 AS one FROM "organisations" WHERE LOWER("organisations"."identifier_id") = LOWER($1) LIMIT $2[0m  [["identifier_id", "555555555"], ["LIMIT", 1]]
  ↳ app/services/migrate/data_migration.rb:24:in `block in migrate_orgs'
  [1m[36mTRANSACTION (0.2ms)[0m  [1m[31mROLLBACK[0m
  ↳ app/services/migrate/data_migration.rb:24:in `block in migrate_orgs'
  [1m[36mTRANSACTION (0.1ms)[0m  [1m[35mBEGIN[0m
  ↳ app/services/migrate/data_migration.rb:24:in `block in migrate_orgs'
  [1m[36mOrganisation Exists? (1.1ms)[0m  [1m[34mSELECT 1 AS one FROM "organisations" WHERE LOWER("organisations"."identifier_id") = LOWER($1) LIMIT $2[0m  [["identifier_id", "123456789"], ["LIMIT", 1]]
  ↳ app/services/migrate/data_migration.rb:24:in `block in migrate_orgs'
  [1m[36mTRANSACTION (0.1ms)[0m  [1m[31mROLLBACK[0m
  ↳ app/services/migrate/data_migration.rb:24:in `block in migrate_orgs'
  [1m[36mTRANSACTION (0.1ms)[0m  [1m[35mBEGIN[0m
  ↳ app/services/migrate/data_migration.rb:24:in `block in migrate_orgs'
  [1m[36mOrganisation Exists? (0.6ms)[0m  [1m[34mSELECT 1 AS one FROM "organisations" WHERE LOWER("organisations"."identifier_id") = LOWER($1) LIMIT $2[0m  [["identifier_id", "222222222"], ["LIMIT", 1]]
  ↳ app/services/migrate/data_migration.rb:24:in `block in migrate_orgs'
  [1m[36mTRANSACTION (0.0ms)[0m  [1m[31mROLLBACK[0m
  ↳ app/services/migrate/data_migration.rb:24:in `block in migrate_orgs'
  [1m[36mTRANSACTION (0.1ms)[0m  [1m[35mBEGIN[0m
  ↳ app/services/migrate/data_migration.rb:55:in `block (2 levels) in migrate_users'
  [1m[36mUser Exists? (0.6ms)[0m  [1m[34mSELECT 1 AS one FROM "users" WHERE LOWER("users"."email") = LOWER($1) LIMIT $2[0m  [["email", "name@domain.co.uk"], ["LIMIT", 1]]
  ↳ app/services/migrate/data_migration.rb:55:in `block (2 levels) in migrate_users'
  [1m[36mTRANSACTION (0.0ms)[0m  [1m[31mROLLBACK[0m
  ↳ app/services/migrate/data_migration.rb:55:in `block (2 levels) in migrate_users'
  [1m[36mTRANSACTION (0.1ms)[0m  [1m[35mBEGIN[0m
  ↳ app/services/migrate/data_migration.rb:55:in `block (2 levels) in migrate_users'
  [1m[36mUser Exists? (0.7ms)[0m  [1m[34mSELECT 1 AS one FROM "users" WHERE LOWER("users"."email") = LOWER($1) LIMIT $2[0m  [["email", "name@domain.co.uk"], ["LIMIT", 1]]
  ↳ app/services/migrate/data_migration.rb:55:in `block (2 levels) in migrate_users'
  [1m[36mTRANSACTION (0.1ms)[0m  [1m[31mROLLBACK[0m
  ↳ app/services/migrate/data_migration.rb:55:in `block (2 levels) in migrate_users'
  [1m[36mTRANSACTION (0.1ms)[0m  [1m[35mBEGIN[0m
  ↳ app/services/migrate/data_migration.rb:55:in `block (2 levels) in migrate_users'
  [1m[36mUser Exists? (0.8ms)[0m  [1m[34mSELECT 1 AS one FROM "users" WHERE LOWER("users"."email") = LOWER($1) LIMIT $2[0m  [["email", "name@domain.co.uk"], ["LIMIT", 1]]
  ↳ app/services/migrate/data_migration.rb:55:in `block (2 levels) in migrate_users'
  [1m[36mTRANSACTION (0.1ms)[0m  [1m[31mROLLBACK[0m
  ↳ app/services/migrate/data_migration.rb:55:in `block (2 levels) in migrate_users'
  [1m[36mTRANSACTION (0.0ms)[0m  [1m[35mBEGIN[0m
  ↳ app/services/migrate/data_migration.rb:55:in `block (2 levels) in migrate_users'
  [1m[36mUser Exists? (0.8ms)[0m  [1m[34mSELECT 1 AS one FROM "users" WHERE LOWER("users"."email") = LOWER($1) LIMIT $2[0m  [["email", "nameX@domainx.co.uk"], ["LIMIT", 1]]
  ↳ app/services/migrate/data_migration.rb:55:in `block (2 levels) in migrate_users'
  [1m[36mTRANSACTION (0.1ms)[0m  [1m[31mROLLBACK[0m
  ↳ app/services/migrate/data_migration.rb:55:in `block (2 levels) in migrate_users'
  [1m[36mTRANSACTION (0.1ms)[0m  [1m[35mBEGIN[0m
  ↳ app/services/migrate/data_migration.rb:55:in `block (2 levels) in migrate_users'
  [1m[36mUser Exists? (1.8ms)[0m  [1m[34mSELECT 1 AS one FROM "users" WHERE LOWER("users"."email") = LOWER($1) LIMIT $2[0m  [["email", "name2@domaintwo.co.uk"], ["LIMIT", 1]]
  ↳ app/services/migrate/data_migration.rb:55:in `block (2 levels) in migrate_users'
  [1m[36mTRANSACTION (0.1ms)[0m  [1m[31mROLLBACK[0m
  ↳ app/services/migrate/data_migration.rb:55:in `block (2 levels) in migrate_users'
  [1m[36mTRANSACTION (0.1ms)[0m  [1m[35mBEGIN[0m
  ↳ app/services/migrate/data_migration.rb:55:in `block (2 levels) in migrate_users'
  [1m[36mUser Exists? (0.7ms)[0m  [1m[34mSELECT 1 AS one FROM "users" WHERE LOWER("users"."email") = LOWER($1) LIMIT $2[0m  [["email", "name2@domaintwo.co.uk"], ["LIMIT", 1]]
  ↳ app/services/migrate/data_migration.rb:55:in `block (2 levels) in migrate_users'
  [1m[36mTRANSACTION (0.1ms)[0m  [1m[31mROLLBACK[0m
  ↳ app/services/migrate/data_migration.rb:55:in `block (2 levels) in migrate_users'
  [1m[36mTRANSACTION (0.0ms)[0m  [1m[35mBEGIN[0m
  ↳ app/services/migrate/data_migration.rb:55:in `block (2 levels) in migrate_users'
  [1m[36mUser Exists? (1.0ms)[0m  [1m[34mSELECT 1 AS one FROM "users" WHERE LOWER("users"."email") = LOWER($1) LIMIT $2[0m  [["email", "name2@domaintwo.co.uk"], ["LIMIT", 1]]
  ↳ app/services/migrate/data_migration.rb:55:in `block (2 levels) in migrate_users'
  [1m[36mTRANSACTION (0.1ms)[0m  [1m[31mROLLBACK[0m
  ↳ app/services/migrate/data_migration.rb:55:in `block (2 levels) in migrate_users'
  [1m[36mTRANSACTION (0.1ms)[0m  [1m[35mBEGIN[0m
  ↳ app/services/migrate/data_migration.rb:55:in `block (2 levels) in migrate_users'
  [1m[36mUser Exists? (0.7ms)[0m  [1m[34mSELECT 1 AS one FROM "users" WHERE LOWER("users"."email") = LOWER($1) LIMIT $2[0m  [["email", "name3@domainthree.co.uk"], ["LIMIT", 1]]
  ↳ app/services/migrate/data_migration.rb:55:in `block (2 levels) in migrate_users'
  [1m[36mTRANSACTION (0.1ms)[0m  [1m[31mROLLBACK[0m
  ↳ app/services/migrate/data_migration.rb:55:in `block (2 levels) in migrate_users'
Completed 200 OK in 37ms (Views: 2.9ms | ActiveRecord: 12.2ms | Allocations: 25863)


Started POST "/data-migration/migrate/format/csv" for ::1 at 2024-02-01 15:43:34 +0000
Processing by DataMigrationController#validate_as_csv as */*
  Parameters: {"file"=>#<ActionDispatch::Http::UploadedFile:0x00007f69d9591ec0 @tempfile=#<Tempfile:/tmp/RackMultipart20240201-21020-bjv60p.csv>, @content_type="text/csv", @original_filename="testFile_OrgsUsers.csv", @headers="Content-Disposition: form-data; name=\"file\"; filename=\"testFile_OrgsUsers.csv\"\r\nContent-Type: text/csv\r\n">}
  [1m[36mClient Load (0.2ms)[0m  [1m[34mSELECT "clients".* FROM "clients" WHERE "clients"."api_key" = $1 LIMIT $2[0m  [["api_key", "1237"], ["LIMIT", 1]]
  ↳ app/services/authorize/token.rb:10:in `client_auth'
  [1m[36mTRANSACTION (0.1ms)[0m  [1m[35mBEGIN[0m
  ↳ app/services/migrate/data_migration.rb:24:in `block in migrate_orgs'
  [1m[36mOrganisation Exists? (0.9ms)[0m  [1m[34mSELECT 1 AS one FROM "organisations" WHERE LOWER("organisations"."identifier_id") = LOWER($1) LIMIT $2[0m  [["identifier_id", "777777777"], ["LIMIT", 1]]
  ↳ app/services/migrate/data_migration.rb:24:in `block in migrate_orgs'
  [1m[36mOrganisation Create (0.4ms)[0m  [1m[32mINSERT INTO "organisations" ("identifier_id", "org_roles", "right_to_buy", "scheme_id", "status", "status_description", "domain_name") VALUES ($1, $2, $3, $4, $5, $6, $7) RETURNING "org_id"[0m  [["identifier_id", "777777777"], ["org_roles", "RMI User,RMI Tile"], ["right_to_buy", false], ["scheme_id", "SF-URN"], ["status", 201], ["status_description", "Success."], ["domain_name", "domain.co.uk"]]
  ↳ app/services/migrate/data_migration.rb:24:in `block in migrate_orgs'
  [1m[36mTRANSACTION (6.0ms)[0m  [1m[35mCOMMIT[0m
  ↳ app/services/migrate/data_migration.rb:24:in `block in migrate_orgs'
  [1m[36mTRANSACTION (0.2ms)[0m  [1m[35mBEGIN[0m
  ↳ app/services/migrate/data_migration.rb:24:in `block in migrate_orgs'
  [1m[36mOrganisation Exists? (1.4ms)[0m  [1m[34mSELECT 1 AS one FROM "organisations" WHERE LOWER("organisations"."identifier_id") = LOWER($1) LIMIT $2[0m  [["identifier_id", "555555555"], ["LIMIT", 1]]
  ↳ app/services/migrate/data_migration.rb:24:in `block in migrate_orgs'
  [1m[36mOrganisation Create (0.2ms)[0m  [1m[32mINSERT INTO "organisations" ("identifier_id", "org_roles", "right_to_buy", "scheme_id", "status", "status_description", "domain_name") VALUES ($1, $2, $3, $4, $5, $6, $7) RETURNING "org_id"[0m  [["identifier_id", "555555555"], ["org_roles", "RMI User,RMI Tile"], ["right_to_buy", false], ["scheme_id", "SF-URN"], ["status", 201], ["status_description", "Success."], ["domain_name", "domainx.co.uk"]]
  ↳ app/services/migrate/data_migration.rb:24:in `block in migrate_orgs'
  [1m[36mTRANSACTION (7.5ms)[0m  [1m[35mCOMMIT[0m
  ↳ app/services/migrate/data_migration.rb:24:in `block in migrate_orgs'
  [1m[36mTRANSACTION (0.1ms)[0m  [1m[35mBEGIN[0m
  ↳ app/services/migrate/data_migration.rb:24:in `block in migrate_orgs'
  [1m[36mOrganisation Exists? (0.7ms)[0m  [1m[34mSELECT 1 AS one FROM "organisations" WHERE LOWER("organisations"."identifier_id") = LOWER($1) LIMIT $2[0m  [["identifier_id", "123456789"], ["LIMIT", 1]]
  ↳ app/services/migrate/data_migration.rb:24:in `block in migrate_orgs'
  [1m[36mTRANSACTION (0.1ms)[0m  [1m[31mROLLBACK[0m
  ↳ app/services/migrate/data_migration.rb:24:in `block in migrate_orgs'
  [1m[36mTRANSACTION (0.1ms)[0m  [1m[35mBEGIN[0m
  ↳ app/services/migrate/data_migration.rb:24:in `block in migrate_orgs'
  [1m[36mOrganisation Exists? (0.7ms)[0m  [1m[34mSELECT 1 AS one FROM "organisations" WHERE LOWER("organisations"."identifier_id") = LOWER($1) LIMIT $2[0m  [["identifier_id", "222222222"], ["LIMIT", 1]]
  ↳ app/services/migrate/data_migration.rb:24:in `block in migrate_orgs'
  [1m[36mOrganisation Create (0.2ms)[0m  [1m[32mINSERT INTO "organisations" ("identifier_id", "org_roles", "right_to_buy", "scheme_id", "status", "status_description", "domain_name") VALUES ($1, $2, $3, $4, $5, $6, $7) RETURNING "org_id"[0m  [["identifier_id", "222222222"], ["org_roles", "RMI User,RMI Tile"], ["right_to_buy", false], ["scheme_id", "SF-URN"], ["status", 201], ["status_description", "Success."], ["domain_name", "domainthree.co.uk"]]
  ↳ app/services/migrate/data_migration.rb:24:in `block in migrate_orgs'
  [1m[36mTRANSACTION (6.4ms)[0m  [1m[35mCOMMIT[0m
  ↳ app/services/migrate/data_migration.rb:24:in `block in migrate_orgs'
  [1m[36mTRANSACTION (0.1ms)[0m  [1m[35mBEGIN[0m
  ↳ app/services/migrate/data_migration.rb:55:in `block (2 levels) in migrate_users'
  [1m[36mUser Exists? (0.7ms)[0m  [1m[34mSELECT 1 AS one FROM "users" WHERE LOWER("users"."email") = LOWER($1) LIMIT $2[0m  [["email", "name@domain.co.uk"], ["LIMIT", 1]]
  ↳ app/services/migrate/data_migration.rb:55:in `block (2 levels) in migrate_users'
  [1m[36mUser Create (0.2ms)[0m  [1m[32mINSERT INTO "users" ("contact_email", "contact_fax", "contact_mobile", "contact_phone", "contact_social", "email", "first_name", "last_name", "status", "status_description", "title", "user_roles", "identifier_id", "scheme_id") VALUES ($1, $2, $3, $4, $5, $6, $7, $8, $9, $10, $11, $12, $13, $14) RETURNING "user_id"[0m  [["contact_email", "name@domain.co.uk"], ["contact_fax", "0207 777 7771"], ["contact_mobile", "07777 777771"], ["contact_phone", "0207 777 7771"], ["contact_social", "https://www.linkedin.com/in/xx-yy-zz-09a5b11/"], ["email", "name@domain.co.uk"], ["first_name", "Joe"], ["last_name", "Bloggs"], ["status", 201], ["status_description", "Success."], ["title", "Mr"], ["user_roles", "RMI User,RMI Tile,Organisation Administrator"], ["identifier_id", "777777777"], ["scheme_id", "SF-URN"]]
  ↳ app/services/migrate/data_migration.rb:55:in `block (2 levels) in migrate_users'
  [1m[36mTRANSACTION (8.4ms)[0m  [1m[35mCOMMIT[0m
  ↳ app/services/migrate/data_migration.rb:55:in `block (2 levels) in migrate_users'
  [1m[36mTRANSACTION (0.2ms)[0m  [1m[35mBEGIN[0m
  ↳ app/services/migrate/data_migration.rb:55:in `block (2 levels) in migrate_users'
  [1m[36mUser Exists? (0.9ms)[0m  [1m[34mSELECT 1 AS one FROM "users" WHERE LOWER("users"."email") = LOWER($1) LIMIT $2[0m  [["email", "name@domain.co.uk"], ["LIMIT", 1]]
  ↳ app/services/migrate/data_migration.rb:55:in `block (2 levels) in migrate_users'
  [1m[36mTRANSACTION (0.1ms)[0m  [1m[31mROLLBACK[0m
  ↳ app/services/migrate/data_migration.rb:55:in `block (2 levels) in migrate_users'
  [1m[36mTRANSACTION (0.1ms)[0m  [1m[35mBEGIN[0m
  ↳ app/services/migrate/data_migration.rb:55:in `block (2 levels) in migrate_users'
  [1m[36mUser Exists? (0.6ms)[0m  [1m[34mSELECT 1 AS one FROM "users" WHERE LOWER("users"."email") = LOWER($1) LIMIT $2[0m  [["email", "name@domain.co.uk"], ["LIMIT", 1]]
  ↳ app/services/migrate/data_migration.rb:55:in `block (2 levels) in migrate_users'
  [1m[36mTRANSACTION (0.1ms)[0m  [1m[31mROLLBACK[0m
  ↳ app/services/migrate/data_migration.rb:55:in `block (2 levels) in migrate_users'
  [1m[36mTRANSACTION (0.1ms)[0m  [1m[35mBEGIN[0m
  ↳ app/services/migrate/data_migration.rb:55:in `block (2 levels) in migrate_users'
  [1m[36mUser Exists? (0.6ms)[0m  [1m[34mSELECT 1 AS one FROM "users" WHERE LOWER("users"."email") = LOWER($1) LIMIT $2[0m  [["email", "nameX@domainx.co.uk"], ["LIMIT", 1]]
  ↳ app/services/migrate/data_migration.rb:55:in `block (2 levels) in migrate_users'
  [1m[36mUser Create (0.2ms)[0m  [1m[32mINSERT INTO "users" ("contact_email", "contact_fax", "contact_mobile", "contact_phone", "contact_social", "email", "first_name", "last_name", "status", "status_description", "title", "user_roles", "identifier_id", "scheme_id") VALUES ($1, $2, $3, $4, $5, $6, $7, $8, $9, $10, $11, $12, $13, $14) RETURNING "user_id"[0m  [["contact_email", "test2222222@xd.com"], ["contact_fax", "0207 777 7778"], ["contact_mobile", "07777 777777"], ["contact_phone", "0207 777 7777"], ["contact_social", "https://www.linkedin.com/in/xx-yy-zz-09a5b24/"], ["email", "nameX@domainx.co.uk"], ["first_name", "John"], ["last_name", "Doe"], ["status", 201], ["status_description", "Success."], ["title", "Mr"], ["user_roles", "RMI User,RMI Tile,Organisation Administrator"], ["identifier_id", "555555555"], ["scheme_id", "SF-URN"]]
  ↳ app/services/migrate/data_migration.rb:55:in `block (2 levels) in migrate_users'
  [1m[36mTRANSACTION (4.5ms)[0m  [1m[35mCOMMIT[0m
  ↳ app/services/migrate/data_migration.rb:55:in `block (2 levels) in migrate_users'
  [1m[36mTRANSACTION (0.1ms)[0m  [1m[35mBEGIN[0m
  ↳ app/services/migrate/data_migration.rb:55:in `block (2 levels) in migrate_users'
  [1m[36mUser Exists? (0.8ms)[0m  [1m[34mSELECT 1 AS one FROM "users" WHERE LOWER("users"."email") = LOWER($1) LIMIT $2[0m  [["email", "name2@domaintwo.co.uk"], ["LIMIT", 1]]
  ↳ app/services/migrate/data_migration.rb:55:in `block (2 levels) in migrate_users'
  [1m[36mUser Create (0.1ms)[0m  [1m[32mINSERT INTO "users" ("contact_email", "contact_fax", "contact_mobile", "contact_phone", "contact_social", "email", "first_name", "last_name", "status", "status_description", "title", "user_roles", "identifier_id", "scheme_id") VALUES ($1, $2, $3, $4, $5, $6, $7, $8, $9, $10, $11, $12, $13, $14) RETURNING "user_id"[0m  [["contact_email", "testA@test.com"], ["contact_fax", "0207 777 7778"], ["contact_mobile", "07777 777779"], ["contact_phone", "0207 777 7779"], ["contact_social", "https://www.linkedin.com/in/xx-yy-zz-09a5b24/"], ["email", "name2@domaintwo.co.uk"], ["first_name", "A"], ["last_name", "Test"], ["status", 201], ["status_description", "Success."], ["title", "Mr"], ["user_roles", "RMI User,RMI Tile,Organisation Administrator"], ["identifier_id", "123456789"], ["scheme_id", "SF-URN"]]
  ↳ app/services/migrate/data_migration.rb:55:in `block (2 levels) in migrate_users'
  [1m[36mTRANSACTION (8.8ms)[0m  [1m[35mCOMMIT[0m
  ↳ app/services/migrate/data_migration.rb:55:in `block (2 levels) in migrate_users'
  [1m[36mTRANSACTION (0.2ms)[0m  [1m[35mBEGIN[0m
  ↳ app/services/migrate/data_migration.rb:55:in `block (2 levels) in migrate_users'
  [1m[36mUser Exists? (0.8ms)[0m  [1m[34mSELECT 1 AS one FROM "users" WHERE LOWER("users"."email") = LOWER($1) LIMIT $2[0m  [["email", "name2@domaintwo.co.uk"], ["LIMIT", 1]]
  ↳ app/services/migrate/data_migration.rb:55:in `block (2 levels) in migrate_users'
  [1m[36mTRANSACTION (0.1ms)[0m  [1m[31mROLLBACK[0m
  ↳ app/services/migrate/data_migration.rb:55:in `block (2 levels) in migrate_users'
  [1m[36mTRANSACTION (0.1ms)[0m  [1m[35mBEGIN[0m
  ↳ app/services/migrate/data_migration.rb:55:in `block (2 levels) in migrate_users'
  [1m[36mUser Exists? (0.9ms)[0m  [1m[34mSELECT 1 AS one FROM "users" WHERE LOWER("users"."email") = LOWER($1) LIMIT $2[0m  [["email", "name2@domaintwo.co.uk"], ["LIMIT", 1]]
  ↳ app/services/migrate/data_migration.rb:55:in `block (2 levels) in migrate_users'
  [1m[36mTRANSACTION (0.1ms)[0m  [1m[31mROLLBACK[0m
  ↳ app/services/migrate/data_migration.rb:55:in `block (2 levels) in migrate_users'
  [1m[36mTRANSACTION (0.0ms)[0m  [1m[35mBEGIN[0m
  ↳ app/services/migrate/data_migration.rb:55:in `block (2 levels) in migrate_users'
  [1m[36mUser Exists? (0.9ms)[0m  [1m[34mSELECT 1 AS one FROM "users" WHERE LOWER("users"."email") = LOWER($1) LIMIT $2[0m  [["email", "name3@domainthree.co.uk"], ["LIMIT", 1]]
  ↳ app/services/migrate/data_migration.rb:55:in `block (2 levels) in migrate_users'
  [1m[36mUser Create (0.2ms)[0m  [1m[32mINSERT INTO "users" ("contact_email", "contact_fax", "contact_mobile", "contact_phone", "contact_social", "email", "first_name", "last_name", "status", "status_description", "title", "user_roles", "identifier_id", "scheme_id") VALUES ($1, $2, $3, $4, $5, $6, $7, $8, $9, $10, $11, $12, $13, $14) RETURNING "user_id"[0m  [["contact_email", "testtttttttt@xt.com"], ["contact_fax", "0207 777 7778"], ["contact_mobile", "07777 777777"], ["contact_phone", "0207 777 7777"], ["contact_social", "https://www.linkedin.com/in/xx-yy-zz-09a5b24/"], ["email", "name3@domainthree.co.uk"], ["first_name", "Sally"], ["last_name", "Smith"], ["status", 201], ["status_description", "Success."], ["title", "Mrs"], ["user_roles", "RMI User,RMI Tile,Organisation Administrator"], ["identifier_id", "222222222"], ["scheme_id", "SF-URN"]]
  ↳ app/services/migrate/data_migration.rb:55:in `block (2 levels) in migrate_users'
  [1m[36mTRANSACTION (4.0ms)[0m  [1m[35mCOMMIT[0m
  ↳ app/services/migrate/data_migration.rb:55:in `block (2 levels) in migrate_users'
Completed 200 OK in 79ms (Views: 0.9ms | ActiveRecord: 58.5ms | Allocations: 27536)


Started POST "/data-migration/migrate/format/csv" for ::1 at 2024-02-01 15:48:39 +0000
Processing by DataMigrationController#validate_as_csv as */*
  Parameters: {"file"=>#<ActionDispatch::Http::UploadedFile:0x00007f69d9596790 @tempfile=#<Tempfile:/tmp/RackMultipart20240201-21020-oy74ea.csv>, @content_type="text/csv", @original_filename="testFile.csv", @headers="Content-Disposition: form-data; name=\"file\"; filename=\"testFile.csv\"\r\nContent-Type: text/csv\r\n">}
  [1m[36mClient Load (0.1ms)[0m  [1m[34mSELECT "clients".* FROM "clients" WHERE "clients"."api_key" = $1 LIMIT $2[0m  [["api_key", "1237"], ["LIMIT", 1]]
  ↳ app/services/authorize/token.rb:10:in `client_auth'
  [1m[36mTRANSACTION (0.1ms)[0m  [1m[35mBEGIN[0m
  ↳ app/services/migrate/data_migration.rb:24:in `block in migrate_orgs'
  [1m[36mOrganisation Exists? (1.0ms)[0m  [1m[34mSELECT 1 AS one FROM "organisations" WHERE LOWER("organisations"."identifier_id") = LOWER($1) LIMIT $2[0m  [["identifier_id", "777777777"], ["LIMIT", 1]]
  ↳ app/services/migrate/data_migration.rb:24:in `block in migrate_orgs'
  [1m[36mTRANSACTION (0.1ms)[0m  [1m[31mROLLBACK[0m
  ↳ app/services/migrate/data_migration.rb:24:in `block in migrate_orgs'
  [1m[36mTRANSACTION (0.2ms)[0m  [1m[35mBEGIN[0m
  ↳ app/services/migrate/data_migration.rb:55:in `block (2 levels) in migrate_users'
  [1m[36mUser Exists? (0.9ms)[0m  [1m[34mSELECT 1 AS one FROM "users" WHERE LOWER("users"."email") = LOWER($1) LIMIT $2[0m  [["email", "name@domain.co.uk"], ["LIMIT", 1]]
  ↳ app/services/migrate/data_migration.rb:55:in `block (2 levels) in migrate_users'
  [1m[36mUser Create (0.2ms)[0m  [1m[32mINSERT INTO "users" ("contact_email", "contact_fax", "contact_mobile", "contact_phone", "contact_social", "email", "first_name", "last_name", "status", "status_description", "title", "user_roles", "identifier_id", "scheme_id") VALUES ($1, $2, $3, $4, $5, $6, $7, $8, $9, $10, $11, $12, $13, $14) RETURNING "user_id"[0m  [["contact_email", "name@domain.co.uk"], ["contact_fax", "0207 777 7778"], ["contact_mobile", "07777 777777"], ["contact_phone", "0207 777 7777"], ["contact_social", "https://www.linkedin.com/in/xx-yy-zz-09a5b24/"], ["email", "name@domain.co.uk"], ["first_name", "Joe"], ["last_name", "Bloggs"], ["status", 201], ["status_description", "Success."], ["title", "Mr"], ["user_roles", "RMI User,RMI Tile,Organisation Administrator"], ["identifier_id", "777777777"], ["scheme_id", "SF-URN"]]
  ↳ app/services/migrate/data_migration.rb:55:in `block (2 levels) in migrate_users'
  [1m[36mTRANSACTION (13.4ms)[0m  [1m[35mCOMMIT[0m
  ↳ app/services/migrate/data_migration.rb:55:in `block (2 levels) in migrate_users'
Completed 200 OK in 38ms (Views: 0.5ms | ActiveRecord: 20.9ms | Allocations: 17261)


Started POST "/data-migration/migrate/format/csv" for ::1 at 2024-02-01 15:49:55 +0000
Processing by DataMigrationController#validate_as_csv as */*
  [1m[36mClient Load (0.2ms)[0m  [1m[34mSELECT "clients".* FROM "clients" WHERE "clients"."api_key" = $1 LIMIT $2[0m  [["api_key", "1237"], ["LIMIT", 1]]
  ↳ app/services/authorize/token.rb:10:in `client_auth'
Completed 400 Bad Request in 1ms (Views: 0.1ms | ActiveRecord: 0.2ms | Allocations: 480)


Started POST "/data-migration/migrate/format/csv" for ::1 at 2024-02-01 15:50:21 +0000
Processing by DataMigrationController#validate_as_csv as */*
  Parameters: {"file"=>#<ActionDispatch::Http::UploadedFile:0x00007f69d9d29750 @tempfile=#<Tempfile:/tmp/RackMultipart20240201-21020-c4ux97.csv>, @content_type="text/csv", @original_filename="testFile.csv", @headers="Content-Disposition: form-data; name=\"file\"; filename=\"testFile.csv\"\r\nContent-Type: text/csv\r\n">}
  [1m[36mClient Load (0.2ms)[0m  [1m[34mSELECT "clients".* FROM "clients" WHERE "clients"."api_key" = $1 LIMIT $2[0m  [["api_key", "1237"], ["LIMIT", 1]]
  ↳ app/services/authorize/token.rb:10:in `client_auth'
  [1m[36mTRANSACTION (0.1ms)[0m  [1m[35mBEGIN[0m
  ↳ app/services/migrate/data_migration.rb:24:in `block in migrate_orgs'
  [1m[36mOrganisation Exists? (0.8ms)[0m  [1m[34mSELECT 1 AS one FROM "organisations" WHERE LOWER("organisations"."identifier_id") = LOWER($1) LIMIT $2[0m  [["identifier_id", "777777777"], ["LIMIT", 1]]
  ↳ app/services/migrate/data_migration.rb:24:in `block in migrate_orgs'
  [1m[36mOrganisation Create (0.2ms)[0m  [1m[32mINSERT INTO "organisations" ("identifier_id", "org_roles", "right_to_buy", "scheme_id", "status", "status_description", "domain_name") VALUES ($1, $2, $3, $4, $5, $6, $7) RETURNING "org_id"[0m  [["identifier_id", "777777777"], ["org_roles", "RMI User,RMI Tile"], ["right_to_buy", false], ["scheme_id", "SF-URN"], ["status", 201], ["status_description", "Success."], ["domain_name", "domain.co.uk"]]
  ↳ app/services/migrate/data_migration.rb:24:in `block in migrate_orgs'
  [1m[36mTRANSACTION (15.9ms)[0m  [1m[35mCOMMIT[0m
  ↳ app/services/migrate/data_migration.rb:24:in `block in migrate_orgs'
  [1m[36mTRANSACTION (0.3ms)[0m  [1m[35mBEGIN[0m
  ↳ app/services/migrate/data_migration.rb:55:in `block (2 levels) in migrate_users'
  [1m[36mUser Exists? (1.0ms)[0m  [1m[34mSELECT 1 AS one FROM "users" WHERE LOWER("users"."email") = LOWER($1) LIMIT $2[0m  [["email", "name@domain.co.uk"], ["LIMIT", 1]]
  ↳ app/services/migrate/data_migration.rb:55:in `block (2 levels) in migrate_users'
  [1m[36mUser Create (0.2ms)[0m  [1m[32mINSERT INTO "users" ("contact_email", "contact_fax", "contact_mobile", "contact_phone", "contact_social", "email", "first_name", "last_name", "status", "status_description", "title", "user_roles", "identifier_id", "scheme_id") VALUES ($1, $2, $3, $4, $5, $6, $7, $8, $9, $10, $11, $12, $13, $14) RETURNING "user_id"[0m  [["contact_email", "name@domain.co.uk"], ["contact_fax", "0207 777 7778"], ["contact_mobile", "07777 777777"], ["contact_phone", "0207 777 7777"], ["contact_social", "https://www.linkedin.com/in/xx-yy-zz-09a5b24/"], ["email", "name@domain.co.uk"], ["first_name", "Joe"], ["last_name", "Bloggs"], ["status", 201], ["status_description", "Success."], ["title", "Mr"], ["user_roles", "RMI User,RMI Tile,Organisation Administrator"], ["identifier_id", "777777777"], ["scheme_id", "SF-URN"]]
  ↳ app/services/migrate/data_migration.rb:55:in `block (2 levels) in migrate_users'
  [1m[36mTRANSACTION (7.2ms)[0m  [1m[35mCOMMIT[0m
  ↳ app/services/migrate/data_migration.rb:55:in `block (2 levels) in migrate_users'
Completed 200 OK in 31ms (Views: 0.2ms | ActiveRecord: 25.7ms | Allocations: 5384)


Started POST "/data-migration/migrate/format/csv" for ::1 at 2024-02-01 15:52:03 +0000
  [1m[36mActiveRecord::SchemaMigration Load (0.3ms)[0m  [1m[34mSELECT "schema_migrations"."version" FROM "schema_migrations" ORDER BY "schema_migrations"."version" ASC[0m
Processing by DataMigrationController#validate_as_csv as */*
  Parameters: {"file"=>#<ActionDispatch::Http::UploadedFile:0x00007f6fac1dc860 @tempfile=#<Tempfile:/tmp/RackMultipart20240201-21921-70k9ww.csv>, @content_type="text/csv", @original_filename="testFile.csv", @headers="Content-Disposition: form-data; name=\"file\"; filename=\"testFile.csv\"\r\nContent-Type: text/csv\r\n">}
  [1m[36mClient Load (0.3ms)[0m  [1m[34mSELECT "clients".* FROM "clients" WHERE "clients"."api_key" = $1 LIMIT $2[0m  [["api_key", "1237"], ["LIMIT", 1]]
  ↳ app/services/authorize/token.rb:10:in `client_auth'
  [1m[36mTRANSACTION (0.1ms)[0m  [1m[35mBEGIN[0m
  ↳ app/services/migrate/data_migration.rb:24:in `block in migrate_orgs'
  [1m[36mOrganisation Exists? (0.3ms)[0m  [1m[34mSELECT 1 AS one FROM "organisations" WHERE LOWER("organisations"."identifier_id") = LOWER($1) LIMIT $2[0m  [["identifier_id", "777777777"], ["LIMIT", 1]]
  ↳ app/services/migrate/data_migration.rb:24:in `block in migrate_orgs'
  [1m[36mOrganisation Create (0.3ms)[0m  [1m[32mINSERT INTO "organisations" ("identifier_id", "org_roles", "right_to_buy", "scheme_id", "status", "status_description", "domain_name") VALUES ($1, $2, $3, $4, $5, $6, $7) RETURNING "org_id"[0m  [["identifier_id", "777777777"], ["org_roles", "RMI User,RMI Tile"], ["right_to_buy", false], ["scheme_id", "SF-URN"], ["status", 201], ["status_description", "Success."], ["domain_name", "domain.co.uk"]]
  ↳ app/services/migrate/data_migration.rb:24:in `block in migrate_orgs'
  [1m[36mTRANSACTION (36.6ms)[0m  [1m[35mCOMMIT[0m
  ↳ app/services/migrate/data_migration.rb:24:in `block in migrate_orgs'
  [1m[36mTRANSACTION (0.1ms)[0m  [1m[35mBEGIN[0m
  ↳ app/services/migrate/data_migration.rb:55:in `block (2 levels) in migrate_users'
  [1m[36mUser Exists? (1.4ms)[0m  [1m[34mSELECT 1 AS one FROM "users" WHERE LOWER("users"."email") = LOWER($1) LIMIT $2[0m  [["email", "name@domain.co.uk"], ["LIMIT", 1]]
  ↳ app/services/migrate/data_migration.rb:55:in `block (2 levels) in migrate_users'
  [1m[36mUser Create (0.3ms)[0m  [1m[32mINSERT INTO "users" ("contact_email", "contact_fax", "contact_mobile", "contact_phone", "contact_social", "email", "first_name", "last_name", "status", "status_description", "title", "user_roles", "identifier_id", "scheme_id") VALUES ($1, $2, $3, $4, $5, $6, $7, $8, $9, $10, $11, $12, $13, $14) RETURNING "user_id"[0m  [["contact_email", "name@domain.co.uk"], ["contact_fax", "0207 777 7778"], ["contact_mobile", "07777 777777"], ["contact_phone", "0207 777 7777"], ["contact_social", "https://www.linkedin.com/in/xx-yy-zz-09a5b24/"], ["email", "name@domain.co.uk"], ["first_name", "Joe"], ["last_name", "Bloggs"], ["status", 201], ["status_description", "Success."], ["title", "Mr"], ["user_roles", "RMI User,RMI Tile,Organisation Administrator"], ["identifier_id", "777777777"], ["scheme_id", "SF-URN"]]
  ↳ app/services/migrate/data_migration.rb:55:in `block (2 levels) in migrate_users'
  [1m[36mTRANSACTION (9.0ms)[0m  [1m[35mCOMMIT[0m
  ↳ app/services/migrate/data_migration.rb:55:in `block (2 levels) in migrate_users'
Completed 200 OK in 107ms (Views: 0.5ms | ActiveRecord: 58.5ms | Allocations: 41767)


Started POST "/data-migration/migrate/format/csv" for ::1 at 2024-02-01 15:52:59 +0000
Processing by DataMigrationController#validate_as_csv as */*
  Parameters: {"file"=>#<ActionDispatch::Http::UploadedFile:0x00007f6fae6e5328 @tempfile=#<Tempfile:/tmp/RackMultipart20240201-21921-cfqffn.csv>, @content_type="text/csv", @original_filename="testFile.csv", @headers="Content-Disposition: form-data; name=\"file\"; filename=\"testFile.csv\"\r\nContent-Type: text/csv\r\n">}
  [1m[36mClient Load (0.2ms)[0m  [1m[34mSELECT "clients".* FROM "clients" WHERE "clients"."api_key" = $1 LIMIT $2[0m  [["api_key", "1237"], ["LIMIT", 1]]
  ↳ app/services/authorize/token.rb:10:in `client_auth'
  [1m[36mTRANSACTION (0.1ms)[0m  [1m[35mBEGIN[0m
  ↳ app/services/migrate/data_migration.rb:24:in `block in migrate_orgs'
  [1m[36mOrganisation Exists? (0.9ms)[0m  [1m[34mSELECT 1 AS one FROM "organisations" WHERE LOWER("organisations"."identifier_id") = LOWER($1) LIMIT $2[0m  [["identifier_id", "777777777"], ["LIMIT", 1]]
  ↳ app/services/migrate/data_migration.rb:24:in `block in migrate_orgs'
  [1m[36mTRANSACTION (0.2ms)[0m  [1m[31mROLLBACK[0m
  ↳ app/services/migrate/data_migration.rb:24:in `block in migrate_orgs'
  [1m[36mTRANSACTION (0.1ms)[0m  [1m[35mBEGIN[0m
  ↳ app/services/migrate/data_migration.rb:55:in `block (2 levels) in migrate_users'
  [1m[36mUser Exists? (0.7ms)[0m  [1m[34mSELECT 1 AS one FROM "users" WHERE LOWER("users"."email") = LOWER($1) LIMIT $2[0m  [["email", "name@domain.co.uk"], ["LIMIT", 1]]
  ↳ app/services/migrate/data_migration.rb:55:in `block (2 levels) in migrate_users'
  [1m[36mTRANSACTION (0.1ms)[0m  [1m[31mROLLBACK[0m
  ↳ app/services/migrate/data_migration.rb:55:in `block (2 levels) in migrate_users'
Completed 200 OK in 8ms (Views: 1.2ms | ActiveRecord: 2.2ms | Allocations: 5894)


Started POST "/data-migration/migrate/format/csv" for ::1 at 2024-02-01 15:53:34 +0000
Processing by DataMigrationController#validate_as_csv as */*
  Parameters: {"file"=>#<ActionDispatch::Http::UploadedFile:0x00007f6fae710c30 @tempfile=#<Tempfile:/tmp/RackMultipart20240201-21921-vi92xo.csv>, @content_type="text/csv", @original_filename="testFile_orgs.csv", @headers="Content-Disposition: form-data; name=\"file\"; filename=\"testFile_orgs.csv\"\r\nContent-Type: text/csv\r\n">}
  [1m[36mClient Load (0.3ms)[0m  [1m[34mSELECT "clients".* FROM "clients" WHERE "clients"."api_key" = $1 LIMIT $2[0m  [["api_key", "1237"], ["LIMIT", 1]]
  ↳ app/services/authorize/token.rb:10:in `client_auth'
  [1m[36mTRANSACTION (0.1ms)[0m  [1m[35mBEGIN[0m
  ↳ app/services/migrate/data_migration.rb:24:in `block in migrate_orgs'
  [1m[36mOrganisation Exists? (1.0ms)[0m  [1m[34mSELECT 1 AS one FROM "organisations" WHERE LOWER("organisations"."identifier_id") = LOWER($1) LIMIT $2[0m  [["identifier_id", "777777777"], ["LIMIT", 1]]
  ↳ app/services/migrate/data_migration.rb:24:in `block in migrate_orgs'
  [1m[36mTRANSACTION (0.1ms)[0m  [1m[31mROLLBACK[0m
  ↳ app/services/migrate/data_migration.rb:24:in `block in migrate_orgs'
  [1m[36mTRANSACTION (0.1ms)[0m  [1m[35mBEGIN[0m
  ↳ app/services/migrate/data_migration.rb:24:in `block in migrate_orgs'
  [1m[36mOrganisation Exists? (0.9ms)[0m  [1m[34mSELECT 1 AS one FROM "organisations" WHERE LOWER("organisations"."identifier_id") = LOWER($1) LIMIT $2[0m  [["identifier_id", "123456789"], ["LIMIT", 1]]
  ↳ app/services/migrate/data_migration.rb:24:in `block in migrate_orgs'
  [1m[36mOrganisation Create (0.2ms)[0m  [1m[32mINSERT INTO "organisations" ("identifier_id", "org_roles", "right_to_buy", "scheme_id", "status", "status_description", "domain_name") VALUES ($1, $2, $3, $4, $5, $6, $7) RETURNING "org_id"[0m  [["identifier_id", "123456789"], ["org_roles", "RMI User,RMI Tile"], ["right_to_buy", false], ["scheme_id", "SF-URN"], ["status", 201], ["status_description", "Success."], ["domain_name", "domaintwo.co.uk"]]
  ↳ app/services/migrate/data_migration.rb:24:in `block in migrate_orgs'
  [1m[36mTRANSACTION (8.4ms)[0m  [1m[35mCOMMIT[0m
  ↳ app/services/migrate/data_migration.rb:24:in `block in migrate_orgs'
  [1m[36mTRANSACTION (0.2ms)[0m  [1m[35mBEGIN[0m
  ↳ app/services/migrate/data_migration.rb:24:in `block in migrate_orgs'
  [1m[36mOrganisation Exists? (1.5ms)[0m  [1m[34mSELECT 1 AS one FROM "organisations" WHERE LOWER("organisations"."identifier_id") = LOWER($1) LIMIT $2[0m  [["identifier_id", "222222222"], ["LIMIT", 1]]
  ↳ app/services/migrate/data_migration.rb:24:in `block in migrate_orgs'
  [1m[36mOrganisation Create (0.3ms)[0m  [1m[32mINSERT INTO "organisations" ("identifier_id", "org_roles", "right_to_buy", "scheme_id", "status", "status_description", "domain_name") VALUES ($1, $2, $3, $4, $5, $6, $7) RETURNING "org_id"[0m  [["identifier_id", "222222222"], ["org_roles", "RMI User,RMI Tile"], ["right_to_buy", false], ["scheme_id", "SF-URN"], ["status", 201], ["status_description", "Success."], ["domain_name", "domainthree.co.uk"]]
  ↳ app/services/migrate/data_migration.rb:24:in `block in migrate_orgs'
  [1m[36mTRANSACTION (6.3ms)[0m  [1m[35mCOMMIT[0m
  ↳ app/services/migrate/data_migration.rb:24:in `block in migrate_orgs'
  [1m[36mTRANSACTION (0.2ms)[0m  [1m[35mBEGIN[0m
  ↳ app/services/migrate/data_migration.rb:55:in `block (2 levels) in migrate_users'
  [1m[36mUser Exists? (1.3ms)[0m  [1m[34mSELECT 1 AS one FROM "users" WHERE LOWER("users"."email") = LOWER($1) LIMIT $2[0m  [["email", "name@domain.co.uk"], ["LIMIT", 1]]
  ↳ app/services/migrate/data_migration.rb:55:in `block (2 levels) in migrate_users'
  [1m[36mTRANSACTION (0.1ms)[0m  [1m[31mROLLBACK[0m
  ↳ app/services/migrate/data_migration.rb:55:in `block (2 levels) in migrate_users'
  [1m[36mTRANSACTION (0.2ms)[0m  [1m[35mBEGIN[0m
  ↳ app/services/migrate/data_migration.rb:55:in `block (2 levels) in migrate_users'
  [1m[36mUser Exists? (1.1ms)[0m  [1m[34mSELECT 1 AS one FROM "users" WHERE LOWER("users"."email") = LOWER($1) LIMIT $2[0m  [["email", "name2@domaintwo.co.uk"], ["LIMIT", 1]]
  ↳ app/services/migrate/data_migration.rb:55:in `block (2 levels) in migrate_users'
  [1m[36mUser Create (0.2ms)[0m  [1m[32mINSERT INTO "users" ("contact_email", "contact_fax", "contact_mobile", "contact_phone", "contact_social", "email", "first_name", "last_name", "status", "status_description", "title", "user_roles", "identifier_id", "scheme_id") VALUES ($1, $2, $3, $4, $5, $6, $7, $8, $9, $10, $11, $12, $13, $14) RETURNING "user_id"[0m  [["contact_email", "test@test.com"], ["contact_fax", "0207 777 7778"], ["contact_mobile", "07777 777777"], ["contact_phone", "0207 777 7777"], ["contact_social", "https://www.linkedin.com/in/xx-yy-zz-09a5b24/"], ["email", "name2@domaintwo.co.uk"], ["first_name", "Test"], ["last_name", "Testing"], ["status", 201], ["status_description", "Success."], ["title", "Mr"], ["user_roles", "RMI User,RMI Tile,Organisation Administrator"], ["identifier_id", "123456789"], ["scheme_id", "SF-URN"]]
  ↳ app/services/migrate/data_migration.rb:55:in `block (2 levels) in migrate_users'
  [1m[36mTRANSACTION (2.8ms)[0m  [1m[35mCOMMIT[0m
  ↳ app/services/migrate/data_migration.rb:55:in `block (2 levels) in migrate_users'
  [1m[36mTRANSACTION (0.1ms)[0m  [1m[35mBEGIN[0m
  ↳ app/services/migrate/data_migration.rb:55:in `block (2 levels) in migrate_users'
  [1m[36mUser Exists? (0.8ms)[0m  [1m[34mSELECT 1 AS one FROM "users" WHERE LOWER("users"."email") = LOWER($1) LIMIT $2[0m  [["email", "name3@domainthree.co.uk"], ["LIMIT", 1]]
  ↳ app/services/migrate/data_migration.rb:55:in `block (2 levels) in migrate_users'
  [1m[36mUser Create (0.4ms)[0m  [1m[32mINSERT INTO "users" ("contact_email", "contact_fax", "contact_mobile", "contact_phone", "contact_social", "email", "first_name", "last_name", "status", "status_description", "title", "user_roles", "identifier_id", "scheme_id") VALUES ($1, $2, $3, $4, $5, $6, $7, $8, $9, $10, $11, $12, $13, $14) RETURNING "user_id"[0m  [["contact_email", "test2@test.com"], ["contact_fax", "0207 777 7778"], ["contact_mobile", "07777 777777"], ["contact_phone", "0207 777 7777"], ["contact_social", "https://www.linkedin.com/in/xx-yy-zz-09a5b24/"], ["email", "name3@domainthree.co.uk"], ["first_name", "Jane"], ["last_name", "Bloggs"], ["status", 201], ["status_description", "Success."], ["title", "Mrs"], ["user_roles", "RMI User,RMI Tile,Organisation Administrator"], ["identifier_id", "222222222"], ["scheme_id", "SF-URN"]]
  ↳ app/services/migrate/data_migration.rb:55:in `block (2 levels) in migrate_users'
  [1m[36mTRANSACTION (7.2ms)[0m  [1m[35mCOMMIT[0m
  ↳ app/services/migrate/data_migration.rb:55:in `block (2 levels) in migrate_users'
Completed 200 OK in 52ms (Views: 0.7ms | ActiveRecord: 33.7ms | Allocations: 14004)


Started POST "/data-migration/migrate/format/csv" for ::1 at 2024-02-01 15:53:56 +0000
Processing by DataMigrationController#validate_as_csv as */*
  Parameters: {"file"=>#<ActionDispatch::Http::UploadedFile:0x00007f6fae876c28 @tempfile=#<Tempfile:/tmp/RackMultipart20240201-21921-4ft6r7.csv>, @content_type="text/csv", @original_filename="testFile.csv", @headers="Content-Disposition: form-data; name=\"file\"; filename=\"testFile.csv\"\r\nContent-Type: text/csv\r\n">}
  [1m[36mClient Load (0.2ms)[0m  [1m[34mSELECT "clients".* FROM "clients" WHERE "clients"."api_key" = $1 LIMIT $2[0m  [["api_key", "1237"], ["LIMIT", 1]]
  ↳ app/services/authorize/token.rb:10:in `client_auth'
  [1m[36mTRANSACTION (0.1ms)[0m  [1m[35mBEGIN[0m
  ↳ app/services/migrate/data_migration.rb:24:in `block in migrate_orgs'
  [1m[36mOrganisation Exists? (1.0ms)[0m  [1m[34mSELECT 1 AS one FROM "organisations" WHERE LOWER("organisations"."identifier_id") = LOWER($1) LIMIT $2[0m  [["identifier_id", "777777777"], ["LIMIT", 1]]
  ↳ app/services/migrate/data_migration.rb:24:in `block in migrate_orgs'
  [1m[36mTRANSACTION (0.1ms)[0m  [1m[31mROLLBACK[0m
  ↳ app/services/migrate/data_migration.rb:24:in `block in migrate_orgs'
  [1m[36mTRANSACTION (0.3ms)[0m  [1m[35mBEGIN[0m
  ↳ app/services/migrate/data_migration.rb:55:in `block (2 levels) in migrate_users'
  [1m[36mUser Exists? (1.2ms)[0m  [1m[34mSELECT 1 AS one FROM "users" WHERE LOWER("users"."email") = LOWER($1) LIMIT $2[0m  [["email", "name@domain.co.uk"], ["LIMIT", 1]]
  ↳ app/services/migrate/data_migration.rb:55:in `block (2 levels) in migrate_users'
  [1m[36mTRANSACTION (0.1ms)[0m  [1m[31mROLLBACK[0m
  ↳ app/services/migrate/data_migration.rb:55:in `block (2 levels) in migrate_users'
Completed 200 OK in 8ms (Views: 0.5ms | ActiveRecord: 2.9ms | Allocations: 4837)


Started POST "/data-migration/migrate/format/csv" for ::1 at 2024-02-01 15:54:09 +0000
Processing by DataMigrationController#validate_as_csv as */*
  Parameters: {"file"=>#<ActionDispatch::Http::UploadedFile:0x00007f6faeaf4888 @tempfile=#<Tempfile:/tmp/RackMultipart20240201-21921-9vksx.csv>, @content_type="text/csv", @original_filename="testFile_orgs.csv", @headers="Content-Disposition: form-data; name=\"file\"; filename=\"testFile_orgs.csv\"\r\nContent-Type: text/csv\r\n">}
  [1m[36mClient Load (0.2ms)[0m  [1m[34mSELECT "clients".* FROM "clients" WHERE "clients"."api_key" = $1 LIMIT $2[0m  [["api_key", "1237"], ["LIMIT", 1]]
  ↳ app/services/authorize/token.rb:10:in `client_auth'
  [1m[36mTRANSACTION (0.1ms)[0m  [1m[35mBEGIN[0m
  ↳ app/services/migrate/data_migration.rb:24:in `block in migrate_orgs'
  [1m[36mOrganisation Exists? (0.8ms)[0m  [1m[34mSELECT 1 AS one FROM "organisations" WHERE LOWER("organisations"."identifier_id") = LOWER($1) LIMIT $2[0m  [["identifier_id", "777777777"], ["LIMIT", 1]]
  ↳ app/services/migrate/data_migration.rb:24:in `block in migrate_orgs'
  [1m[36mTRANSACTION (0.1ms)[0m  [1m[31mROLLBACK[0m
  ↳ app/services/migrate/data_migration.rb:24:in `block in migrate_orgs'
  [1m[36mTRANSACTION (0.1ms)[0m  [1m[35mBEGIN[0m
  ↳ app/services/migrate/data_migration.rb:24:in `block in migrate_orgs'
  [1m[36mOrganisation Exists? (0.7ms)[0m  [1m[34mSELECT 1 AS one FROM "organisations" WHERE LOWER("organisations"."identifier_id") = LOWER($1) LIMIT $2[0m  [["identifier_id", "123456789"], ["LIMIT", 1]]
  ↳ app/services/migrate/data_migration.rb:24:in `block in migrate_orgs'
  [1m[36mTRANSACTION (0.1ms)[0m  [1m[31mROLLBACK[0m
  ↳ app/services/migrate/data_migration.rb:24:in `block in migrate_orgs'
  [1m[36mTRANSACTION (0.2ms)[0m  [1m[35mBEGIN[0m
  ↳ app/services/migrate/data_migration.rb:24:in `block in migrate_orgs'
  [1m[36mOrganisation Exists? (1.0ms)[0m  [1m[34mSELECT 1 AS one FROM "organisations" WHERE LOWER("organisations"."identifier_id") = LOWER($1) LIMIT $2[0m  [["identifier_id", "222222222"], ["LIMIT", 1]]
  ↳ app/services/migrate/data_migration.rb:24:in `block in migrate_orgs'
  [1m[36mTRANSACTION (0.1ms)[0m  [1m[31mROLLBACK[0m
  ↳ app/services/migrate/data_migration.rb:24:in `block in migrate_orgs'
  [1m[36mTRANSACTION (0.1ms)[0m  [1m[35mBEGIN[0m
  ↳ app/services/migrate/data_migration.rb:55:in `block (2 levels) in migrate_users'
  [1m[36mUser Exists? (0.7ms)[0m  [1m[34mSELECT 1 AS one FROM "users" WHERE LOWER("users"."email") = LOWER($1) LIMIT $2[0m  [["email", "name@domain.co.uk"], ["LIMIT", 1]]
  ↳ app/services/migrate/data_migration.rb:55:in `block (2 levels) in migrate_users'
  [1m[36mTRANSACTION (0.1ms)[0m  [1m[31mROLLBACK[0m
  ↳ app/services/migrate/data_migration.rb:55:in `block (2 levels) in migrate_users'
  [1m[36mTRANSACTION (0.1ms)[0m  [1m[35mBEGIN[0m
  ↳ app/services/migrate/data_migration.rb:55:in `block (2 levels) in migrate_users'
  [1m[36mUser Exists? (0.8ms)[0m  [1m[34mSELECT 1 AS one FROM "users" WHERE LOWER("users"."email") = LOWER($1) LIMIT $2[0m  [["email", "name2@domaintwo.co.uk"], ["LIMIT", 1]]
  ↳ app/services/migrate/data_migration.rb:55:in `block (2 levels) in migrate_users'
  [1m[36mTRANSACTION (0.1ms)[0m  [1m[31mROLLBACK[0m
  ↳ app/services/migrate/data_migration.rb:55:in `block (2 levels) in migrate_users'
  [1m[36mTRANSACTION (0.1ms)[0m  [1m[35mBEGIN[0m
  ↳ app/services/migrate/data_migration.rb:55:in `block (2 levels) in migrate_users'
  [1m[36mUser Exists? (0.6ms)[0m  [1m[34mSELECT 1 AS one FROM "users" WHERE LOWER("users"."email") = LOWER($1) LIMIT $2[0m  [["email", "name3@domainthree.co.uk"], ["LIMIT", 1]]
  ↳ app/services/migrate/data_migration.rb:55:in `block (2 levels) in migrate_users'
  [1m[36mTRANSACTION (0.1ms)[0m  [1m[31mROLLBACK[0m
  ↳ app/services/migrate/data_migration.rb:55:in `block (2 levels) in migrate_users'
Completed 200 OK in 15ms (Views: 0.9ms | ActiveRecord: 5.7ms | Allocations: 13039)


Started POST "/data-migration/migrate/format/csv" for ::1 at 2024-02-01 15:55:18 +0000
Processing by DataMigrationController#validate_as_csv as */*
  Parameters: {"file"=>#<ActionDispatch::Http::UploadedFile:0x00007f6f6fadaeb8 @tempfile=#<Tempfile:/tmp/RackMultipart20240201-21921-3m0tnz.csv>, @content_type="text/csv", @original_filename="testFile.csv", @headers="Content-Disposition: form-data; name=\"file\"; filename=\"testFile.csv\"\r\nContent-Type: text/csv\r\n">}
  [1m[36mClient Load (0.2ms)[0m  [1m[34mSELECT "clients".* FROM "clients" WHERE "clients"."api_key" = $1 LIMIT $2[0m  [["api_key", "1237"], ["LIMIT", 1]]
  ↳ app/services/authorize/token.rb:10:in `client_auth'
  [1m[36mTRANSACTION (0.1ms)[0m  [1m[35mBEGIN[0m
  ↳ app/services/migrate/data_migration.rb:24:in `block in migrate_orgs'
  [1m[36mOrganisation Exists? (0.7ms)[0m  [1m[34mSELECT 1 AS one FROM "organisations" WHERE LOWER("organisations"."identifier_id") = LOWER($1) LIMIT $2[0m  [["identifier_id", "777777777"], ["LIMIT", 1]]
  ↳ app/services/migrate/data_migration.rb:24:in `block in migrate_orgs'
  [1m[36mOrganisation Create (0.2ms)[0m  [1m[32mINSERT INTO "organisations" ("identifier_id", "org_roles", "right_to_buy", "scheme_id", "status", "status_description", "domain_name") VALUES ($1, $2, $3, $4, $5, $6, $7) RETURNING "org_id"[0m  [["identifier_id", "777777777"], ["org_roles", "RMI User,RMI Tile"], ["right_to_buy", false], ["scheme_id", "SF-URN"], ["status", 201], ["status_description", "Success."], ["domain_name", "domain.co.uk"]]
  ↳ app/services/migrate/data_migration.rb:24:in `block in migrate_orgs'
  [1m[36mTRANSACTION (8.1ms)[0m  [1m[35mCOMMIT[0m
  ↳ app/services/migrate/data_migration.rb:24:in `block in migrate_orgs'
  [1m[36mTRANSACTION (0.2ms)[0m  [1m[35mBEGIN[0m
  ↳ app/services/migrate/data_migration.rb:55:in `block (2 levels) in migrate_users'
  [1m[36mUser Exists? (8.4ms)[0m  [1m[34mSELECT 1 AS one FROM "users" WHERE LOWER("users"."email") = LOWER($1) LIMIT $2[0m  [["email", "name@domain.co.uk"], ["LIMIT", 1]]
  ↳ app/services/migrate/data_migration.rb:55:in `block (2 levels) in migrate_users'
  [1m[36mUser Create (0.4ms)[0m  [1m[32mINSERT INTO "users" ("contact_email", "contact_fax", "contact_mobile", "contact_phone", "contact_social", "email", "first_name", "last_name", "status", "status_description", "title", "user_roles", "identifier_id", "scheme_id") VALUES ($1, $2, $3, $4, $5, $6, $7, $8, $9, $10, $11, $12, $13, $14) RETURNING "user_id"[0m  [["contact_email", "name@domain.co.uk"], ["contact_fax", "0207 777 7778"], ["contact_mobile", "07777 777777"], ["contact_phone", "0207 777 7777"], ["contact_social", "https://www.linkedin.com/in/xx-yy-zz-09a5b24/"], ["email", "name@domain.co.uk"], ["first_name", "Joe"], ["last_name", "Bloggs"], ["status", 201], ["status_description", "Success."], ["title", "Mr"], ["user_roles", "RMI User,RMI Tile,Organisation Administrator"], ["identifier_id", "777777777"], ["scheme_id", "SF-URN"]]
  ↳ app/services/migrate/data_migration.rb:55:in `block (2 levels) in migrate_users'
  [1m[36mTRANSACTION (10.6ms)[0m  [1m[35mCOMMIT[0m
  ↳ app/services/migrate/data_migration.rb:55:in `block (2 levels) in migrate_users'
Completed 200 OK in 35ms (Views: 0.3ms | ActiveRecord: 28.6ms | Allocations: 5309)


Started POST "/data-migration/migrate/format/csv." for ::1 at 2024-02-01 15:55:43 +0000
  
ActionController::RoutingError (No route matches [POST] "/data-migration/migrate/format/csv."):
  
  [1m[35m (0.1ms)[0m  [1m[34mSELECT pg_try_advisory_lock(2642523968964351780)[0m
  [1m[36mActiveRecord::SchemaMigration Load (0.3ms)[0m  [1m[34mSELECT "schema_migrations"."version" FROM "schema_migrations" ORDER BY "schema_migrations"."version" ASC[0m
  [1m[36mActiveRecord::InternalMetadata Load (0.3ms)[0m  [1m[34mSELECT * FROM "ar_internal_metadata" WHERE "ar_internal_metadata"."key" = $1 ORDER BY "ar_internal_metadata"."key" ASC LIMIT 1[0m  [[nil, "environment"]]
  [1m[35m (0.1ms)[0m  [1m[34mSELECT pg_advisory_unlock(2642523968964351780)[0m
  [1m[36mActiveRecord::SchemaMigration Load (0.1ms)[0m  [1m[34mSELECT "schema_migrations"."version" FROM "schema_migrations" ORDER BY "schema_migrations"."version" ASC[0m
  [1m[35m (0.1ms)[0m  [1m[34mSELECT pg_try_advisory_lock(2642523968964351780)[0m
  [1m[36mActiveRecord::SchemaMigration Load (0.3ms)[0m  [1m[34mSELECT "schema_migrations"."version" FROM "schema_migrations" ORDER BY "schema_migrations"."version" ASC[0m
  [1m[36mActiveRecord::InternalMetadata Load (0.4ms)[0m  [1m[34mSELECT * FROM "ar_internal_metadata" WHERE "ar_internal_metadata"."key" = $1 ORDER BY "ar_internal_metadata"."key" ASC LIMIT 1[0m  [[nil, "environment"]]
  [1m[35m (0.1ms)[0m  [1m[34mSELECT pg_advisory_unlock(2642523968964351780)[0m
  [1m[36mActiveRecord::SchemaMigration Load (0.1ms)[0m  [1m[34mSELECT "schema_migrations"."version" FROM "schema_migrations" ORDER BY "schema_migrations"."version" ASC[0m
Started POST "/data-migration/migrate/format/csv" for ::1 at 2024-02-01 16:12:09 +0000
  [1m[36mActiveRecord::SchemaMigration Load (0.5ms)[0m  [1m[34mSELECT "schema_migrations"."version" FROM "schema_migrations" ORDER BY "schema_migrations"."version" ASC[0m
Processing by DataMigrationController#validate_as_csv as */*
  Parameters: {"file"=>#<ActionDispatch::Http::UploadedFile:0x00007eff6da6a518 @tempfile=#<Tempfile:/tmp/RackMultipart20240201-23064-om6ngl.csv>, @content_type="text/csv", @original_filename="testFile.csv", @headers="Content-Disposition: form-data; name=\"file\"; filename=\"testFile.csv\"\r\nContent-Type: text/csv\r\n">}
  [1m[36mClient Load (0.5ms)[0m  [1m[34mSELECT "clients".* FROM "clients" WHERE "clients"."api_key" = $1 LIMIT $2[0m  [["api_key", "1237"], ["LIMIT", 1]]
  ↳ app/services/authorize/token.rb:10:in `client_auth'
  [1m[36mTRANSACTION (0.2ms)[0m  [1m[35mBEGIN[0m
  ↳ app/services/migrate/data_migration.rb:24:in `block in migrate_orgs'
  [1m[36mOrganisation Exists? (0.4ms)[0m  [1m[34mSELECT 1 AS one FROM "organisations" WHERE LOWER("organisations"."identifier_id") = LOWER($1) LIMIT $2[0m  [["identifier_id", "777777777"], ["LIMIT", 1]]
  ↳ app/services/migrate/data_migration.rb:24:in `block in migrate_orgs'
  [1m[36mOrganisation Create (0.4ms)[0m  [1m[32mINSERT INTO "organisations" ("identifier_id", "org_roles", "right_to_buy", "scheme_id", "status", "status_description", "domain_name") VALUES ($1, $2, $3, $4, $5, $6, $7) RETURNING "org_id"[0m  [["identifier_id", "777777777"], ["org_roles", "RMI User,RMI Tile"], ["right_to_buy", false], ["scheme_id", "SF-URN"], ["status", 201], ["status_description", "Success."], ["domain_name", "domain.co.uk"]]
  ↳ app/services/migrate/data_migration.rb:24:in `block in migrate_orgs'
  [1m[36mTRANSACTION (31.6ms)[0m  [1m[35mCOMMIT[0m
  ↳ app/services/migrate/data_migration.rb:24:in `block in migrate_orgs'
  [1m[36mTRANSACTION (0.2ms)[0m  [1m[35mBEGIN[0m
  ↳ app/services/migrate/data_migration.rb:55:in `block (2 levels) in migrate_users'
  [1m[36mUser Exists? (1.5ms)[0m  [1m[34mSELECT 1 AS one FROM "users" WHERE LOWER("users"."email") = LOWER($1) LIMIT $2[0m  [["email", "name@domain.co.uk"], ["LIMIT", 1]]
  ↳ app/services/migrate/data_migration.rb:55:in `block (2 levels) in migrate_users'
  [1m[36mUser Create (0.4ms)[0m  [1m[32mINSERT INTO "users" ("contact_email", "contact_fax", "contact_mobile", "contact_phone", "contact_social", "email", "first_name", "last_name", "status", "status_description", "title", "user_roles", "identifier_id", "scheme_id") VALUES ($1, $2, $3, $4, $5, $6, $7, $8, $9, $10, $11, $12, $13, $14) RETURNING "user_id"[0m  [["contact_email", "name@domain.co.uk"], ["contact_fax", "0207 777 7778"], ["contact_mobile", "07777 777777"], ["contact_phone", "0207 777 7777"], ["contact_social", "https://www.linkedin.com/in/xx-yy-zz-09a5b24/"], ["email", "name@domain.co.uk"], ["first_name", "Joe"], ["last_name", "Bloggs"], ["status", 201], ["status_description", "Success."], ["title", "Mr"], ["user_roles", "RMI User,RMI Tile,Organisation Administrator"], ["identifier_id", "777777777"], ["scheme_id", "SF-URN"]]
  ↳ app/services/migrate/data_migration.rb:55:in `block (2 levels) in migrate_users'
  [1m[36mTRANSACTION (9.4ms)[0m  [1m[35mCOMMIT[0m
  ↳ app/services/migrate/data_migration.rb:55:in `block (2 levels) in migrate_users'
Completed 200 OK in 118ms (Views: 0.5ms | ActiveRecord: 58.9ms | Allocations: 41496)


Started POST "/data-migration/migrate/format/csv" for ::1 at 2024-02-01 16:13:09 +0000
Processing by DataMigrationController#validate_as_csv as */*
  Parameters: {"file"=>#<ActionDispatch::Http::UploadedFile:0x00007eff69c3b918 @tempfile=#<Tempfile:/tmp/RackMultipart20240201-23064-w944o4.csv>, @content_type="text/csv", @original_filename="testFile.csv", @headers="Content-Disposition: form-data; name=\"file\"; filename=\"testFile.csv\"\r\nContent-Type: text/csv\r\n">}
  [1m[36mClient Load (0.2ms)[0m  [1m[34mSELECT "clients".* FROM "clients" WHERE "clients"."api_key" = $1 LIMIT $2[0m  [["api_key", "1237"], ["LIMIT", 1]]
  ↳ app/services/authorize/token.rb:10:in `client_auth'
  [1m[36mTRANSACTION (0.1ms)[0m  [1m[35mBEGIN[0m
  ↳ app/services/migrate/data_migration.rb:24:in `block in migrate_orgs'
  [1m[36mOrganisation Exists? (0.8ms)[0m  [1m[34mSELECT 1 AS one FROM "organisations" WHERE LOWER("organisations"."identifier_id") = LOWER($1) LIMIT $2[0m  [["identifier_id", "777777777"], ["LIMIT", 1]]
  ↳ app/services/migrate/data_migration.rb:24:in `block in migrate_orgs'
  [1m[36mTRANSACTION (0.1ms)[0m  [1m[31mROLLBACK[0m
  ↳ app/services/migrate/data_migration.rb:24:in `block in migrate_orgs'
  [1m[36mTRANSACTION (0.1ms)[0m  [1m[35mBEGIN[0m
  ↳ app/services/migrate/data_migration.rb:55:in `block (2 levels) in migrate_users'
  [1m[36mUser Exists? (0.7ms)[0m  [1m[34mSELECT 1 AS one FROM "users" WHERE LOWER("users"."email") = LOWER($1) LIMIT $2[0m  [["email", "name@domain.co.uk"], ["LIMIT", 1]]
  ↳ app/services/migrate/data_migration.rb:55:in `block (2 levels) in migrate_users'
  [1m[36mTRANSACTION (0.1ms)[0m  [1m[31mROLLBACK[0m
  ↳ app/services/migrate/data_migration.rb:55:in `block (2 levels) in migrate_users'
Completed 200 OK in 7ms (Views: 1.8ms | ActiveRecord: 1.9ms | Allocations: 5894)


Started POST "/data-migration/migrate/format/csv" for ::1 at 2024-02-01 16:15:03 +0000
Processing by DataMigrationController#validate_as_csv as */*
  Parameters: {"file"=>#<ActionDispatch::Http::UploadedFile:0x00007eff69c34b68 @tempfile=#<Tempfile:/tmp/RackMultipart20240201-23064-f7a5f4.csv>, @content_type="text/csv", @original_filename="testFile_orgs.csv", @headers="Content-Disposition: form-data; name=\"file\"; filename=\"testFile_orgs.csv\"\r\nContent-Type: text/csv\r\n">}
  [1m[36mClient Load (0.2ms)[0m  [1m[34mSELECT "clients".* FROM "clients" WHERE "clients"."api_key" = $1 LIMIT $2[0m  [["api_key", "1237"], ["LIMIT", 1]]
  ↳ app/services/authorize/token.rb:10:in `client_auth'
  [1m[36mTRANSACTION (0.1ms)[0m  [1m[35mBEGIN[0m
  ↳ app/services/migrate/data_migration.rb:24:in `block in migrate_orgs'
  [1m[36mOrganisation Exists? (0.9ms)[0m  [1m[34mSELECT 1 AS one FROM "organisations" WHERE LOWER("organisations"."identifier_id") = LOWER($1) LIMIT $2[0m  [["identifier_id", "777777777"], ["LIMIT", 1]]
  ↳ app/services/migrate/data_migration.rb:24:in `block in migrate_orgs'
  [1m[36mTRANSACTION (0.1ms)[0m  [1m[31mROLLBACK[0m
  ↳ app/services/migrate/data_migration.rb:24:in `block in migrate_orgs'
  [1m[36mTRANSACTION (0.2ms)[0m  [1m[35mBEGIN[0m
  ↳ app/services/migrate/data_migration.rb:24:in `block in migrate_orgs'
  [1m[36mOrganisation Exists? (1.0ms)[0m  [1m[34mSELECT 1 AS one FROM "organisations" WHERE LOWER("organisations"."identifier_id") = LOWER($1) LIMIT $2[0m  [["identifier_id", "123456789"], ["LIMIT", 1]]
  ↳ app/services/migrate/data_migration.rb:24:in `block in migrate_orgs'
  [1m[36mOrganisation Create (0.2ms)[0m  [1m[32mINSERT INTO "organisations" ("identifier_id", "org_roles", "right_to_buy", "scheme_id", "status", "status_description", "domain_name") VALUES ($1, $2, $3, $4, $5, $6, $7) RETURNING "org_id"[0m  [["identifier_id", "123456789"], ["org_roles", "RMI User,RMI Tile"], ["right_to_buy", false], ["scheme_id", "SF-URN"], ["status", 201], ["status_description", "Success."], ["domain_name", "domaintwo.co.uk"]]
  ↳ app/services/migrate/data_migration.rb:24:in `block in migrate_orgs'
  [1m[36mTRANSACTION (2.4ms)[0m  [1m[35mCOMMIT[0m
  ↳ app/services/migrate/data_migration.rb:24:in `block in migrate_orgs'
  [1m[36mTRANSACTION (0.1ms)[0m  [1m[35mBEGIN[0m
  ↳ app/services/migrate/data_migration.rb:24:in `block in migrate_orgs'
  [1m[36mOrganisation Exists? (0.7ms)[0m  [1m[34mSELECT 1 AS one FROM "organisations" WHERE LOWER("organisations"."identifier_id") = LOWER($1) LIMIT $2[0m  [["identifier_id", "222222222"], ["LIMIT", 1]]
  ↳ app/services/migrate/data_migration.rb:24:in `block in migrate_orgs'
  [1m[36mOrganisation Create (0.1ms)[0m  [1m[32mINSERT INTO "organisations" ("identifier_id", "org_roles", "right_to_buy", "scheme_id", "status", "status_description", "domain_name") VALUES ($1, $2, $3, $4, $5, $6, $7) RETURNING "org_id"[0m  [["identifier_id", "222222222"], ["org_roles", "RMI User,RMI Tile"], ["right_to_buy", false], ["scheme_id", "SF-URN"], ["status", 201], ["status_description", "Success."], ["domain_name", "domainthree.co.uk"]]
  ↳ app/services/migrate/data_migration.rb:24:in `block in migrate_orgs'
  [1m[36mTRANSACTION (8.9ms)[0m  [1m[35mCOMMIT[0m
  ↳ app/services/migrate/data_migration.rb:24:in `block in migrate_orgs'
  [1m[36mTRANSACTION (0.2ms)[0m  [1m[35mBEGIN[0m
  ↳ app/services/migrate/data_migration.rb:55:in `block (2 levels) in migrate_users'
  [1m[36mUser Exists? (1.0ms)[0m  [1m[34mSELECT 1 AS one FROM "users" WHERE LOWER("users"."email") = LOWER($1) LIMIT $2[0m  [["email", "name@domain.co.uk"], ["LIMIT", 1]]
  ↳ app/services/migrate/data_migration.rb:55:in `block (2 levels) in migrate_users'
  [1m[36mTRANSACTION (0.1ms)[0m  [1m[31mROLLBACK[0m
  ↳ app/services/migrate/data_migration.rb:55:in `block (2 levels) in migrate_users'
  [1m[36mTRANSACTION (0.1ms)[0m  [1m[35mBEGIN[0m
  ↳ app/services/migrate/data_migration.rb:55:in `block (2 levels) in migrate_users'
  [1m[36mUser Exists? (0.7ms)[0m  [1m[34mSELECT 1 AS one FROM "users" WHERE LOWER("users"."email") = LOWER($1) LIMIT $2[0m  [["email", "name2@domaintwo.co.uk"], ["LIMIT", 1]]
  ↳ app/services/migrate/data_migration.rb:55:in `block (2 levels) in migrate_users'
  [1m[36mUser Create (0.2ms)[0m  [1m[32mINSERT INTO "users" ("contact_email", "contact_fax", "contact_mobile", "contact_phone", "contact_social", "email", "first_name", "last_name", "status", "status_description", "title", "user_roles", "identifier_id", "scheme_id") VALUES ($1, $2, $3, $4, $5, $6, $7, $8, $9, $10, $11, $12, $13, $14) RETURNING "user_id"[0m  [["contact_email", "test@test.com"], ["contact_fax", "0207 777 7778"], ["contact_mobile", "07777 777777"], ["contact_phone", "0207 777 7777"], ["contact_social", "https://www.linkedin.com/in/xx-yy-zz-09a5b24/"], ["email", "name2@domaintwo.co.uk"], ["first_name", "Test"], ["last_name", "Testing"], ["status", 201], ["status_description", "Success."], ["title", "Mr"], ["user_roles", "RMI User,RMI Tile,Organisation Administrator"], ["identifier_id", "123456789"], ["scheme_id", "SF-URN"]]
  ↳ app/services/migrate/data_migration.rb:55:in `block (2 levels) in migrate_users'
  [1m[36mTRANSACTION (5.5ms)[0m  [1m[35mCOMMIT[0m
  ↳ app/services/migrate/data_migration.rb:55:in `block (2 levels) in migrate_users'
  [1m[36mTRANSACTION (0.1ms)[0m  [1m[35mBEGIN[0m
  ↳ app/services/migrate/data_migration.rb:55:in `block (2 levels) in migrate_users'
  [1m[36mUser Exists? (0.8ms)[0m  [1m[34mSELECT 1 AS one FROM "users" WHERE LOWER("users"."email") = LOWER($1) LIMIT $2[0m  [["email", "name3@domainthree.co.uk"], ["LIMIT", 1]]
  ↳ app/services/migrate/data_migration.rb:55:in `block (2 levels) in migrate_users'
  [1m[36mUser Create (0.2ms)[0m  [1m[32mINSERT INTO "users" ("contact_email", "contact_fax", "contact_mobile", "contact_phone", "contact_social", "email", "first_name", "last_name", "status", "status_description", "title", "user_roles", "identifier_id", "scheme_id") VALUES ($1, $2, $3, $4, $5, $6, $7, $8, $9, $10, $11, $12, $13, $14) RETURNING "user_id"[0m  [["contact_email", "test2@test.com"], ["contact_fax", "0207 777 7778"], ["contact_mobile", "07777 777777"], ["contact_phone", "0207 777 7777"], ["contact_social", "https://www.linkedin.com/in/xx-yy-zz-09a5b24/"], ["email", "name3@domainthree.co.uk"], ["first_name", "Jane"], ["last_name", "Bloggs"], ["status", 201], ["status_description", "Success."], ["title", "Mrs"], ["user_roles", "RMI User,RMI Tile,Organisation Administrator"], ["identifier_id", "222222222"], ["scheme_id", "SF-URN"]]
  ↳ app/services/migrate/data_migration.rb:55:in `block (2 levels) in migrate_users'
  [1m[36mTRANSACTION (8.3ms)[0m  [1m[35mCOMMIT[0m
  ↳ app/services/migrate/data_migration.rb:55:in `block (2 levels) in migrate_users'
Completed 200 OK in 45ms (Views: 0.8ms | ActiveRecord: 31.7ms | Allocations: 14004)


Started POST "/data-migration/migrate/format/csv" for ::1 at 2024-02-01 16:16:16 +0000
Processing by DataMigrationController#validate_as_csv as */*
  Parameters: {"file"=>#<ActionDispatch::Http::UploadedFile:0x00007eff69ac9da0 @tempfile=#<Tempfile:/tmp/RackMultipart20240201-23064-4tts4o.csv>, @content_type="text/csv", @original_filename="testFile_OrgsUsers.csv", @headers="Content-Disposition: form-data; name=\"file\"; filename=\"testFile_OrgsUsers.csv\"\r\nContent-Type: text/csv\r\n">}
  [1m[36mClient Load (0.2ms)[0m  [1m[34mSELECT "clients".* FROM "clients" WHERE "clients"."api_key" = $1 LIMIT $2[0m  [["api_key", "1237"], ["LIMIT", 1]]
  ↳ app/services/authorize/token.rb:10:in `client_auth'
  [1m[36mTRANSACTION (0.1ms)[0m  [1m[35mBEGIN[0m
  ↳ app/services/migrate/data_migration.rb:24:in `block in migrate_orgs'
  [1m[36mOrganisation Exists? (0.9ms)[0m  [1m[34mSELECT 1 AS one FROM "organisations" WHERE LOWER("organisations"."identifier_id") = LOWER($1) LIMIT $2[0m  [["identifier_id", "777777777"], ["LIMIT", 1]]
  ↳ app/services/migrate/data_migration.rb:24:in `block in migrate_orgs'
  [1m[36mTRANSACTION (0.1ms)[0m  [1m[31mROLLBACK[0m
  ↳ app/services/migrate/data_migration.rb:24:in `block in migrate_orgs'
  [1m[36mTRANSACTION (0.1ms)[0m  [1m[35mBEGIN[0m
  ↳ app/services/migrate/data_migration.rb:24:in `block in migrate_orgs'
  [1m[36mOrganisation Exists? (0.8ms)[0m  [1m[34mSELECT 1 AS one FROM "organisations" WHERE LOWER("organisations"."identifier_id") = LOWER($1) LIMIT $2[0m  [["identifier_id", "555555555"], ["LIMIT", 1]]
  ↳ app/services/migrate/data_migration.rb:24:in `block in migrate_orgs'
  [1m[36mOrganisation Create (0.3ms)[0m  [1m[32mINSERT INTO "organisations" ("identifier_id", "org_roles", "right_to_buy", "scheme_id", "status", "status_description", "domain_name") VALUES ($1, $2, $3, $4, $5, $6, $7) RETURNING "org_id"[0m  [["identifier_id", "555555555"], ["org_roles", "RMI User,RMI Tile"], ["right_to_buy", false], ["scheme_id", "SF-URN"], ["status", 201], ["status_description", "Success."], ["domain_name", "domainx.co.uk"]]
  ↳ app/services/migrate/data_migration.rb:24:in `block in migrate_orgs'
  [1m[36mTRANSACTION (6.7ms)[0m  [1m[35mCOMMIT[0m
  ↳ app/services/migrate/data_migration.rb:24:in `block in migrate_orgs'
  [1m[36mTRANSACTION (0.1ms)[0m  [1m[35mBEGIN[0m
  ↳ app/services/migrate/data_migration.rb:24:in `block in migrate_orgs'
  [1m[36mOrganisation Exists? (1.0ms)[0m  [1m[34mSELECT 1 AS one FROM "organisations" WHERE LOWER("organisations"."identifier_id") = LOWER($1) LIMIT $2[0m  [["identifier_id", "123456789"], ["LIMIT", 1]]
  ↳ app/services/migrate/data_migration.rb:24:in `block in migrate_orgs'
  [1m[36mTRANSACTION (0.1ms)[0m  [1m[31mROLLBACK[0m
  ↳ app/services/migrate/data_migration.rb:24:in `block in migrate_orgs'
  [1m[36mTRANSACTION (0.1ms)[0m  [1m[35mBEGIN[0m
  ↳ app/services/migrate/data_migration.rb:24:in `block in migrate_orgs'
  [1m[36mOrganisation Exists? (0.6ms)[0m  [1m[34mSELECT 1 AS one FROM "organisations" WHERE LOWER("organisations"."identifier_id") = LOWER($1) LIMIT $2[0m  [["identifier_id", "222222222"], ["LIMIT", 1]]
  ↳ app/services/migrate/data_migration.rb:24:in `block in migrate_orgs'
  [1m[36mTRANSACTION (0.1ms)[0m  [1m[31mROLLBACK[0m
  ↳ app/services/migrate/data_migration.rb:24:in `block in migrate_orgs'
  [1m[36mTRANSACTION (0.1ms)[0m  [1m[35mBEGIN[0m
  ↳ app/services/migrate/data_migration.rb:55:in `block (2 levels) in migrate_users'
  [1m[36mUser Exists? (0.8ms)[0m  [1m[34mSELECT 1 AS one FROM "users" WHERE LOWER("users"."email") = LOWER($1) LIMIT $2[0m  [["email", "name@domain.co.uk"], ["LIMIT", 1]]
  ↳ app/services/migrate/data_migration.rb:55:in `block (2 levels) in migrate_users'
  [1m[36mTRANSACTION (0.1ms)[0m  [1m[31mROLLBACK[0m
  ↳ app/services/migrate/data_migration.rb:55:in `block (2 levels) in migrate_users'
  [1m[36mTRANSACTION (0.1ms)[0m  [1m[35mBEGIN[0m
  ↳ app/services/migrate/data_migration.rb:55:in `block (2 levels) in migrate_users'
  [1m[36mUser Exists? (0.6ms)[0m  [1m[34mSELECT 1 AS one FROM "users" WHERE LOWER("users"."email") = LOWER($1) LIMIT $2[0m  [["email", "name@domain.co.uk"], ["LIMIT", 1]]
  ↳ app/services/migrate/data_migration.rb:55:in `block (2 levels) in migrate_users'
  [1m[36mTRANSACTION (0.1ms)[0m  [1m[31mROLLBACK[0m
  ↳ app/services/migrate/data_migration.rb:55:in `block (2 levels) in migrate_users'
  [1m[36mTRANSACTION (0.1ms)[0m  [1m[35mBEGIN[0m
  ↳ app/services/migrate/data_migration.rb:55:in `block (2 levels) in migrate_users'
  [1m[36mUser Exists? (0.6ms)[0m  [1m[34mSELECT 1 AS one FROM "users" WHERE LOWER("users"."email") = LOWER($1) LIMIT $2[0m  [["email", "name@domain.co.uk"], ["LIMIT", 1]]
  ↳ app/services/migrate/data_migration.rb:55:in `block (2 levels) in migrate_users'
  [1m[36mTRANSACTION (0.1ms)[0m  [1m[31mROLLBACK[0m
  ↳ app/services/migrate/data_migration.rb:55:in `block (2 levels) in migrate_users'
  [1m[36mTRANSACTION (0.0ms)[0m  [1m[35mBEGIN[0m
  ↳ app/services/migrate/data_migration.rb:55:in `block (2 levels) in migrate_users'
  [1m[36mUser Exists? (0.6ms)[0m  [1m[34mSELECT 1 AS one FROM "users" WHERE LOWER("users"."email") = LOWER($1) LIMIT $2[0m  [["email", "nameX@domainx.co.uk"], ["LIMIT", 1]]
  ↳ app/services/migrate/data_migration.rb:55:in `block (2 levels) in migrate_users'
  [1m[36mUser Create (0.2ms)[0m  [1m[32mINSERT INTO "users" ("contact_email", "contact_fax", "contact_mobile", "contact_phone", "contact_social", "email", "first_name", "last_name", "status", "status_description", "title", "user_roles", "identifier_id", "scheme_id") VALUES ($1, $2, $3, $4, $5, $6, $7, $8, $9, $10, $11, $12, $13, $14) RETURNING "user_id"[0m  [["contact_email", "test2222222@xd.com"], ["contact_fax", "0207 777 7778"], ["contact_mobile", "07777 777777"], ["contact_phone", "0207 777 7777"], ["contact_social", "https://www.linkedin.com/in/xx-yy-zz-09a5b24/"], ["email", "nameX@domainx.co.uk"], ["first_name", "John"], ["last_name", "Doe"], ["status", 201], ["status_description", "Success."], ["title", "Mr"], ["user_roles", "RMI User,RMI Tile,Organisation Administrator"], ["identifier_id", "555555555"], ["scheme_id", "SF-URN"]]
  ↳ app/services/migrate/data_migration.rb:55:in `block (2 levels) in migrate_users'
  [1m[36mTRANSACTION (9.1ms)[0m  [1m[35mCOMMIT[0m
  ↳ app/services/migrate/data_migration.rb:55:in `block (2 levels) in migrate_users'
  [1m[36mTRANSACTION (0.2ms)[0m  [1m[35mBEGIN[0m
  ↳ app/services/migrate/data_migration.rb:55:in `block (2 levels) in migrate_users'
  [1m[36mUser Exists? (0.8ms)[0m  [1m[34mSELECT 1 AS one FROM "users" WHERE LOWER("users"."email") = LOWER($1) LIMIT $2[0m  [["email", "name2@domaintwo.co.uk"], ["LIMIT", 1]]
  ↳ app/services/migrate/data_migration.rb:55:in `block (2 levels) in migrate_users'
  [1m[36mTRANSACTION (0.1ms)[0m  [1m[31mROLLBACK[0m
  ↳ app/services/migrate/data_migration.rb:55:in `block (2 levels) in migrate_users'
  [1m[36mTRANSACTION (0.1ms)[0m  [1m[35mBEGIN[0m
  ↳ app/services/migrate/data_migration.rb:55:in `block (2 levels) in migrate_users'
  [1m[36mUser Exists? (0.6ms)[0m  [1m[34mSELECT 1 AS one FROM "users" WHERE LOWER("users"."email") = LOWER($1) LIMIT $2[0m  [["email", "name2@domaintwo.co.uk"], ["LIMIT", 1]]
  ↳ app/services/migrate/data_migration.rb:55:in `block (2 levels) in migrate_users'
  [1m[36mTRANSACTION (0.1ms)[0m  [1m[31mROLLBACK[0m
  ↳ app/services/migrate/data_migration.rb:55:in `block (2 levels) in migrate_users'
  [1m[36mTRANSACTION (0.1ms)[0m  [1m[35mBEGIN[0m
  ↳ app/services/migrate/data_migration.rb:55:in `block (2 levels) in migrate_users'
  [1m[36mUser Exists? (0.9ms)[0m  [1m[34mSELECT 1 AS one FROM "users" WHERE LOWER("users"."email") = LOWER($1) LIMIT $2[0m  [["email", "name2@domaintwo.co.uk"], ["LIMIT", 1]]
  ↳ app/services/migrate/data_migration.rb:55:in `block (2 levels) in migrate_users'
  [1m[36mTRANSACTION (0.1ms)[0m  [1m[31mROLLBACK[0m
  ↳ app/services/migrate/data_migration.rb:55:in `block (2 levels) in migrate_users'
  [1m[36mTRANSACTION (0.0ms)[0m  [1m[35mBEGIN[0m
  ↳ app/services/migrate/data_migration.rb:55:in `block (2 levels) in migrate_users'
  [1m[36mUser Exists? (0.6ms)[0m  [1m[34mSELECT 1 AS one FROM "users" WHERE LOWER("users"."email") = LOWER($1) LIMIT $2[0m  [["email", "name3@domainthree.co.uk"], ["LIMIT", 1]]
  ↳ app/services/migrate/data_migration.rb:55:in `block (2 levels) in migrate_users'
  [1m[36mTRANSACTION (0.2ms)[0m  [1m[31mROLLBACK[0m
  ↳ app/services/migrate/data_migration.rb:55:in `block (2 levels) in migrate_users'
Completed 200 OK in 53ms (Views: 1.5ms | ActiveRecord: 26.9ms | Allocations: 26336)


  [1m[35m (0.1ms)[0m  [1m[34mSELECT pg_try_advisory_lock(2642523968964351780)[0m
  [1m[36mActiveRecord::SchemaMigration Load (0.3ms)[0m  [1m[34mSELECT "schema_migrations"."version" FROM "schema_migrations" ORDER BY "schema_migrations"."version" ASC[0m
  [1m[36mActiveRecord::InternalMetadata Load (0.4ms)[0m  [1m[34mSELECT * FROM "ar_internal_metadata" WHERE "ar_internal_metadata"."key" = $1 ORDER BY "ar_internal_metadata"."key" ASC LIMIT 1[0m  [[nil, "environment"]]
  [1m[35m (0.1ms)[0m  [1m[34mSELECT pg_advisory_unlock(2642523968964351780)[0m
  [1m[36mActiveRecord::SchemaMigration Load (0.1ms)[0m  [1m[34mSELECT "schema_migrations"."version" FROM "schema_migrations" ORDER BY "schema_migrations"."version" ASC[0m
Started POST "/data-migration/migrate/format/csv" for ::1 at 2024-02-01 16:41:02 +0000
  [1m[36mActiveRecord::SchemaMigration Load (0.3ms)[0m  [1m[34mSELECT "schema_migrations"."version" FROM "schema_migrations" ORDER BY "schema_migrations"."version" ASC[0m
Processing by DataMigrationController#validate_as_csv as */*
  Parameters: {"file"=>#<ActionDispatch::Http::UploadedFile:0x00007f0688208218 @tempfile=#<Tempfile:/tmp/RackMultipart20240201-24077-nc5dg7.csv>, @content_type="text/csv", @original_filename="testFile_OrgsUsers.csv", @headers="Content-Disposition: form-data; name=\"file\"; filename=\"testFile_OrgsUsers.csv\"\r\nContent-Type: text/csv\r\n">}
  [1m[36mClient Load (0.2ms)[0m  [1m[34mSELECT "clients".* FROM "clients" WHERE "clients"."api_key" = $1 LIMIT $2[0m  [["api_key", "1237"], ["LIMIT", 1]]
  ↳ app/services/authorize/token.rb:10:in `client_auth'
  [1m[36mTRANSACTION (0.1ms)[0m  [1m[35mBEGIN[0m
  ↳ app/services/migrate/data_migration.rb:25:in `block in migrate_orgs'
  [1m[36mOrganisation Exists? (0.2ms)[0m  [1m[34mSELECT 1 AS one FROM "organisations" WHERE LOWER("organisations"."identifier_id") = LOWER($1) LIMIT $2[0m  [["identifier_id", "777777777"], ["LIMIT", 1]]
  ↳ app/services/migrate/data_migration.rb:25:in `block in migrate_orgs'
  [1m[36mOrganisation Create (0.2ms)[0m  [1m[32mINSERT INTO "organisations" ("identifier_id", "org_roles", "right_to_buy", "scheme_id", "status", "status_description", "domain_name") VALUES ($1, $2, $3, $4, $5, $6, $7) RETURNING "org_id"[0m  [["identifier_id", "777777777"], ["org_roles", "RMI User,RMI Tile"], ["right_to_buy", false], ["scheme_id", "SF-URN"], ["status", 201], ["status_description", "Success."], ["domain_name", "domain.co.uk"]]
  ↳ app/services/migrate/data_migration.rb:25:in `block in migrate_orgs'
  [1m[36mTRANSACTION (43.8ms)[0m  [1m[35mCOMMIT[0m
  ↳ app/services/migrate/data_migration.rb:25:in `block in migrate_orgs'
  [1m[36mTRANSACTION (0.2ms)[0m  [1m[35mBEGIN[0m
  ↳ app/services/migrate/data_migration.rb:25:in `block in migrate_orgs'
  [1m[36mOrganisation Exists? (0.9ms)[0m  [1m[34mSELECT 1 AS one FROM "organisations" WHERE LOWER("organisations"."identifier_id") = LOWER($1) LIMIT $2[0m  [["identifier_id", "555555555"], ["LIMIT", 1]]
  ↳ app/services/migrate/data_migration.rb:25:in `block in migrate_orgs'
  [1m[36mOrganisation Create (0.2ms)[0m  [1m[32mINSERT INTO "organisations" ("identifier_id", "org_roles", "right_to_buy", "scheme_id", "status", "status_description", "domain_name") VALUES ($1, $2, $3, $4, $5, $6, $7) RETURNING "org_id"[0m  [["identifier_id", "555555555"], ["org_roles", "RMI User,RMI Tile"], ["right_to_buy", false], ["scheme_id", "SF-URN"], ["status", 201], ["status_description", "Success."], ["domain_name", "domainx.co.uk"]]
  ↳ app/services/migrate/data_migration.rb:25:in `block in migrate_orgs'
  [1m[36mTRANSACTION (8.0ms)[0m  [1m[35mCOMMIT[0m
  ↳ app/services/migrate/data_migration.rb:25:in `block in migrate_orgs'
  [1m[36mTRANSACTION (0.2ms)[0m  [1m[35mBEGIN[0m
  ↳ app/services/migrate/data_migration.rb:25:in `block in migrate_orgs'
  [1m[36mOrganisation Exists? (1.0ms)[0m  [1m[34mSELECT 1 AS one FROM "organisations" WHERE LOWER("organisations"."identifier_id") = LOWER($1) LIMIT $2[0m  [["identifier_id", "123456789"], ["LIMIT", 1]]
  ↳ app/services/migrate/data_migration.rb:25:in `block in migrate_orgs'
  [1m[36mOrganisation Create (0.2ms)[0m  [1m[32mINSERT INTO "organisations" ("identifier_id", "org_roles", "right_to_buy", "scheme_id", "status", "status_description", "domain_name") VALUES ($1, $2, $3, $4, $5, $6, $7) RETURNING "org_id"[0m  [["identifier_id", "123456789"], ["org_roles", "RMI User,RMI Tile"], ["right_to_buy", false], ["scheme_id", "SF-URN"], ["status", 201], ["status_description", "Success."], ["domain_name", "domaintwo.co.uk"]]
  ↳ app/services/migrate/data_migration.rb:25:in `block in migrate_orgs'
  [1m[36mTRANSACTION (8.2ms)[0m  [1m[35mCOMMIT[0m
  ↳ app/services/migrate/data_migration.rb:25:in `block in migrate_orgs'
  [1m[36mTRANSACTION (0.1ms)[0m  [1m[35mBEGIN[0m
  ↳ app/services/migrate/data_migration.rb:25:in `block in migrate_orgs'
  [1m[36mOrganisation Exists? (0.7ms)[0m  [1m[34mSELECT 1 AS one FROM "organisations" WHERE LOWER("organisations"."identifier_id") = LOWER($1) LIMIT $2[0m  [["identifier_id", "222222222"], ["LIMIT", 1]]
  ↳ app/services/migrate/data_migration.rb:25:in `block in migrate_orgs'
  [1m[36mOrganisation Create (0.1ms)[0m  [1m[32mINSERT INTO "organisations" ("identifier_id", "org_roles", "right_to_buy", "scheme_id", "status", "status_description", "domain_name") VALUES ($1, $2, $3, $4, $5, $6, $7) RETURNING "org_id"[0m  [["identifier_id", "222222222"], ["org_roles", "RMI User,RMI Tile"], ["right_to_buy", false], ["scheme_id", "SF-URN"], ["status", 201], ["status_description", "Success."], ["domain_name", "domainthree.co.uk"]]
  ↳ app/services/migrate/data_migration.rb:25:in `block in migrate_orgs'
  [1m[36mTRANSACTION (31.6ms)[0m  [1m[35mCOMMIT[0m
  ↳ app/services/migrate/data_migration.rb:25:in `block in migrate_orgs'
  [1m[36mTRANSACTION (0.2ms)[0m  [1m[35mBEGIN[0m
  ↳ app/services/migrate/data_migration.rb:57:in `block (2 levels) in migrate_users'
  [1m[36mUser Exists? (0.9ms)[0m  [1m[34mSELECT 1 AS one FROM "users" WHERE LOWER("users"."email") = LOWER($1) LIMIT $2[0m  [["email", "name@domain.co.uk"], ["LIMIT", 1]]
  ↳ app/services/migrate/data_migration.rb:57:in `block (2 levels) in migrate_users'
  [1m[36mUser Create (0.2ms)[0m  [1m[32mINSERT INTO "users" ("contact_email", "contact_fax", "contact_mobile", "contact_phone", "contact_social", "email", "first_name", "last_name", "status", "status_description", "title", "user_roles", "identifier_id", "scheme_id") VALUES ($1, $2, $3, $4, $5, $6, $7, $8, $9, $10, $11, $12, $13, $14) RETURNING "user_id"[0m  [["contact_email", "name@domain.co.uk"], ["contact_fax", "0207 777 7771"], ["contact_mobile", "07777 777771"], ["contact_phone", "0207 777 7771"], ["contact_social", "https://www.linkedin.com/in/xx-yy-zz-09a5b11/"], ["email", "name@domain.co.uk"], ["first_name", "Joe"], ["last_name", "Bloggs"], ["status", 201], ["status_description", "Success."], ["title", "Mr"], ["user_roles", "RMI User,RMI Tile,Organisation Administrator"], ["identifier_id", "777777777"], ["scheme_id", "SF-URN"]]
  ↳ app/services/migrate/data_migration.rb:57:in `block (2 levels) in migrate_users'
  [1m[36mTRANSACTION (23.1ms)[0m  [1m[35mCOMMIT[0m
  ↳ app/services/migrate/data_migration.rb:57:in `block (2 levels) in migrate_users'
  [1m[36mTRANSACTION (0.2ms)[0m  [1m[35mBEGIN[0m
  ↳ app/services/migrate/data_migration.rb:57:in `block (2 levels) in migrate_users'
  [1m[36mUser Exists? (1.1ms)[0m  [1m[34mSELECT 1 AS one FROM "users" WHERE LOWER("users"."email") = LOWER($1) LIMIT $2[0m  [["email", "name@domain.co.uk"], ["LIMIT", 1]]
  ↳ app/services/migrate/data_migration.rb:57:in `block (2 levels) in migrate_users'
  [1m[36mTRANSACTION (0.2ms)[0m  [1m[31mROLLBACK[0m
  ↳ app/services/migrate/data_migration.rb:57:in `block (2 levels) in migrate_users'
  [1m[36mTRANSACTION (0.1ms)[0m  [1m[35mBEGIN[0m
  ↳ app/services/migrate/data_migration.rb:57:in `block (2 levels) in migrate_users'
  [1m[36mUser Exists? (0.6ms)[0m  [1m[34mSELECT 1 AS one FROM "users" WHERE LOWER("users"."email") = LOWER($1) LIMIT $2[0m  [["email", "name@domain.co.uk"], ["LIMIT", 1]]
  ↳ app/services/migrate/data_migration.rb:57:in `block (2 levels) in migrate_users'
  [1m[36mTRANSACTION (0.1ms)[0m  [1m[31mROLLBACK[0m
  ↳ app/services/migrate/data_migration.rb:57:in `block (2 levels) in migrate_users'
  [1m[36mTRANSACTION (0.1ms)[0m  [1m[35mBEGIN[0m
  ↳ app/services/migrate/data_migration.rb:57:in `block (2 levels) in migrate_users'
  [1m[36mUser Exists? (1.7ms)[0m  [1m[34mSELECT 1 AS one FROM "users" WHERE LOWER("users"."email") = LOWER($1) LIMIT $2[0m  [["email", "nameX@domainx.co.uk"], ["LIMIT", 1]]
  ↳ app/services/migrate/data_migration.rb:57:in `block (2 levels) in migrate_users'
  [1m[36mUser Create (0.2ms)[0m  [1m[32mINSERT INTO "users" ("contact_email", "contact_fax", "contact_mobile", "contact_phone", "contact_social", "email", "first_name", "last_name", "status", "status_description", "title", "user_roles", "identifier_id", "scheme_id") VALUES ($1, $2, $3, $4, $5, $6, $7, $8, $9, $10, $11, $12, $13, $14) RETURNING "user_id"[0m  [["contact_email", "test2222222@xd.com"], ["contact_fax", "0207 777 7778"], ["contact_mobile", "07777 777777"], ["contact_phone", "0207 777 7777"], ["contact_social", "https://www.linkedin.com/in/xx-yy-zz-09a5b24/"], ["email", "nameX@domainx.co.uk"], ["first_name", "John"], ["last_name", "Doe"], ["status", 201], ["status_description", "Success."], ["title", "Mr"], ["user_roles", "RMI User,RMI Tile,Organisation Administrator"], ["identifier_id", "555555555"], ["scheme_id", "SF-URN"]]
  ↳ app/services/migrate/data_migration.rb:57:in `block (2 levels) in migrate_users'
  [1m[36mTRANSACTION (14.0ms)[0m  [1m[35mCOMMIT[0m
  ↳ app/services/migrate/data_migration.rb:57:in `block (2 levels) in migrate_users'
  [1m[36mTRANSACTION (0.1ms)[0m  [1m[35mBEGIN[0m
  ↳ app/services/migrate/data_migration.rb:57:in `block (2 levels) in migrate_users'
  [1m[36mUser Exists? (0.8ms)[0m  [1m[34mSELECT 1 AS one FROM "users" WHERE LOWER("users"."email") = LOWER($1) LIMIT $2[0m  [["email", "name2@domaintwo.co.uk"], ["LIMIT", 1]]
  ↳ app/services/migrate/data_migration.rb:57:in `block (2 levels) in migrate_users'
  [1m[36mUser Create (0.2ms)[0m  [1m[32mINSERT INTO "users" ("contact_email", "contact_fax", "contact_mobile", "contact_phone", "contact_social", "email", "first_name", "last_name", "status", "status_description", "title", "user_roles", "identifier_id", "scheme_id") VALUES ($1, $2, $3, $4, $5, $6, $7, $8, $9, $10, $11, $12, $13, $14) RETURNING "user_id"[0m  [["contact_email", "testA@test.com"], ["contact_fax", "0207 777 7778"], ["contact_mobile", "07777 777779"], ["contact_phone", "0207 777 7779"], ["contact_social", "https://www.linkedin.com/in/xx-yy-zz-09a5b24/"], ["email", "name2@domaintwo.co.uk"], ["first_name", "A"], ["last_name", "Test"], ["status", 201], ["status_description", "Success."], ["title", "Mr"], ["user_roles", "RMI User,RMI Tile,Organisation Administrator"], ["identifier_id", "123456789"], ["scheme_id", "SF-URN"]]
  ↳ app/services/migrate/data_migration.rb:57:in `block (2 levels) in migrate_users'
  [1m[36mTRANSACTION (7.9ms)[0m  [1m[35mCOMMIT[0m
  ↳ app/services/migrate/data_migration.rb:57:in `block (2 levels) in migrate_users'
  [1m[36mTRANSACTION (0.2ms)[0m  [1m[35mBEGIN[0m
  ↳ app/services/migrate/data_migration.rb:57:in `block (2 levels) in migrate_users'
  [1m[36mUser Exists? (0.9ms)[0m  [1m[34mSELECT 1 AS one FROM "users" WHERE LOWER("users"."email") = LOWER($1) LIMIT $2[0m  [["email", "name2@domaintwo.co.uk"], ["LIMIT", 1]]
  ↳ app/services/migrate/data_migration.rb:57:in `block (2 levels) in migrate_users'
  [1m[36mTRANSACTION (0.2ms)[0m  [1m[31mROLLBACK[0m
  ↳ app/services/migrate/data_migration.rb:57:in `block (2 levels) in migrate_users'
  [1m[36mTRANSACTION (0.2ms)[0m  [1m[35mBEGIN[0m
  ↳ app/services/migrate/data_migration.rb:57:in `block (2 levels) in migrate_users'
  [1m[36mUser Exists? (0.8ms)[0m  [1m[34mSELECT 1 AS one FROM "users" WHERE LOWER("users"."email") = LOWER($1) LIMIT $2[0m  [["email", "name2@domaintwo.co.uk"], ["LIMIT", 1]]
  ↳ app/services/migrate/data_migration.rb:57:in `block (2 levels) in migrate_users'
  [1m[36mTRANSACTION (0.1ms)[0m  [1m[31mROLLBACK[0m
  ↳ app/services/migrate/data_migration.rb:57:in `block (2 levels) in migrate_users'
  [1m[36mTRANSACTION (0.1ms)[0m  [1m[35mBEGIN[0m
  ↳ app/services/migrate/data_migration.rb:57:in `block (2 levels) in migrate_users'
  [1m[36mUser Exists? (0.9ms)[0m  [1m[34mSELECT 1 AS one FROM "users" WHERE LOWER("users"."email") = LOWER($1) LIMIT $2[0m  [["email", "name3@domainthree.co.uk"], ["LIMIT", 1]]
  ↳ app/services/migrate/data_migration.rb:57:in `block (2 levels) in migrate_users'
  [1m[36mUser Create (0.1ms)[0m  [1m[32mINSERT INTO "users" ("contact_email", "contact_fax", "contact_mobile", "contact_phone", "contact_social", "email", "first_name", "last_name", "status", "status_description", "title", "user_roles", "identifier_id", "scheme_id") VALUES ($1, $2, $3, $4, $5, $6, $7, $8, $9, $10, $11, $12, $13, $14) RETURNING "user_id"[0m  [["contact_email", "testtttttttt@xt.com"], ["contact_fax", "0207 777 7778"], ["contact_mobile", "07777 777777"], ["contact_phone", "0207 777 7777"], ["contact_social", "https://www.linkedin.com/in/xx-yy-zz-09a5b24/"], ["email", "name3@domainthree.co.uk"], ["first_name", "Sally"], ["last_name", "Smith"], ["status", 201], ["status_description", "Success."], ["title", "Mrs"], ["user_roles", "RMI User,RMI Tile,Organisation Administrator"], ["identifier_id", "222222222"], ["scheme_id", "SF-URN"]]
  ↳ app/services/migrate/data_migration.rb:57:in `block (2 levels) in migrate_users'
  [1m[36mTRANSACTION (3.6ms)[0m  [1m[35mCOMMIT[0m
  ↳ app/services/migrate/data_migration.rb:57:in `block (2 levels) in migrate_users'
Completed 200 OK in 232ms (Views: 2.2ms | ActiveRecord: 163.2ms | Allocations: 65227)


Started POST "/data-migration/migrate/format/csv" for ::1 at 2024-02-01 17:06:19 +0000
  [1m[36mActiveRecord::SchemaMigration Load (0.3ms)[0m  [1m[34mSELECT "schema_migrations"."version" FROM "schema_migrations" ORDER BY "schema_migrations"."version" ASC[0m
Processing by DataMigrationController#validate_as_csv as */*
  Parameters: {"file"=>#<ActionDispatch::Http::UploadedFile:0x00007f644814b820 @tempfile=#<Tempfile:/tmp/RackMultipart20240201-24521-uwount.csv>, @content_type="text/csv", @original_filename="testFile.csv", @headers="Content-Disposition: form-data; name=\"file\"; filename=\"testFile.csv\"\r\nContent-Type: text/csv\r\n">}
  [1m[36mClient Load (0.2ms)[0m  [1m[34mSELECT "clients".* FROM "clients" WHERE "clients"."api_key" = $1 LIMIT $2[0m  [["api_key", "1237"], ["LIMIT", 1]]
  ↳ app/services/authorize/token.rb:10:in `client_auth'
  [1m[36mTRANSACTION (0.1ms)[0m  [1m[35mBEGIN[0m
  ↳ app/services/migrate/data_migration.rb:25:in `block in migrate_orgs'
  [1m[36mOrganisation Exists? (0.2ms)[0m  [1m[34mSELECT 1 AS one FROM "organisations" WHERE LOWER("organisations"."identifier_id") = LOWER($1) LIMIT $2[0m  [["identifier_id", "777777777"], ["LIMIT", 1]]
  ↳ app/services/migrate/data_migration.rb:25:in `block in migrate_orgs'
  [1m[36mOrganisation Create (0.2ms)[0m  [1m[32mINSERT INTO "organisations" ("identifier_id", "org_roles", "right_to_buy", "scheme_id", "status", "status_description", "domain_name") VALUES ($1, $2, $3, $4, $5, $6, $7) RETURNING "org_id"[0m  [["identifier_id", "777777777"], ["org_roles", "RMI User,RMI Tile"], ["right_to_buy", false], ["scheme_id", "SF-URN"], ["status", 201], ["status_description", "Success."], ["domain_name", "domain.co.uk"]]
  ↳ app/services/migrate/data_migration.rb:25:in `block in migrate_orgs'
  [1m[36mTRANSACTION (23.5ms)[0m  [1m[35mCOMMIT[0m
  ↳ app/services/migrate/data_migration.rb:25:in `block in migrate_orgs'
  [1m[36mTRANSACTION (0.2ms)[0m  [1m[35mBEGIN[0m
  ↳ app/services/migrate/data_migration.rb:57:in `block (2 levels) in migrate_users'
  [1m[36mUser Exists? (1.8ms)[0m  [1m[34mSELECT 1 AS one FROM "users" WHERE LOWER("users"."email") = LOWER($1) LIMIT $2[0m  [["email", "name@domain.co.uk"], ["LIMIT", 1]]
  ↳ app/services/migrate/data_migration.rb:57:in `block (2 levels) in migrate_users'
  [1m[36mUser Create (0.2ms)[0m  [1m[32mINSERT INTO "users" ("contact_email", "contact_fax", "contact_mobile", "contact_phone", "contact_social", "email", "first_name", "last_name", "status", "status_description", "title", "user_roles", "identifier_id", "scheme_id") VALUES ($1, $2, $3, $4, $5, $6, $7, $8, $9, $10, $11, $12, $13, $14) RETURNING "user_id"[0m  [["contact_email", "name@domain.co.uk"], ["contact_fax", "0207 777 7778"], ["contact_mobile", "07777 777777"], ["contact_phone", "0207 777 7777"], ["contact_social", "https://www.linkedin.com/in/xx-yy-zz-09a5b24/"], ["email", "name@domain.co.uk"], ["first_name", "Joe"], ["last_name", "Bloggs"], ["status", 201], ["status_description", "Success."], ["title", "Mr"], ["user_roles", "RMI User,RMI Tile,Organisation Administrator"], ["identifier_id", "777777777"], ["scheme_id", "SF-URN"]]
  ↳ app/services/migrate/data_migration.rb:57:in `block (2 levels) in migrate_users'
  [1m[36mTRANSACTION (30.7ms)[0m  [1m[35mCOMMIT[0m
  ↳ app/services/migrate/data_migration.rb:57:in `block (2 levels) in migrate_users'
Completed 200 OK in 116ms (Views: 0.3ms | ActiveRecord: 66.4ms | Allocations: 41788)


Started POST "/data-migration/migrate/format/csv" for ::1 at 2024-02-01 17:07:12 +0000
Processing by DataMigrationController#validate_as_csv as */*
  Parameters: {"file"=>#<ActionDispatch::Http::UploadedFile:0x00007f6449bb2538 @tempfile=#<Tempfile:/tmp/RackMultipart20240201-24521-hbhfit.csv>, @content_type="text/csv", @original_filename="testFile.csv", @headers="Content-Disposition: form-data; name=\"file\"; filename=\"testFile.csv\"\r\nContent-Type: text/csv\r\n">}
  [1m[36mClient Load (0.2ms)[0m  [1m[34mSELECT "clients".* FROM "clients" WHERE "clients"."api_key" = $1 LIMIT $2[0m  [["api_key", "1237"], ["LIMIT", 1]]
  ↳ app/services/authorize/token.rb:10:in `client_auth'
  [1m[36mTRANSACTION (0.1ms)[0m  [1m[35mBEGIN[0m
  ↳ app/services/migrate/data_migration.rb:25:in `block in migrate_orgs'
  [1m[36mOrganisation Exists? (0.8ms)[0m  [1m[34mSELECT 1 AS one FROM "organisations" WHERE LOWER("organisations"."identifier_id") = LOWER($1) LIMIT $2[0m  [["identifier_id", "777777777"], ["LIMIT", 1]]
  ↳ app/services/migrate/data_migration.rb:25:in `block in migrate_orgs'
  [1m[36mTRANSACTION (0.2ms)[0m  [1m[31mROLLBACK[0m
  ↳ app/services/migrate/data_migration.rb:25:in `block in migrate_orgs'
  [1m[36mTRANSACTION (0.1ms)[0m  [1m[35mBEGIN[0m
  ↳ app/services/migrate/data_migration.rb:57:in `block (2 levels) in migrate_users'
  [1m[36mUser Exists? (0.8ms)[0m  [1m[34mSELECT 1 AS one FROM "users" WHERE LOWER("users"."email") = LOWER($1) LIMIT $2[0m  [["email", "name@domain.co.uk"], ["LIMIT", 1]]
  ↳ app/services/migrate/data_migration.rb:57:in `block (2 levels) in migrate_users'
  [1m[36mTRANSACTION (0.1ms)[0m  [1m[31mROLLBACK[0m
  ↳ app/services/migrate/data_migration.rb:57:in `block (2 levels) in migrate_users'
Completed 200 OK in 20ms (Views: 1.2ms | ActiveRecord: 6.3ms | Allocations: 17905)


Started POST "/data-migration/migrate/format/csv" for ::1 at 2024-02-01 17:07:37 +0000
Processing by DataMigrationController#validate_as_csv as */*
  Parameters: {"file"=>#<ActionDispatch::Http::UploadedFile:0x00007f6422efd340 @tempfile=#<Tempfile:/tmp/RackMultipart20240201-24521-jeihr3.csv>, @content_type="text/csv", @original_filename="testFile.csv", @headers="Content-Disposition: form-data; name=\"file\"; filename=\"testFile.csv\"\r\nContent-Type: text/csv\r\n">}
  [1m[36mClient Load (0.3ms)[0m  [1m[34mSELECT "clients".* FROM "clients" WHERE "clients"."api_key" = $1 LIMIT $2[0m  [["api_key", "1237"], ["LIMIT", 1]]
  ↳ app/services/authorize/token.rb:10:in `client_auth'
  [1m[36mTRANSACTION (0.1ms)[0m  [1m[35mBEGIN[0m
  ↳ app/services/migrate/data_migration.rb:25:in `block in migrate_orgs'
  [1m[36mOrganisation Exists? (0.9ms)[0m  [1m[34mSELECT 1 AS one FROM "organisations" WHERE LOWER("organisations"."identifier_id") = LOWER($1) LIMIT $2[0m  [["identifier_id", "777777777"], ["LIMIT", 1]]
  ↳ app/services/migrate/data_migration.rb:25:in `block in migrate_orgs'
  [1m[36mTRANSACTION (0.1ms)[0m  [1m[31mROLLBACK[0m
  ↳ app/services/migrate/data_migration.rb:25:in `block in migrate_orgs'
  [1m[36mTRANSACTION (0.1ms)[0m  [1m[35mBEGIN[0m
  ↳ app/services/migrate/data_migration.rb:57:in `block (2 levels) in migrate_users'
  [1m[36mUser Exists? (0.8ms)[0m  [1m[34mSELECT 1 AS one FROM "users" WHERE LOWER("users"."email") = LOWER($1) LIMIT $2[0m  [["email", "name@domain.co.uk"], ["LIMIT", 1]]
  ↳ app/services/migrate/data_migration.rb:57:in `block (2 levels) in migrate_users'
  [1m[36mTRANSACTION (0.1ms)[0m  [1m[31mROLLBACK[0m
  ↳ app/services/migrate/data_migration.rb:57:in `block (2 levels) in migrate_users'
Completed 200 OK in 6ms (Views: 0.4ms | ActiveRecord: 2.3ms | Allocations: 4851)


Started POST "/data-migration/migrate/format/csv" for ::1 at 2024-02-01 17:08:19 +0000
Processing by DataMigrationController#validate_as_csv as */*
  Parameters: {"file"=>#<ActionDispatch::Http::UploadedFile:0x00007f6422ef80c0 @tempfile=#<Tempfile:/tmp/RackMultipart20240201-24521-ct482y.csv>, @content_type="text/csv", @original_filename="testFile_orgs.csv", @headers="Content-Disposition: form-data; name=\"file\"; filename=\"testFile_orgs.csv\"\r\nContent-Type: text/csv\r\n">}
  [1m[36mClient Load (0.2ms)[0m  [1m[34mSELECT "clients".* FROM "clients" WHERE "clients"."api_key" = $1 LIMIT $2[0m  [["api_key", "1237"], ["LIMIT", 1]]
  ↳ app/services/authorize/token.rb:10:in `client_auth'
  [1m[36mTRANSACTION (0.1ms)[0m  [1m[35mBEGIN[0m
  ↳ app/services/migrate/data_migration.rb:25:in `block in migrate_orgs'
  [1m[36mOrganisation Exists? (0.9ms)[0m  [1m[34mSELECT 1 AS one FROM "organisations" WHERE LOWER("organisations"."identifier_id") = LOWER($1) LIMIT $2[0m  [["identifier_id", "777777777"], ["LIMIT", 1]]
  ↳ app/services/migrate/data_migration.rb:25:in `block in migrate_orgs'
  [1m[36mOrganisation Create (0.3ms)[0m  [1m[32mINSERT INTO "organisations" ("identifier_id", "org_roles", "right_to_buy", "scheme_id", "status", "status_description", "domain_name") VALUES ($1, $2, $3, $4, $5, $6, $7) RETURNING "org_id"[0m  [["identifier_id", "777777777"], ["org_roles", "RMI User,RMI Tile"], ["right_to_buy", false], ["scheme_id", "SF-URN"], ["status", 201], ["status_description", "Success."], ["domain_name", "domain.co.uk"]]
  ↳ app/services/migrate/data_migration.rb:25:in `block in migrate_orgs'
  [1m[36mTRANSACTION (14.8ms)[0m  [1m[35mCOMMIT[0m
  ↳ app/services/migrate/data_migration.rb:25:in `block in migrate_orgs'
  [1m[36mTRANSACTION (0.1ms)[0m  [1m[35mBEGIN[0m
  ↳ app/services/migrate/data_migration.rb:25:in `block in migrate_orgs'
  [1m[36mOrganisation Exists? (0.8ms)[0m  [1m[34mSELECT 1 AS one FROM "organisations" WHERE LOWER("organisations"."identifier_id") = LOWER($1) LIMIT $2[0m  [["identifier_id", "123456789"], ["LIMIT", 1]]
  ↳ app/services/migrate/data_migration.rb:25:in `block in migrate_orgs'
  [1m[36mOrganisation Create (0.1ms)[0m  [1m[32mINSERT INTO "organisations" ("identifier_id", "org_roles", "right_to_buy", "scheme_id", "status", "status_description", "domain_name") VALUES ($1, $2, $3, $4, $5, $6, $7) RETURNING "org_id"[0m  [["identifier_id", "123456789"], ["org_roles", "RMI User,RMI Tile"], ["right_to_buy", false], ["scheme_id", "SF-URN"], ["status", 201], ["status_description", "Success."], ["domain_name", "domaintwo.co.uk"]]
  ↳ app/services/migrate/data_migration.rb:25:in `block in migrate_orgs'
  [1m[36mTRANSACTION (7.4ms)[0m  [1m[35mCOMMIT[0m
  ↳ app/services/migrate/data_migration.rb:25:in `block in migrate_orgs'
  [1m[36mTRANSACTION (0.1ms)[0m  [1m[35mBEGIN[0m
  ↳ app/services/migrate/data_migration.rb:25:in `block in migrate_orgs'
  [1m[36mOrganisation Exists? (0.8ms)[0m  [1m[34mSELECT 1 AS one FROM "organisations" WHERE LOWER("organisations"."identifier_id") = LOWER($1) LIMIT $2[0m  [["identifier_id", "222222222"], ["LIMIT", 1]]
  ↳ app/services/migrate/data_migration.rb:25:in `block in migrate_orgs'
  [1m[36mOrganisation Create (0.2ms)[0m  [1m[32mINSERT INTO "organisations" ("identifier_id", "org_roles", "right_to_buy", "scheme_id", "status", "status_description", "domain_name") VALUES ($1, $2, $3, $4, $5, $6, $7) RETURNING "org_id"[0m  [["identifier_id", "222222222"], ["org_roles", "RMI User,RMI Tile"], ["right_to_buy", false], ["scheme_id", "SF-URN"], ["status", 201], ["status_description", "Success."], ["domain_name", "domainthree.co.uk"]]
  ↳ app/services/migrate/data_migration.rb:25:in `block in migrate_orgs'
  [1m[36mTRANSACTION (8.2ms)[0m  [1m[35mCOMMIT[0m
  ↳ app/services/migrate/data_migration.rb:25:in `block in migrate_orgs'
  [1m[36mTRANSACTION (0.1ms)[0m  [1m[35mBEGIN[0m
  ↳ app/services/migrate/data_migration.rb:57:in `block (2 levels) in migrate_users'
  [1m[36mUser Exists? (0.8ms)[0m  [1m[34mSELECT 1 AS one FROM "users" WHERE LOWER("users"."email") = LOWER($1) LIMIT $2[0m  [["email", "name@domain.co.uk"], ["LIMIT", 1]]
  ↳ app/services/migrate/data_migration.rb:57:in `block (2 levels) in migrate_users'
  [1m[36mUser Create (0.2ms)[0m  [1m[32mINSERT INTO "users" ("contact_email", "contact_fax", "contact_mobile", "contact_phone", "contact_social", "email", "first_name", "last_name", "status", "status_description", "title", "user_roles", "identifier_id", "scheme_id") VALUES ($1, $2, $3, $4, $5, $6, $7, $8, $9, $10, $11, $12, $13, $14) RETURNING "user_id"[0m  [["contact_email", "name@domain.co.uk"], ["contact_fax", "0207 777 7778"], ["contact_mobile", "07777 777777"], ["contact_phone", "0207 777 7777"], ["contact_social", "https://www.linkedin.com/in/xx-yy-zz-09a5b24/"], ["email", "name@domain.co.uk"], ["first_name", "Joe"], ["last_name", "Bloggs"], ["status", 201], ["status_description", "Success."], ["title", "Mr"], ["user_roles", "RMI User,RMI Tile,Organisation Administrator"], ["identifier_id", "777777777"], ["scheme_id", "SF-URN"]]
  ↳ app/services/migrate/data_migration.rb:57:in `block (2 levels) in migrate_users'
  [1m[36mTRANSACTION (8.1ms)[0m  [1m[35mCOMMIT[0m
  ↳ app/services/migrate/data_migration.rb:57:in `block (2 levels) in migrate_users'
  [1m[36mTRANSACTION (0.1ms)[0m  [1m[35mBEGIN[0m
  ↳ app/services/migrate/data_migration.rb:57:in `block (2 levels) in migrate_users'
  [1m[36mUser Exists? (0.7ms)[0m  [1m[34mSELECT 1 AS one FROM "users" WHERE LOWER("users"."email") = LOWER($1) LIMIT $2[0m  [["email", "name2@domaintwo.co.uk"], ["LIMIT", 1]]
  ↳ app/services/migrate/data_migration.rb:57:in `block (2 levels) in migrate_users'
  [1m[36mUser Create (0.2ms)[0m  [1m[32mINSERT INTO "users" ("contact_email", "contact_fax", "contact_mobile", "contact_phone", "contact_social", "email", "first_name", "last_name", "status", "status_description", "title", "user_roles", "identifier_id", "scheme_id") VALUES ($1, $2, $3, $4, $5, $6, $7, $8, $9, $10, $11, $12, $13, $14) RETURNING "user_id"[0m  [["contact_email", "test@test.com"], ["contact_fax", "0207 777 7778"], ["contact_mobile", "07777 777777"], ["contact_phone", "0207 777 7777"], ["contact_social", "https://www.linkedin.com/in/xx-yy-zz-09a5b24/"], ["email", "name2@domaintwo.co.uk"], ["first_name", "Test"], ["last_name", "Testing"], ["status", 201], ["status_description", "Success."], ["title", "Mr"], ["user_roles", "RMI User,RMI Tile,Organisation Administrator"], ["identifier_id", "123456789"], ["scheme_id", "SF-URN"]]
  ↳ app/services/migrate/data_migration.rb:57:in `block (2 levels) in migrate_users'
  [1m[36mTRANSACTION (8.6ms)[0m  [1m[35mCOMMIT[0m
  ↳ app/services/migrate/data_migration.rb:57:in `block (2 levels) in migrate_users'
  [1m[36mTRANSACTION (0.1ms)[0m  [1m[35mBEGIN[0m
  ↳ app/services/migrate/data_migration.rb:57:in `block (2 levels) in migrate_users'
  [1m[36mUser Exists? (0.7ms)[0m  [1m[34mSELECT 1 AS one FROM "users" WHERE LOWER("users"."email") = LOWER($1) LIMIT $2[0m  [["email", "name3@domainthree.co.uk"], ["LIMIT", 1]]
  ↳ app/services/migrate/data_migration.rb:57:in `block (2 levels) in migrate_users'
  [1m[36mUser Create (0.2ms)[0m  [1m[32mINSERT INTO "users" ("contact_email", "contact_fax", "contact_mobile", "contact_phone", "contact_social", "email", "first_name", "last_name", "status", "status_description", "title", "user_roles", "identifier_id", "scheme_id") VALUES ($1, $2, $3, $4, $5, $6, $7, $8, $9, $10, $11, $12, $13, $14) RETURNING "user_id"[0m  [["contact_email", "test2@test.com"], ["contact_fax", "0207 777 7778"], ["contact_mobile", "07777 777777"], ["contact_phone", "0207 777 7777"], ["contact_social", "https://www.linkedin.com/in/xx-yy-zz-09a5b24/"], ["email", "name3@domainthree.co.uk"], ["first_name", "Jane"], ["last_name", "Bloggs"], ["status", 201], ["status_description", "Success."], ["title", "Mrs"], ["user_roles", "RMI User,RMI Tile,Organisation Administrator"], ["identifier_id", "222222222"], ["scheme_id", "SF-URN"]]
  ↳ app/services/migrate/data_migration.rb:57:in `block (2 levels) in migrate_users'
  [1m[36mTRANSACTION (8.2ms)[0m  [1m[35mCOMMIT[0m
  ↳ app/services/migrate/data_migration.rb:57:in `block (2 levels) in migrate_users'
Completed 200 OK in 76ms (Views: 0.5ms | ActiveRecord: 61.9ms | Allocations: 14641)


Started POST "/data-migration/migrate/format/csv" for ::1 at 2024-02-01 17:11:05 +0000
Processing by DataMigrationController#validate_as_csv as */*
  Parameters: {"file"=>#<ActionDispatch::Http::UploadedFile:0x00007f6422d5c680 @tempfile=#<Tempfile:/tmp/RackMultipart20240201-24521-296mka.csv>, @content_type="text/csv", @original_filename="testFile_orgs.csv", @headers="Content-Disposition: form-data; name=\"file\"; filename=\"testFile_orgs.csv\"\r\nContent-Type: text/csv\r\n">}
  [1m[36mClient Load (0.3ms)[0m  [1m[34mSELECT "clients".* FROM "clients" WHERE "clients"."api_key" = $1 LIMIT $2[0m  [["api_key", "1237"], ["LIMIT", 1]]
  ↳ app/services/authorize/token.rb:10:in `client_auth'
  [1m[36mTRANSACTION (0.1ms)[0m  [1m[35mBEGIN[0m
  ↳ app/services/migrate/data_migration.rb:25:in `block in migrate_orgs'
  [1m[36mOrganisation Exists? (0.9ms)[0m  [1m[34mSELECT 1 AS one FROM "organisations" WHERE LOWER("organisations"."identifier_id") = LOWER($1) LIMIT $2[0m  [["identifier_id", "777777777"], ["LIMIT", 1]]
  ↳ app/services/migrate/data_migration.rb:25:in `block in migrate_orgs'
  [1m[36mTRANSACTION (0.3ms)[0m  [1m[31mROLLBACK[0m
  ↳ app/services/migrate/data_migration.rb:25:in `block in migrate_orgs'
  [1m[36mTRANSACTION (0.1ms)[0m  [1m[35mBEGIN[0m
  ↳ app/services/migrate/data_migration.rb:25:in `block in migrate_orgs'
  [1m[36mOrganisation Exists? (1.2ms)[0m  [1m[34mSELECT 1 AS one FROM "organisations" WHERE LOWER("organisations"."identifier_id") = LOWER($1) LIMIT $2[0m  [["identifier_id", "123456789"], ["LIMIT", 1]]
  ↳ app/services/migrate/data_migration.rb:25:in `block in migrate_orgs'
  [1m[36mTRANSACTION (0.1ms)[0m  [1m[31mROLLBACK[0m
  ↳ app/services/migrate/data_migration.rb:25:in `block in migrate_orgs'
  [1m[36mTRANSACTION (0.1ms)[0m  [1m[35mBEGIN[0m
  ↳ app/services/migrate/data_migration.rb:25:in `block in migrate_orgs'
  [1m[36mOrganisation Exists? (0.9ms)[0m  [1m[34mSELECT 1 AS one FROM "organisations" WHERE LOWER("organisations"."identifier_id") = LOWER($1) LIMIT $2[0m  [["identifier_id", "222222222"], ["LIMIT", 1]]
  ↳ app/services/migrate/data_migration.rb:25:in `block in migrate_orgs'
  [1m[36mTRANSACTION (0.1ms)[0m  [1m[31mROLLBACK[0m
  ↳ app/services/migrate/data_migration.rb:25:in `block in migrate_orgs'
  [1m[36mTRANSACTION (0.1ms)[0m  [1m[35mBEGIN[0m
  ↳ app/services/migrate/data_migration.rb:57:in `block (2 levels) in migrate_users'
  [1m[36mUser Exists? (0.7ms)[0m  [1m[34mSELECT 1 AS one FROM "users" WHERE LOWER("users"."email") = LOWER($1) LIMIT $2[0m  [["email", "name@domain.co.uk"], ["LIMIT", 1]]
  ↳ app/services/migrate/data_migration.rb:57:in `block (2 levels) in migrate_users'
  [1m[36mTRANSACTION (0.1ms)[0m  [1m[31mROLLBACK[0m
  ↳ app/services/migrate/data_migration.rb:57:in `block (2 levels) in migrate_users'
  [1m[36mTRANSACTION (0.1ms)[0m  [1m[35mBEGIN[0m
  ↳ app/services/migrate/data_migration.rb:57:in `block (2 levels) in migrate_users'
  [1m[36mUser Exists? (0.7ms)[0m  [1m[34mSELECT 1 AS one FROM "users" WHERE LOWER("users"."email") = LOWER($1) LIMIT $2[0m  [["email", "name2@domaintwo.co.uk"], ["LIMIT", 1]]
  ↳ app/services/migrate/data_migration.rb:57:in `block (2 levels) in migrate_users'
  [1m[36mTRANSACTION (0.1ms)[0m  [1m[31mROLLBACK[0m
  ↳ app/services/migrate/data_migration.rb:57:in `block (2 levels) in migrate_users'
  [1m[36mTRANSACTION (0.1ms)[0m  [1m[35mBEGIN[0m
  ↳ app/services/migrate/data_migration.rb:57:in `block (2 levels) in migrate_users'
  [1m[36mUser Exists? (0.5ms)[0m  [1m[34mSELECT 1 AS one FROM "users" WHERE LOWER("users"."email") = LOWER($1) LIMIT $2[0m  [["email", "name3@domainthree.co.uk"], ["LIMIT", 1]]
  ↳ app/services/migrate/data_migration.rb:57:in `block (2 levels) in migrate_users'
  [1m[36mTRANSACTION (0.0ms)[0m  [1m[31mROLLBACK[0m
  ↳ app/services/migrate/data_migration.rb:57:in `block (2 levels) in migrate_users'
Completed 200 OK in 24ms (Views: 1.1ms | ActiveRecord: 6.3ms | Allocations: 13075)


Started POST "/data-migration/migrate/format/csv" for ::1 at 2024-02-01 17:12:04 +0000
Processing by DataMigrationController#validate_as_csv as */*
  Parameters: {"file"=>#<ActionDispatch::Http::UploadedFile:0x00007f6422fab9b8 @tempfile=#<Tempfile:/tmp/RackMultipart20240201-24521-s3lzxp.csv>, @content_type="text/csv", @original_filename="testFile.csv", @headers="Content-Disposition: form-data; name=\"file\"; filename=\"testFile.csv\"\r\nContent-Type: text/csv\r\n">}
  [1m[36mClient Load (0.2ms)[0m  [1m[34mSELECT "clients".* FROM "clients" WHERE "clients"."api_key" = $1 LIMIT $2[0m  [["api_key", "1237"], ["LIMIT", 1]]
  ↳ app/services/authorize/token.rb:10:in `client_auth'
  [1m[36mTRANSACTION (0.2ms)[0m  [1m[35mBEGIN[0m
  ↳ app/services/migrate/data_migration.rb:25:in `block in migrate_orgs'
  [1m[36mOrganisation Exists? (1.2ms)[0m  [1m[34mSELECT 1 AS one FROM "organisations" WHERE LOWER("organisations"."identifier_id") = LOWER($1) LIMIT $2[0m  [["identifier_id", "777777777"], ["LIMIT", 1]]
  ↳ app/services/migrate/data_migration.rb:25:in `block in migrate_orgs'
  [1m[36mTRANSACTION (0.1ms)[0m  [1m[31mROLLBACK[0m
  ↳ app/services/migrate/data_migration.rb:25:in `block in migrate_orgs'
  [1m[36mTRANSACTION (0.0ms)[0m  [1m[35mBEGIN[0m
  ↳ app/services/migrate/data_migration.rb:57:in `block (2 levels) in migrate_users'
  [1m[36mUser Exists? (0.8ms)[0m  [1m[34mSELECT 1 AS one FROM "users" WHERE LOWER("users"."email") = LOWER($1) LIMIT $2[0m  [["email", "name@domain.co.uk"], ["LIMIT", 1]]
  ↳ app/services/migrate/data_migration.rb:57:in `block (2 levels) in migrate_users'
  [1m[36mTRANSACTION (0.2ms)[0m  [1m[31mROLLBACK[0m
  ↳ app/services/migrate/data_migration.rb:57:in `block (2 levels) in migrate_users'
Completed 200 OK in 7ms (Views: 0.4ms | ActiveRecord: 2.6ms | Allocations: 4834)


Started POST "/data-migration/migrate/format/csv" for ::1 at 2024-02-01 17:12:12 +0000
Processing by DataMigrationController#validate_as_csv as */*
  Parameters: {"file"=>#<ActionDispatch::Http::UploadedFile:0x00007f6422fa6468 @tempfile=#<Tempfile:/tmp/RackMultipart20240201-24521-xj48dw.csv>, @content_type="text/csv", @original_filename="testFile_orgs.csv", @headers="Content-Disposition: form-data; name=\"file\"; filename=\"testFile_orgs.csv\"\r\nContent-Type: text/csv\r\n">}
  [1m[36mClient Load (0.4ms)[0m  [1m[34mSELECT "clients".* FROM "clients" WHERE "clients"."api_key" = $1 LIMIT $2[0m  [["api_key", "1237"], ["LIMIT", 1]]
  ↳ app/services/authorize/token.rb:10:in `client_auth'
  [1m[36mTRANSACTION (0.2ms)[0m  [1m[35mBEGIN[0m
  ↳ app/services/migrate/data_migration.rb:25:in `block in migrate_orgs'
  [1m[36mOrganisation Exists? (1.2ms)[0m  [1m[34mSELECT 1 AS one FROM "organisations" WHERE LOWER("organisations"."identifier_id") = LOWER($1) LIMIT $2[0m  [["identifier_id", "777777777"], ["LIMIT", 1]]
  ↳ app/services/migrate/data_migration.rb:25:in `block in migrate_orgs'
  [1m[36mTRANSACTION (0.1ms)[0m  [1m[31mROLLBACK[0m
  ↳ app/services/migrate/data_migration.rb:25:in `block in migrate_orgs'
  [1m[36mTRANSACTION (0.1ms)[0m  [1m[35mBEGIN[0m
  ↳ app/services/migrate/data_migration.rb:25:in `block in migrate_orgs'
  [1m[36mOrganisation Exists? (0.8ms)[0m  [1m[34mSELECT 1 AS one FROM "organisations" WHERE LOWER("organisations"."identifier_id") = LOWER($1) LIMIT $2[0m  [["identifier_id", "123456789"], ["LIMIT", 1]]
  ↳ app/services/migrate/data_migration.rb:25:in `block in migrate_orgs'
  [1m[36mTRANSACTION (0.2ms)[0m  [1m[31mROLLBACK[0m
  ↳ app/services/migrate/data_migration.rb:25:in `block in migrate_orgs'
  [1m[36mTRANSACTION (0.1ms)[0m  [1m[35mBEGIN[0m
  ↳ app/services/migrate/data_migration.rb:25:in `block in migrate_orgs'
  [1m[36mOrganisation Exists? (0.8ms)[0m  [1m[34mSELECT 1 AS one FROM "organisations" WHERE LOWER("organisations"."identifier_id") = LOWER($1) LIMIT $2[0m  [["identifier_id", "222222222"], ["LIMIT", 1]]
  ↳ app/services/migrate/data_migration.rb:25:in `block in migrate_orgs'
  [1m[36mTRANSACTION (0.1ms)[0m  [1m[31mROLLBACK[0m
  ↳ app/services/migrate/data_migration.rb:25:in `block in migrate_orgs'
  [1m[36mTRANSACTION (0.1ms)[0m  [1m[35mBEGIN[0m
  ↳ app/services/migrate/data_migration.rb:57:in `block (2 levels) in migrate_users'
  [1m[36mUser Exists? (0.7ms)[0m  [1m[34mSELECT 1 AS one FROM "users" WHERE LOWER("users"."email") = LOWER($1) LIMIT $2[0m  [["email", "name@domain.co.uk"], ["LIMIT", 1]]
  ↳ app/services/migrate/data_migration.rb:57:in `block (2 levels) in migrate_users'
  [1m[36mTRANSACTION (0.1ms)[0m  [1m[31mROLLBACK[0m
  ↳ app/services/migrate/data_migration.rb:57:in `block (2 levels) in migrate_users'
  [1m[36mTRANSACTION (0.1ms)[0m  [1m[35mBEGIN[0m
  ↳ app/services/migrate/data_migration.rb:57:in `block (2 levels) in migrate_users'
  [1m[36mUser Exists? (0.6ms)[0m  [1m[34mSELECT 1 AS one FROM "users" WHERE LOWER("users"."email") = LOWER($1) LIMIT $2[0m  [["email", "name2@domaintwo.co.uk"], ["LIMIT", 1]]
  ↳ app/services/migrate/data_migration.rb:57:in `block (2 levels) in migrate_users'
  [1m[36mTRANSACTION (0.1ms)[0m  [1m[31mROLLBACK[0m
  ↳ app/services/migrate/data_migration.rb:57:in `block (2 levels) in migrate_users'
  [1m[36mTRANSACTION (0.1ms)[0m  [1m[35mBEGIN[0m
  ↳ app/services/migrate/data_migration.rb:57:in `block (2 levels) in migrate_users'
  [1m[36mUser Exists? (1.1ms)[0m  [1m[34mSELECT 1 AS one FROM "users" WHERE LOWER("users"."email") = LOWER($1) LIMIT $2[0m  [["email", "name3@domainthree.co.uk"], ["LIMIT", 1]]
  ↳ app/services/migrate/data_migration.rb:57:in `block (2 levels) in migrate_users'
  [1m[36mTRANSACTION (0.1ms)[0m  [1m[31mROLLBACK[0m
  ↳ app/services/migrate/data_migration.rb:57:in `block (2 levels) in migrate_users'
Completed 200 OK in 17ms (Views: 0.9ms | ActiveRecord: 6.8ms | Allocations: 13051)


Started POST "/data-migration/migrate/format/csv" for ::1 at 2024-02-01 17:13:17 +0000
Processing by DataMigrationController#validate_as_csv as */*
  Parameters: {"file"=>#<ActionDispatch::Http::UploadedFile:0x00007f6422d5aa10 @tempfile=#<Tempfile:/tmp/RackMultipart20240201-24521-vdujhc.csv>, @content_type="text/csv", @original_filename="testFile_users.csv", @headers="Content-Disposition: form-data; name=\"file\"; filename=\"testFile_users.csv\"\r\nContent-Type: text/csv\r\n">}
  [1m[36mClient Load (0.1ms)[0m  [1m[34mSELECT "clients".* FROM "clients" WHERE "clients"."api_key" = $1 LIMIT $2[0m  [["api_key", "1237"], ["LIMIT", 1]]
  ↳ app/services/authorize/token.rb:10:in `client_auth'
  [1m[36mTRANSACTION (0.1ms)[0m  [1m[35mBEGIN[0m
  ↳ app/services/migrate/data_migration.rb:25:in `block in migrate_orgs'
  [1m[36mOrganisation Exists? (0.8ms)[0m  [1m[34mSELECT 1 AS one FROM "organisations" WHERE LOWER("organisations"."identifier_id") = LOWER($1) LIMIT $2[0m  [["identifier_id", "777777777"], ["LIMIT", 1]]
  ↳ app/services/migrate/data_migration.rb:25:in `block in migrate_orgs'
  [1m[36mOrganisation Create (0.2ms)[0m  [1m[32mINSERT INTO "organisations" ("identifier_id", "org_roles", "right_to_buy", "scheme_id", "status", "status_description", "domain_name") VALUES ($1, $2, $3, $4, $5, $6, $7) RETURNING "org_id"[0m  [["identifier_id", "777777777"], ["org_roles", "RMI User,RMI Tile"], ["right_to_buy", false], ["scheme_id", "SF-URN"], ["status", 201], ["status_description", "Success."], ["domain_name", "domain.co.uk"]]
  ↳ app/services/migrate/data_migration.rb:25:in `block in migrate_orgs'
  [1m[36mTRANSACTION (7.3ms)[0m  [1m[35mCOMMIT[0m
  ↳ app/services/migrate/data_migration.rb:25:in `block in migrate_orgs'
  [1m[36mTRANSACTION (0.2ms)[0m  [1m[35mBEGIN[0m
  ↳ app/services/migrate/data_migration.rb:57:in `block (2 levels) in migrate_users'
  [1m[36mUser Exists? (1.2ms)[0m  [1m[34mSELECT 1 AS one FROM "users" WHERE LOWER("users"."email") = LOWER($1) LIMIT $2[0m  [["email", "name@domain.co.uk"], ["LIMIT", 1]]
  ↳ app/services/migrate/data_migration.rb:57:in `block (2 levels) in migrate_users'
  [1m[36mUser Create (0.2ms)[0m  [1m[32mINSERT INTO "users" ("contact_email", "contact_fax", "contact_mobile", "contact_phone", "contact_social", "email", "first_name", "last_name", "status", "status_description", "title", "user_roles", "identifier_id", "scheme_id") VALUES ($1, $2, $3, $4, $5, $6, $7, $8, $9, $10, $11, $12, $13, $14) RETURNING "user_id"[0m  [["contact_email", "name@domain.co.uk"], ["contact_fax", "0207 777 7771"], ["contact_mobile", "07777 777771"], ["contact_phone", "0207 777 7771"], ["contact_social", "https://www.linkedin.com/in/xx-yy-zz-09a5b11/"], ["email", "name@domain.co.uk"], ["first_name", "Joe"], ["last_name", "Bloggs"], ["status", 201], ["status_description", "Success."], ["title", "Mr"], ["user_roles", "RMI User,RMI Tile,Organisation Administrator"], ["identifier_id", "777777777"], ["scheme_id", "SF-URN"]]
  ↳ app/services/migrate/data_migration.rb:57:in `block (2 levels) in migrate_users'
  [1m[36mTRANSACTION (17.6ms)[0m  [1m[35mCOMMIT[0m
  ↳ app/services/migrate/data_migration.rb:57:in `block (2 levels) in migrate_users'
  [1m[36mTRANSACTION (0.2ms)[0m  [1m[35mBEGIN[0m
  ↳ app/services/migrate/data_migration.rb:57:in `block (2 levels) in migrate_users'
  [1m[36mUser Exists? (1.0ms)[0m  [1m[34mSELECT 1 AS one FROM "users" WHERE LOWER("users"."email") = LOWER($1) LIMIT $2[0m  [["email", "name@domain.co.uk"], ["LIMIT", 1]]
  ↳ app/services/migrate/data_migration.rb:57:in `block (2 levels) in migrate_users'
  [1m[36mTRANSACTION (0.2ms)[0m  [1m[31mROLLBACK[0m
  ↳ app/services/migrate/data_migration.rb:57:in `block (2 levels) in migrate_users'
  [1m[36mTRANSACTION (0.1ms)[0m  [1m[35mBEGIN[0m
  ↳ app/services/migrate/data_migration.rb:57:in `block (2 levels) in migrate_users'
  [1m[36mUser Exists? (0.7ms)[0m  [1m[34mSELECT 1 AS one FROM "users" WHERE LOWER("users"."email") = LOWER($1) LIMIT $2[0m  [["email", "name@domain.co.uk"], ["LIMIT", 1]]
  ↳ app/services/migrate/data_migration.rb:57:in `block (2 levels) in migrate_users'
  [1m[36mTRANSACTION (0.1ms)[0m  [1m[31mROLLBACK[0m
  ↳ app/services/migrate/data_migration.rb:57:in `block (2 levels) in migrate_users'
Completed 200 OK in 39ms (Views: 0.6ms | ActiveRecord: 30.0ms | Allocations: 9647)


Started POST "/data-migration/migrate/format/csv" for ::1 at 2024-02-01 17:19:30 +0000
  [1m[36mActiveRecord::SchemaMigration Load (0.4ms)[0m  [1m[34mSELECT "schema_migrations"."version" FROM "schema_migrations" ORDER BY "schema_migrations"."version" ASC[0m
Processing by DataMigrationController#validate_as_csv as */*
  Parameters: {"file"=>#<ActionDispatch::Http::UploadedFile:0x00007f88d801cb70 @tempfile=#<Tempfile:/tmp/RackMultipart20240201-25576-sxl2hl.csv>, @content_type="text/csv", @original_filename="testFile_users.csv", @headers="Content-Disposition: form-data; name=\"file\"; filename=\"testFile_users.csv\"\r\nContent-Type: text/csv\r\n">}
  [1m[36mClient Load (0.2ms)[0m  [1m[34mSELECT "clients".* FROM "clients" WHERE "clients"."api_key" = $1 LIMIT $2[0m  [["api_key", "1237"], ["LIMIT", 1]]
  ↳ app/services/authorize/token.rb:10:in `client_auth'
  [1m[36mTRANSACTION (0.2ms)[0m  [1m[35mBEGIN[0m
  ↳ app/services/migrate/data_migration.rb:25:in `block in migrate_orgs'
  [1m[36mOrganisation Exists? (0.3ms)[0m  [1m[34mSELECT 1 AS one FROM "organisations" WHERE LOWER("organisations"."identifier_id") = LOWER($1) LIMIT $2[0m  [["identifier_id", "777777777"], ["LIMIT", 1]]
  ↳ app/services/migrate/data_migration.rb:25:in `block in migrate_orgs'
  [1m[36mOrganisation Create (0.3ms)[0m  [1m[32mINSERT INTO "organisations" ("identifier_id", "org_roles", "right_to_buy", "scheme_id", "status", "status_description", "domain_name") VALUES ($1, $2, $3, $4, $5, $6, $7) RETURNING "org_id"[0m  [["identifier_id", "777777777"], ["org_roles", "RMI User,RMI Tile"], ["right_to_buy", false], ["scheme_id", "SF-URN"], ["status", 201], ["status_description", "Success."], ["domain_name", "domain.co.uk"]]
  ↳ app/services/migrate/data_migration.rb:25:in `block in migrate_orgs'
  [1m[36mTRANSACTION (40.0ms)[0m  [1m[35mCOMMIT[0m
  ↳ app/services/migrate/data_migration.rb:25:in `block in migrate_orgs'
  [1m[36mTRANSACTION (0.3ms)[0m  [1m[35mBEGIN[0m
  ↳ app/services/migrate/data_migration.rb:57:in `block (2 levels) in migrate_users'
  [1m[36mUser Exists? (1.3ms)[0m  [1m[34mSELECT 1 AS one FROM "users" WHERE LOWER("users"."email") = LOWER($1) LIMIT $2[0m  [["email", "name1@domain.co.uk"], ["LIMIT", 1]]
  ↳ app/services/migrate/data_migration.rb:57:in `block (2 levels) in migrate_users'
  [1m[36mUser Create (0.2ms)[0m  [1m[32mINSERT INTO "users" ("contact_email", "contact_fax", "contact_mobile", "contact_phone", "contact_social", "email", "first_name", "last_name", "status", "status_description", "title", "user_roles", "identifier_id", "scheme_id") VALUES ($1, $2, $3, $4, $5, $6, $7, $8, $9, $10, $11, $12, $13, $14) RETURNING "user_id"[0m  [["contact_email", "name@domain.co.uk"], ["contact_fax", "0207 777 7771"], ["contact_mobile", "07777 777771"], ["contact_phone", "0207 777 7771"], ["contact_social", "https://www.linkedin.com/in/xx-yy-zz-09a5b11/"], ["email", "name1@domain.co.uk"], ["first_name", "Joe"], ["last_name", "Bloggs"], ["status", 201], ["status_description", "Success."], ["title", "Mr"], ["user_roles", "RMI User,RMI Tile,Organisation Administrator"], ["identifier_id", "777777777"], ["scheme_id", "SF-URN"]]
  ↳ app/services/migrate/data_migration.rb:57:in `block (2 levels) in migrate_users'
  [1m[36mTRANSACTION (8.4ms)[0m  [1m[35mCOMMIT[0m
  ↳ app/services/migrate/data_migration.rb:57:in `block (2 levels) in migrate_users'
  [1m[36mTRANSACTION (0.2ms)[0m  [1m[35mBEGIN[0m
  ↳ app/services/migrate/data_migration.rb:57:in `block (2 levels) in migrate_users'
  [1m[36mUser Exists? (1.5ms)[0m  [1m[34mSELECT 1 AS one FROM "users" WHERE LOWER("users"."email") = LOWER($1) LIMIT $2[0m  [["email", "name2@domain.co.uk"], ["LIMIT", 1]]
  ↳ app/services/migrate/data_migration.rb:57:in `block (2 levels) in migrate_users'
  [1m[36mUser Create (0.2ms)[0m  [1m[32mINSERT INTO "users" ("contact_email", "contact_fax", "contact_mobile", "contact_phone", "contact_social", "email", "first_name", "last_name", "status", "status_description", "title", "user_roles", "identifier_id", "scheme_id") VALUES ($1, $2, $3, $4, $5, $6, $7, $8, $9, $10, $11, $12, $13, $14) RETURNING "user_id"[0m  [["contact_email", "test@domain.co.uk"], ["contact_fax", "0207 777 7772"], ["contact_mobile", "07777 777772"], ["contact_phone", "0207 777 7772"], ["contact_social", "https://www.linkedin.com/in/xx-yy-zz-09a5b22/"], ["email", "name2@domain.co.uk"], ["first_name", "Test"], ["last_name", "Testing"], ["status", 201], ["status_description", "Success."], ["title", "Mr"], ["user_roles", "RMI User,RMI Tile,Organisation Administrator"], ["identifier_id", "777777777"], ["scheme_id", "SF-URN"]]
  ↳ app/services/migrate/data_migration.rb:57:in `block (2 levels) in migrate_users'
  [1m[36mTRANSACTION (7.4ms)[0m  [1m[35mCOMMIT[0m
  ↳ app/services/migrate/data_migration.rb:57:in `block (2 levels) in migrate_users'
  [1m[36mTRANSACTION (0.1ms)[0m  [1m[35mBEGIN[0m
  ↳ app/services/migrate/data_migration.rb:57:in `block (2 levels) in migrate_users'
  [1m[36mUser Exists? (0.8ms)[0m  [1m[34mSELECT 1 AS one FROM "users" WHERE LOWER("users"."email") = LOWER($1) LIMIT $2[0m  [["email", "name3@domain.co.uk"], ["LIMIT", 1]]
  ↳ app/services/migrate/data_migration.rb:57:in `block (2 levels) in migrate_users'
  [1m[36mUser Create (0.3ms)[0m  [1m[32mINSERT INTO "users" ("contact_email", "contact_fax", "contact_mobile", "contact_phone", "contact_social", "email", "first_name", "last_name", "status", "status_description", "title", "user_roles", "identifier_id", "scheme_id") VALUES ($1, $2, $3, $4, $5, $6, $7, $8, $9, $10, $11, $12, $13, $14) RETURNING "user_id"[0m  [["contact_email", "test2@domain.co.uk"], ["contact_fax", "0207 777 7773"], ["contact_mobile", "07777 777773"], ["contact_phone", "0207 777 7773"], ["contact_social", "https://www.linkedin.com/in/xx-yy-zz-09a5b33/"], ["email", "name3@domain.co.uk"], ["first_name", "Jane"], ["last_name", "Bloggs"], ["status", 201], ["status_description", "Success."], ["title", "Mrs"], ["user_roles", "RMI User,RMI Tile,Organisation Administrator"], ["identifier_id", "777777777"], ["scheme_id", "SF-URN"]]
  ↳ app/services/migrate/data_migration.rb:57:in `block (2 levels) in migrate_users'
  [1m[36mTRANSACTION (8.2ms)[0m  [1m[35mCOMMIT[0m
  ↳ app/services/migrate/data_migration.rb:57:in `block (2 levels) in migrate_users'
Completed 200 OK in 131ms (Views: 0.6ms | ActiveRecord: 79.3ms | Allocations: 46366)


Started POST "/data-migration/migrate/format/csv" for ::1 at 2024-02-01 17:23:18 +0000
Processing by DataMigrationController#validate_as_csv as */*
  Parameters: {"file"=>#<ActionDispatch::Http::UploadedFile:0x00007f88d9d02550 @tempfile=#<Tempfile:/tmp/RackMultipart20240201-25576-nv4ujq.csv>, @content_type="text/csv", @original_filename="testFile_users.csv", @headers="Content-Disposition: form-data; name=\"file\"; filename=\"testFile_users.csv\"\r\nContent-Type: text/csv\r\n">}
  [1m[36mClient Load (0.2ms)[0m  [1m[34mSELECT "clients".* FROM "clients" WHERE "clients"."api_key" = $1 LIMIT $2[0m  [["api_key", "1237"], ["LIMIT", 1]]
  ↳ app/services/authorize/token.rb:10:in `client_auth'
  [1m[36mTRANSACTION (0.1ms)[0m  [1m[35mBEGIN[0m
  ↳ app/services/migrate/data_migration.rb:25:in `block in migrate_orgs'
  [1m[36mOrganisation Exists? (0.9ms)[0m  [1m[34mSELECT 1 AS one FROM "organisations" WHERE LOWER("organisations"."identifier_id") = LOWER($1) LIMIT $2[0m  [["identifier_id", "777777777"], ["LIMIT", 1]]
  ↳ app/services/migrate/data_migration.rb:25:in `block in migrate_orgs'
  [1m[36mTRANSACTION (0.1ms)[0m  [1m[31mROLLBACK[0m
  ↳ app/services/migrate/data_migration.rb:25:in `block in migrate_orgs'
  [1m[36mTRANSACTION (0.1ms)[0m  [1m[35mBEGIN[0m
  ↳ app/services/migrate/data_migration.rb:57:in `block (2 levels) in migrate_users'
  [1m[36mUser Exists? (0.9ms)[0m  [1m[34mSELECT 1 AS one FROM "users" WHERE LOWER("users"."email") = LOWER($1) LIMIT $2[0m  [["email", "name1@domain.co.uk"], ["LIMIT", 1]]
  ↳ app/services/migrate/data_migration.rb:57:in `block (2 levels) in migrate_users'
  [1m[36mTRANSACTION (0.1ms)[0m  [1m[31mROLLBACK[0m
  ↳ app/services/migrate/data_migration.rb:57:in `block (2 levels) in migrate_users'
  [1m[36mTRANSACTION (0.1ms)[0m  [1m[35mBEGIN[0m
  ↳ app/services/migrate/data_migration.rb:57:in `block (2 levels) in migrate_users'
  [1m[36mUser Exists? (0.6ms)[0m  [1m[34mSELECT 1 AS one FROM "users" WHERE LOWER("users"."email") = LOWER($1) LIMIT $2[0m  [["email", "name2@domain.co.uk"], ["LIMIT", 1]]
  ↳ app/services/migrate/data_migration.rb:57:in `block (2 levels) in migrate_users'
  [1m[36mTRANSACTION (0.1ms)[0m  [1m[31mROLLBACK[0m
  ↳ app/services/migrate/data_migration.rb:57:in `block (2 levels) in migrate_users'
  [1m[36mTRANSACTION (0.1ms)[0m  [1m[35mBEGIN[0m
  ↳ app/services/migrate/data_migration.rb:57:in `block (2 levels) in migrate_users'
  [1m[36mUser Exists? (0.6ms)[0m  [1m[34mSELECT 1 AS one FROM "users" WHERE LOWER("users"."email") = LOWER($1) LIMIT $2[0m  [["email", "name3@domain.co.uk"], ["LIMIT", 1]]
  ↳ app/services/migrate/data_migration.rb:57:in `block (2 levels) in migrate_users'
  [1m[36mTRANSACTION (0.1ms)[0m  [1m[31mROLLBACK[0m
  ↳ app/services/migrate/data_migration.rb:57:in `block (2 levels) in migrate_users'
Completed 200 OK in 11ms (Views: 1.5ms | ActiveRecord: 3.9ms | Allocations: 10240)


Started POST "/data-migration/migrate/format/csv" for ::1 at 2024-02-01 17:23:36 +0000
Processing by DataMigrationController#validate_as_csv as */*
  Parameters: {"file"=>#<ActionDispatch::Http::UploadedFile:0x00007f88d9dde7a8 @tempfile=#<Tempfile:/tmp/RackMultipart20240201-25576-bx5dmq.csv>, @content_type="text/csv", @original_filename="testFile_orgs.csv", @headers="Content-Disposition: form-data; name=\"file\"; filename=\"testFile_orgs.csv\"\r\nContent-Type: text/csv\r\n">}
  [1m[36mClient Load (0.1ms)[0m  [1m[34mSELECT "clients".* FROM "clients" WHERE "clients"."api_key" = $1 LIMIT $2[0m  [["api_key", "1237"], ["LIMIT", 1]]
  ↳ app/services/authorize/token.rb:10:in `client_auth'
  [1m[36mTRANSACTION (0.1ms)[0m  [1m[35mBEGIN[0m
  ↳ app/services/migrate/data_migration.rb:25:in `block in migrate_orgs'
  [1m[36mOrganisation Exists? (0.8ms)[0m  [1m[34mSELECT 1 AS one FROM "organisations" WHERE LOWER("organisations"."identifier_id") = LOWER($1) LIMIT $2[0m  [["identifier_id", "777777777"], ["LIMIT", 1]]
  ↳ app/services/migrate/data_migration.rb:25:in `block in migrate_orgs'
  [1m[36mTRANSACTION (0.1ms)[0m  [1m[31mROLLBACK[0m
  ↳ app/services/migrate/data_migration.rb:25:in `block in migrate_orgs'
  [1m[36mTRANSACTION (0.1ms)[0m  [1m[35mBEGIN[0m
  ↳ app/services/migrate/data_migration.rb:25:in `block in migrate_orgs'
  [1m[36mOrganisation Exists? (0.9ms)[0m  [1m[34mSELECT 1 AS one FROM "organisations" WHERE LOWER("organisations"."identifier_id") = LOWER($1) LIMIT $2[0m  [["identifier_id", "123456789"], ["LIMIT", 1]]
  ↳ app/services/migrate/data_migration.rb:25:in `block in migrate_orgs'
  [1m[36mOrganisation Create (0.2ms)[0m  [1m[32mINSERT INTO "organisations" ("identifier_id", "org_roles", "right_to_buy", "scheme_id", "status", "status_description", "domain_name") VALUES ($1, $2, $3, $4, $5, $6, $7) RETURNING "org_id"[0m  [["identifier_id", "123456789"], ["org_roles", "RMI User,RMI Tile"], ["right_to_buy", false], ["scheme_id", "SF-URN"], ["status", 201], ["status_description", "Success."], ["domain_name", "domaintwo.co.uk"]]
  ↳ app/services/migrate/data_migration.rb:25:in `block in migrate_orgs'
  [1m[36mTRANSACTION (23.4ms)[0m  [1m[35mCOMMIT[0m
  ↳ app/services/migrate/data_migration.rb:25:in `block in migrate_orgs'
  [1m[36mTRANSACTION (0.1ms)[0m  [1m[35mBEGIN[0m
  ↳ app/services/migrate/data_migration.rb:25:in `block in migrate_orgs'
  [1m[36mOrganisation Exists? (1.0ms)[0m  [1m[34mSELECT 1 AS one FROM "organisations" WHERE LOWER("organisations"."identifier_id") = LOWER($1) LIMIT $2[0m  [["identifier_id", "222222222"], ["LIMIT", 1]]
  ↳ app/services/migrate/data_migration.rb:25:in `block in migrate_orgs'
  [1m[36mOrganisation Create (0.2ms)[0m  [1m[32mINSERT INTO "organisations" ("identifier_id", "org_roles", "right_to_buy", "scheme_id", "status", "status_description", "domain_name") VALUES ($1, $2, $3, $4, $5, $6, $7) RETURNING "org_id"[0m  [["identifier_id", "222222222"], ["org_roles", "RMI User,RMI Tile"], ["right_to_buy", false], ["scheme_id", "SF-URN"], ["status", 201], ["status_description", "Success."], ["domain_name", "domainthree.co.uk"]]
  ↳ app/services/migrate/data_migration.rb:25:in `block in migrate_orgs'
  [1m[36mTRANSACTION (8.2ms)[0m  [1m[35mCOMMIT[0m
  ↳ app/services/migrate/data_migration.rb:25:in `block in migrate_orgs'
  [1m[36mTRANSACTION (0.1ms)[0m  [1m[35mBEGIN[0m
  ↳ app/services/migrate/data_migration.rb:57:in `block (2 levels) in migrate_users'
  [1m[36mUser Exists? (0.7ms)[0m  [1m[34mSELECT 1 AS one FROM "users" WHERE LOWER("users"."email") = LOWER($1) LIMIT $2[0m  [["email", "name@domain.co.uk"], ["LIMIT", 1]]
  ↳ app/services/migrate/data_migration.rb:57:in `block (2 levels) in migrate_users'
  [1m[36mUser Create (0.3ms)[0m  [1m[32mINSERT INTO "users" ("contact_email", "contact_fax", "contact_mobile", "contact_phone", "contact_social", "email", "first_name", "last_name", "status", "status_description", "title", "user_roles", "identifier_id", "scheme_id") VALUES ($1, $2, $3, $4, $5, $6, $7, $8, $9, $10, $11, $12, $13, $14) RETURNING "user_id"[0m  [["contact_email", "name@domain.co.uk"], ["contact_fax", "0207 777 7778"], ["contact_mobile", "07777 777777"], ["contact_phone", "0207 777 7777"], ["contact_social", "https://www.linkedin.com/in/xx-yy-zz-09a5b24/"], ["email", "name@domain.co.uk"], ["first_name", "Joe"], ["last_name", "Bloggs"], ["status", 201], ["status_description", "Success."], ["title", "Mr"], ["user_roles", "RMI User,RMI Tile,Organisation Administrator"], ["identifier_id", "777777777"], ["scheme_id", "SF-URN"]]
  ↳ app/services/migrate/data_migration.rb:57:in `block (2 levels) in migrate_users'
  [1m[36mTRANSACTION (8.2ms)[0m  [1m[35mCOMMIT[0m
  ↳ app/services/migrate/data_migration.rb:57:in `block (2 levels) in migrate_users'
  [1m[36mTRANSACTION (0.2ms)[0m  [1m[35mBEGIN[0m
  ↳ app/services/migrate/data_migration.rb:57:in `block (2 levels) in migrate_users'
  [1m[36mUser Exists? (1.0ms)[0m  [1m[34mSELECT 1 AS one FROM "users" WHERE LOWER("users"."email") = LOWER($1) LIMIT $2[0m  [["email", "name2@domaintwo.co.uk"], ["LIMIT", 1]]
  ↳ app/services/migrate/data_migration.rb:57:in `block (2 levels) in migrate_users'
  [1m[36mUser Create (0.2ms)[0m  [1m[32mINSERT INTO "users" ("contact_email", "contact_fax", "contact_mobile", "contact_phone", "contact_social", "email", "first_name", "last_name", "status", "status_description", "title", "user_roles", "identifier_id", "scheme_id") VALUES ($1, $2, $3, $4, $5, $6, $7, $8, $9, $10, $11, $12, $13, $14) RETURNING "user_id"[0m  [["contact_email", "test@test.com"], ["contact_fax", "0207 777 7778"], ["contact_mobile", "07777 777777"], ["contact_phone", "0207 777 7777"], ["contact_social", "https://www.linkedin.com/in/xx-yy-zz-09a5b24/"], ["email", "name2@domaintwo.co.uk"], ["first_name", "Test"], ["last_name", "Testing"], ["status", 201], ["status_description", "Success."], ["title", "Mr"], ["user_roles", "RMI User,RMI Tile,Organisation Administrator"], ["identifier_id", "123456789"], ["scheme_id", "SF-URN"]]
  ↳ app/services/migrate/data_migration.rb:57:in `block (2 levels) in migrate_users'
  [1m[36mTRANSACTION (7.8ms)[0m  [1m[35mCOMMIT[0m
  ↳ app/services/migrate/data_migration.rb:57:in `block (2 levels) in migrate_users'
  [1m[36mTRANSACTION (0.1ms)[0m  [1m[35mBEGIN[0m
  ↳ app/services/migrate/data_migration.rb:57:in `block (2 levels) in migrate_users'
  [1m[36mUser Exists? (0.7ms)[0m  [1m[34mSELECT 1 AS one FROM "users" WHERE LOWER("users"."email") = LOWER($1) LIMIT $2[0m  [["email", "name3@domainthree.co.uk"], ["LIMIT", 1]]
  ↳ app/services/migrate/data_migration.rb:57:in `block (2 levels) in migrate_users'
  [1m[36mUser Create (0.2ms)[0m  [1m[32mINSERT INTO "users" ("contact_email", "contact_fax", "contact_mobile", "contact_phone", "contact_social", "email", "first_name", "last_name", "status", "status_description", "title", "user_roles", "identifier_id", "scheme_id") VALUES ($1, $2, $3, $4, $5, $6, $7, $8, $9, $10, $11, $12, $13, $14) RETURNING "user_id"[0m  [["contact_email", "test2@test.com"], ["contact_fax", "0207 777 7778"], ["contact_mobile", "07777 777777"], ["contact_phone", "0207 777 7777"], ["contact_social", "https://www.linkedin.com/in/xx-yy-zz-09a5b24/"], ["email", "name3@domainthree.co.uk"], ["first_name", "Jane"], ["last_name", "Bloggs"], ["status", 201], ["status_description", "Success."], ["title", "Mrs"], ["user_roles", "RMI User,RMI Tile,Organisation Administrator"], ["identifier_id", "222222222"], ["scheme_id", "SF-URN"]]
  ↳ app/services/migrate/data_migration.rb:57:in `block (2 levels) in migrate_users'
  [1m[36mTRANSACTION (8.2ms)[0m  [1m[35mCOMMIT[0m
  ↳ app/services/migrate/data_migration.rb:57:in `block (2 levels) in migrate_users'
Completed 200 OK in 75ms (Views: 0.6ms | ActiveRecord: 62.8ms | Allocations: 14283)


Started POST "/data-migration/migrate/format/csv" for ::1 at 2024-02-01 17:25:03 +0000
Processing by DataMigrationController#validate_as_csv as */*
  Parameters: {"file"=>#<ActionDispatch::Http::UploadedFile:0x00007f88da115390 @tempfile=#<Tempfile:/tmp/RackMultipart20240201-25576-ff7xo7.csv>, @content_type="text/csv", @original_filename="testFile.csv", @headers="Content-Disposition: form-data; name=\"file\"; filename=\"testFile.csv\"\r\nContent-Type: text/csv\r\n">}
  [1m[36mClient Load (0.2ms)[0m  [1m[34mSELECT "clients".* FROM "clients" WHERE "clients"."api_key" = $1 LIMIT $2[0m  [["api_key", "1237"], ["LIMIT", 1]]
  ↳ app/services/authorize/token.rb:10:in `client_auth'
  [1m[36mTRANSACTION (0.1ms)[0m  [1m[35mBEGIN[0m
  ↳ app/services/migrate/data_migration.rb:25:in `block in migrate_orgs'
  [1m[36mOrganisation Exists? (0.7ms)[0m  [1m[34mSELECT 1 AS one FROM "organisations" WHERE LOWER("organisations"."identifier_id") = LOWER($1) LIMIT $2[0m  [["identifier_id", "777777777"], ["LIMIT", 1]]
  ↳ app/services/migrate/data_migration.rb:25:in `block in migrate_orgs'
  [1m[36mTRANSACTION (0.1ms)[0m  [1m[31mROLLBACK[0m
  ↳ app/services/migrate/data_migration.rb:25:in `block in migrate_orgs'
  [1m[36mTRANSACTION (0.1ms)[0m  [1m[35mBEGIN[0m
  ↳ app/services/migrate/data_migration.rb:57:in `block (2 levels) in migrate_users'
  [1m[36mUser Exists? (0.8ms)[0m  [1m[34mSELECT 1 AS one FROM "users" WHERE LOWER("users"."email") = LOWER($1) LIMIT $2[0m  [["email", "name@domain.co.uk"], ["LIMIT", 1]]
  ↳ app/services/migrate/data_migration.rb:57:in `block (2 levels) in migrate_users'
  [1m[36mTRANSACTION (0.1ms)[0m  [1m[31mROLLBACK[0m
  ↳ app/services/migrate/data_migration.rb:57:in `block (2 levels) in migrate_users'
Completed 200 OK in 6ms (Views: 0.5ms | ActiveRecord: 2.0ms | Allocations: 4841)


Started POST "/data-migration/migrate/format/csv" for ::1 at 2024-02-01 17:25:16 +0000
Processing by DataMigrationController#validate_as_csv as */*
  Parameters: {"file"=>#<ActionDispatch::Http::UploadedFile:0x00007f88b30ce520 @tempfile=#<Tempfile:/tmp/RackMultipart20240201-25576-hxocy.csv>, @content_type="text/csv", @original_filename="testFile_users.csv", @headers="Content-Disposition: form-data; name=\"file\"; filename=\"testFile_users.csv\"\r\nContent-Type: text/csv\r\n">}
  [1m[36mClient Load (0.2ms)[0m  [1m[34mSELECT "clients".* FROM "clients" WHERE "clients"."api_key" = $1 LIMIT $2[0m  [["api_key", "1237"], ["LIMIT", 1]]
  ↳ app/services/authorize/token.rb:10:in `client_auth'
  [1m[36mTRANSACTION (0.2ms)[0m  [1m[35mBEGIN[0m
  ↳ app/services/migrate/data_migration.rb:25:in `block in migrate_orgs'
  [1m[36mOrganisation Exists? (1.1ms)[0m  [1m[34mSELECT 1 AS one FROM "organisations" WHERE LOWER("organisations"."identifier_id") = LOWER($1) LIMIT $2[0m  [["identifier_id", "777777777"], ["LIMIT", 1]]
  ↳ app/services/migrate/data_migration.rb:25:in `block in migrate_orgs'
  [1m[36mTRANSACTION (0.1ms)[0m  [1m[31mROLLBACK[0m
  ↳ app/services/migrate/data_migration.rb:25:in `block in migrate_orgs'
  [1m[36mTRANSACTION (0.1ms)[0m  [1m[35mBEGIN[0m
  ↳ app/services/migrate/data_migration.rb:57:in `block (2 levels) in migrate_users'
  [1m[36mUser Exists? (0.9ms)[0m  [1m[34mSELECT 1 AS one FROM "users" WHERE LOWER("users"."email") = LOWER($1) LIMIT $2[0m  [["email", "name1@domain.co.uk"], ["LIMIT", 1]]
  ↳ app/services/migrate/data_migration.rb:57:in `block (2 levels) in migrate_users'
  [1m[36mTRANSACTION (0.1ms)[0m  [1m[31mROLLBACK[0m
  ↳ app/services/migrate/data_migration.rb:57:in `block (2 levels) in migrate_users'
  [1m[36mTRANSACTION (0.1ms)[0m  [1m[35mBEGIN[0m
  ↳ app/services/migrate/data_migration.rb:57:in `block (2 levels) in migrate_users'
  [1m[36mUser Exists? (0.7ms)[0m  [1m[34mSELECT 1 AS one FROM "users" WHERE LOWER("users"."email") = LOWER($1) LIMIT $2[0m  [["email", "name2@domain.co.uk"], ["LIMIT", 1]]
  ↳ app/services/migrate/data_migration.rb:57:in `block (2 levels) in migrate_users'
  [1m[36mTRANSACTION (0.1ms)[0m  [1m[31mROLLBACK[0m
  ↳ app/services/migrate/data_migration.rb:57:in `block (2 levels) in migrate_users'
  [1m[36mTRANSACTION (0.1ms)[0m  [1m[35mBEGIN[0m
  ↳ app/services/migrate/data_migration.rb:57:in `block (2 levels) in migrate_users'
  [1m[36mUser Exists? (0.8ms)[0m  [1m[34mSELECT 1 AS one FROM "users" WHERE LOWER("users"."email") = LOWER($1) LIMIT $2[0m  [["email", "name3@domain.co.uk"], ["LIMIT", 1]]
  ↳ app/services/migrate/data_migration.rb:57:in `block (2 levels) in migrate_users'
  [1m[36mTRANSACTION (0.2ms)[0m  [1m[31mROLLBACK[0m
  ↳ app/services/migrate/data_migration.rb:57:in `block (2 levels) in migrate_users'
Completed 200 OK in 17ms (Views: 0.7ms | ActiveRecord: 4.4ms | Allocations: 9181)


Started POST "/data-migration/migrate/format/csv" for ::1 at 2024-02-01 17:28:08 +0000
Processing by DataMigrationController#validate_as_csv as */*
  Parameters: {"file"=>#<ActionDispatch::Http::UploadedFile:0x00007f88b30cf650 @tempfile=#<Tempfile:/tmp/RackMultipart20240201-25576-mq4qd5.csv>, @content_type="text/csv", @original_filename="testFile_OrgsUsers.csv", @headers="Content-Disposition: form-data; name=\"file\"; filename=\"testFile_OrgsUsers.csv\"\r\nContent-Type: text/csv\r\n">}
  [1m[36mClient Load (0.2ms)[0m  [1m[34mSELECT "clients".* FROM "clients" WHERE "clients"."api_key" = $1 LIMIT $2[0m  [["api_key", "1237"], ["LIMIT", 1]]
  ↳ app/services/authorize/token.rb:10:in `client_auth'
  [1m[36mTRANSACTION (0.2ms)[0m  [1m[35mBEGIN[0m
  ↳ app/services/migrate/data_migration.rb:25:in `block in migrate_orgs'
  [1m[36mOrganisation Exists? (0.9ms)[0m  [1m[34mSELECT 1 AS one FROM "organisations" WHERE LOWER("organisations"."identifier_id") = LOWER($1) LIMIT $2[0m  [["identifier_id", "777777777"], ["LIMIT", 1]]
  ↳ app/services/migrate/data_migration.rb:25:in `block in migrate_orgs'
  [1m[36mOrganisation Create (0.2ms)[0m  [1m[32mINSERT INTO "organisations" ("identifier_id", "org_roles", "right_to_buy", "scheme_id", "status", "status_description", "domain_name") VALUES ($1, $2, $3, $4, $5, $6, $7) RETURNING "org_id"[0m  [["identifier_id", "777777777"], ["org_roles", "RMI User,RMI Tile"], ["right_to_buy", false], ["scheme_id", "SF-URN"], ["status", 201], ["status_description", "Success."], ["domain_name", "domain.co.uk"]]
  ↳ app/services/migrate/data_migration.rb:25:in `block in migrate_orgs'
  [1m[36mTRANSACTION (6.9ms)[0m  [1m[35mCOMMIT[0m
  ↳ app/services/migrate/data_migration.rb:25:in `block in migrate_orgs'
  [1m[36mTRANSACTION (0.1ms)[0m  [1m[35mBEGIN[0m
  ↳ app/services/migrate/data_migration.rb:25:in `block in migrate_orgs'
  [1m[36mOrganisation Exists? (1.2ms)[0m  [1m[34mSELECT 1 AS one FROM "organisations" WHERE LOWER("organisations"."identifier_id") = LOWER($1) LIMIT $2[0m  [["identifier_id", "555555555"], ["LIMIT", 1]]
  ↳ app/services/migrate/data_migration.rb:25:in `block in migrate_orgs'
  [1m[36mOrganisation Create (0.2ms)[0m  [1m[32mINSERT INTO "organisations" ("identifier_id", "org_roles", "right_to_buy", "scheme_id", "status", "status_description", "domain_name") VALUES ($1, $2, $3, $4, $5, $6, $7) RETURNING "org_id"[0m  [["identifier_id", "555555555"], ["org_roles", "RMI User,RMI Tile"], ["right_to_buy", false], ["scheme_id", "SF-URN"], ["status", 201], ["status_description", "Success."], ["domain_name", "domainxx.co.uk"]]
  ↳ app/services/migrate/data_migration.rb:25:in `block in migrate_orgs'
  [1m[36mTRANSACTION (7.7ms)[0m  [1m[35mCOMMIT[0m
  ↳ app/services/migrate/data_migration.rb:25:in `block in migrate_orgs'
  [1m[36mTRANSACTION (0.2ms)[0m  [1m[35mBEGIN[0m
  ↳ app/services/migrate/data_migration.rb:25:in `block in migrate_orgs'
  [1m[36mOrganisation Exists? (0.9ms)[0m  [1m[34mSELECT 1 AS one FROM "organisations" WHERE LOWER("organisations"."identifier_id") = LOWER($1) LIMIT $2[0m  [["identifier_id", "123456789"], ["LIMIT", 1]]
  ↳ app/services/migrate/data_migration.rb:25:in `block in migrate_orgs'
  [1m[36mOrganisation Create (0.2ms)[0m  [1m[32mINSERT INTO "organisations" ("identifier_id", "org_roles", "right_to_buy", "scheme_id", "status", "status_description", "domain_name") VALUES ($1, $2, $3, $4, $5, $6, $7) RETURNING "org_id"[0m  [["identifier_id", "123456789"], ["org_roles", "RMI User,RMI Tile"], ["right_to_buy", false], ["scheme_id", "SF-URN"], ["status", 201], ["status_description", "Success."], ["domain_name", "domaintwo.co.uk"]]
  ↳ app/services/migrate/data_migration.rb:25:in `block in migrate_orgs'
  [1m[36mTRANSACTION (9.6ms)[0m  [1m[35mCOMMIT[0m
  ↳ app/services/migrate/data_migration.rb:25:in `block in migrate_orgs'
  [1m[36mTRANSACTION (0.1ms)[0m  [1m[35mBEGIN[0m
  ↳ app/services/migrate/data_migration.rb:25:in `block in migrate_orgs'
  [1m[36mOrganisation Exists? (0.7ms)[0m  [1m[34mSELECT 1 AS one FROM "organisations" WHERE LOWER("organisations"."identifier_id") = LOWER($1) LIMIT $2[0m  [["identifier_id", "222222222"], ["LIMIT", 1]]
  ↳ app/services/migrate/data_migration.rb:25:in `block in migrate_orgs'
  [1m[36mOrganisation Create (0.1ms)[0m  [1m[32mINSERT INTO "organisations" ("identifier_id", "org_roles", "right_to_buy", "scheme_id", "status", "status_description", "domain_name") VALUES ($1, $2, $3, $4, $5, $6, $7) RETURNING "org_id"[0m  [["identifier_id", "222222222"], ["org_roles", "RMI User,RMI Tile"], ["right_to_buy", false], ["scheme_id", "SF-URN"], ["status", 201], ["status_description", "Success."], ["domain_name", "domainthree.co.uk"]]
  ↳ app/services/migrate/data_migration.rb:25:in `block in migrate_orgs'
  [1m[36mTRANSACTION (8.6ms)[0m  [1m[35mCOMMIT[0m
  ↳ app/services/migrate/data_migration.rb:25:in `block in migrate_orgs'
  [1m[36mTRANSACTION (0.1ms)[0m  [1m[35mBEGIN[0m
  ↳ app/services/migrate/data_migration.rb:57:in `block (2 levels) in migrate_users'
  [1m[36mUser Exists? (0.7ms)[0m  [1m[34mSELECT 1 AS one FROM "users" WHERE LOWER("users"."email") = LOWER($1) LIMIT $2[0m  [["email", "name1@domain.co.uk"], ["LIMIT", 1]]
  ↳ app/services/migrate/data_migration.rb:57:in `block (2 levels) in migrate_users'
  [1m[36mUser Create (0.1ms)[0m  [1m[32mINSERT INTO "users" ("contact_email", "contact_fax", "contact_mobile", "contact_phone", "contact_social", "email", "first_name", "last_name", "status", "status_description", "title", "user_roles", "identifier_id", "scheme_id") VALUES ($1, $2, $3, $4, $5, $6, $7, $8, $9, $10, $11, $12, $13, $14) RETURNING "user_id"[0m  [["contact_email", "name@domain.co.uk"], ["contact_fax", "0207 777 7771"], ["contact_mobile", "07777 777771"], ["contact_phone", "0207 777 7771"], ["contact_social", "https://www.linkedin.com/in/xx-yy-zz-09a5b11/"], ["email", "name1@domain.co.uk"], ["first_name", "Joe"], ["last_name", "Bloggs"], ["status", 201], ["status_description", "Success."], ["title", "Mr"], ["user_roles", "RMI User,RMI Tile,Organisation Administrator"], ["identifier_id", "777777777"], ["scheme_id", "SF-URN"]]
  ↳ app/services/migrate/data_migration.rb:57:in `block (2 levels) in migrate_users'
  [1m[36mTRANSACTION (8.9ms)[0m  [1m[35mCOMMIT[0m
  ↳ app/services/migrate/data_migration.rb:57:in `block (2 levels) in migrate_users'
  [1m[36mTRANSACTION (0.1ms)[0m  [1m[35mBEGIN[0m
  ↳ app/services/migrate/data_migration.rb:57:in `block (2 levels) in migrate_users'
  [1m[36mUser Exists? (0.8ms)[0m  [1m[34mSELECT 1 AS one FROM "users" WHERE LOWER("users"."email") = LOWER($1) LIMIT $2[0m  [["email", "name2@domain.co.uk"], ["LIMIT", 1]]
  ↳ app/services/migrate/data_migration.rb:57:in `block (2 levels) in migrate_users'
  [1m[36mUser Create (0.2ms)[0m  [1m[32mINSERT INTO "users" ("contact_email", "contact_fax", "contact_mobile", "contact_phone", "contact_social", "email", "first_name", "last_name", "status", "status_description", "title", "user_roles", "identifier_id", "scheme_id") VALUES ($1, $2, $3, $4, $5, $6, $7, $8, $9, $10, $11, $12, $13, $14) RETURNING "user_id"[0m  [["contact_email", "test@domain.co.uk"], ["contact_fax", "0207 777 7772"], ["contact_mobile", "07777 777772"], ["contact_phone", "0207 777 7772"], ["contact_social", "https://www.linkedin.com/in/xx-yy-zz-09a5b22/"], ["email", "name2@domain.co.uk"], ["first_name", "Test"], ["last_name", "Testing"], ["status", 201], ["status_description", "Success."], ["title", "Mr"], ["user_roles", "RMI User,RMI Tile,Organisation Administrator"], ["identifier_id", "777777777"], ["scheme_id", "SF-URN"]]
  ↳ app/services/migrate/data_migration.rb:57:in `block (2 levels) in migrate_users'
  [1m[36mTRANSACTION (8.7ms)[0m  [1m[35mCOMMIT[0m
  ↳ app/services/migrate/data_migration.rb:57:in `block (2 levels) in migrate_users'
  [1m[36mTRANSACTION (0.1ms)[0m  [1m[35mBEGIN[0m
  ↳ app/services/migrate/data_migration.rb:57:in `block (2 levels) in migrate_users'
  [1m[36mUser Exists? (0.8ms)[0m  [1m[34mSELECT 1 AS one FROM "users" WHERE LOWER("users"."email") = LOWER($1) LIMIT $2[0m  [["email", "name3@domain.co.uk"], ["LIMIT", 1]]
  ↳ app/services/migrate/data_migration.rb:57:in `block (2 levels) in migrate_users'
  [1m[36mUser Create (0.2ms)[0m  [1m[32mINSERT INTO "users" ("contact_email", "contact_fax", "contact_mobile", "contact_phone", "contact_social", "email", "first_name", "last_name", "status", "status_description", "title", "user_roles", "identifier_id", "scheme_id") VALUES ($1, $2, $3, $4, $5, $6, $7, $8, $9, $10, $11, $12, $13, $14) RETURNING "user_id"[0m  [["contact_email", "test2@domain.co.uk"], ["contact_fax", "0207 777 7773"], ["contact_mobile", "07777 777773"], ["contact_phone", "0207 777 7773"], ["contact_social", "https://www.linkedin.com/in/xx-yy-zz-09a5b33/"], ["email", "name3@domain.co.uk"], ["first_name", "Jane"], ["last_name", "Bloggs"], ["status", 201], ["status_description", "Success."], ["title", "Mrs"], ["user_roles", "RMI User,RMI Tile,Organisation Administrator"], ["identifier_id", "777777777"], ["scheme_id", "SF-URN"]]
  ↳ app/services/migrate/data_migration.rb:57:in `block (2 levels) in migrate_users'
  [1m[36mTRANSACTION (8.1ms)[0m  [1m[35mCOMMIT[0m
  ↳ app/services/migrate/data_migration.rb:57:in `block (2 levels) in migrate_users'
  [1m[36mTRANSACTION (0.1ms)[0m  [1m[35mBEGIN[0m
  ↳ app/services/migrate/data_migration.rb:57:in `block (2 levels) in migrate_users'
  [1m[36mUser Exists? (0.6ms)[0m  [1m[34mSELECT 1 AS one FROM "users" WHERE LOWER("users"."email") = LOWER($1) LIMIT $2[0m  [["email", "xnamex@domainxx.co.uk"], ["LIMIT", 1]]
  ↳ app/services/migrate/data_migration.rb:57:in `block (2 levels) in migrate_users'
  [1m[36mUser Create (0.1ms)[0m  [1m[32mINSERT INTO "users" ("contact_email", "contact_fax", "contact_mobile", "contact_phone", "contact_social", "email", "first_name", "last_name", "status", "status_description", "title", "user_roles", "identifier_id", "scheme_id") VALUES ($1, $2, $3, $4, $5, $6, $7, $8, $9, $10, $11, $12, $13, $14) RETURNING "user_id"[0m  [["contact_email", "test2222222@domainxx.co.uk"], ["contact_fax", "0207 777 7778"], ["contact_mobile", "07777 777777"], ["contact_phone", "0207 777 7777"], ["contact_social", "https://www.linkedin.com/in/xx-yy-zz-09a5b24/"], ["email", "xnamex@domainxx.co.uk"], ["first_name", "John"], ["last_name", "Doe"], ["status", 201], ["status_description", "Success."], ["title", "Mr"], ["user_roles", "RMI User,RMI Tile,Organisation Administrator"], ["identifier_id", "555555555"], ["scheme_id", "SF-URN"]]
  ↳ app/services/migrate/data_migration.rb:57:in `block (2 levels) in migrate_users'
  [1m[36mTRANSACTION (8.8ms)[0m  [1m[35mCOMMIT[0m
  ↳ app/services/migrate/data_migration.rb:57:in `block (2 levels) in migrate_users'
  [1m[36mTRANSACTION (0.1ms)[0m  [1m[35mBEGIN[0m
  ↳ app/services/migrate/data_migration.rb:57:in `block (2 levels) in migrate_users'
  [1m[36mUser Exists? (1.0ms)[0m  [1m[34mSELECT 1 AS one FROM "users" WHERE LOWER("users"."email") = LOWER($1) LIMIT $2[0m  [["email", "name1@domaintwo.co.uk"], ["LIMIT", 1]]
  ↳ app/services/migrate/data_migration.rb:57:in `block (2 levels) in migrate_users'
  [1m[36mUser Create (0.2ms)[0m  [1m[32mINSERT INTO "users" ("contact_email", "contact_fax", "contact_mobile", "contact_phone", "contact_social", "email", "first_name", "last_name", "status", "status_description", "title", "user_roles", "identifier_id", "scheme_id") VALUES ($1, $2, $3, $4, $5, $6, $7, $8, $9, $10, $11, $12, $13, $14) RETURNING "user_id"[0m  [["contact_email", "testA@test.com"], ["contact_fax", "0207 777 7778"], ["contact_mobile", "07777 777779"], ["contact_phone", "0207 777 7779"], ["contact_social", "https://www.linkedin.com/in/xx-yy-zz-09a5b24/"], ["email", "name1@domaintwo.co.uk"], ["first_name", "A"], ["last_name", "Test"], ["status", 201], ["status_description", "Success."], ["title", "Mr"], ["user_roles", "RMI User,RMI Tile,Organisation Administrator"], ["identifier_id", "123456789"], ["scheme_id", "SF-URN"]]
  ↳ app/services/migrate/data_migration.rb:57:in `block (2 levels) in migrate_users'
  [1m[36mTRANSACTION (7.9ms)[0m  [1m[35mCOMMIT[0m
  ↳ app/services/migrate/data_migration.rb:57:in `block (2 levels) in migrate_users'
  [1m[36mTRANSACTION (0.1ms)[0m  [1m[35mBEGIN[0m
  ↳ app/services/migrate/data_migration.rb:57:in `block (2 levels) in migrate_users'
  [1m[36mUser Exists? (0.8ms)[0m  [1m[34mSELECT 1 AS one FROM "users" WHERE LOWER("users"."email") = LOWER($1) LIMIT $2[0m  [["email", "name2@domaintwo.co.uk"], ["LIMIT", 1]]
  ↳ app/services/migrate/data_migration.rb:57:in `block (2 levels) in migrate_users'
  [1m[36mUser Create (0.2ms)[0m  [1m[32mINSERT INTO "users" ("contact_email", "contact_fax", "contact_mobile", "contact_phone", "contact_social", "email", "first_name", "last_name", "status", "status_description", "title", "user_roles", "identifier_id", "scheme_id") VALUES ($1, $2, $3, $4, $5, $6, $7, $8, $9, $10, $11, $12, $13, $14) RETURNING "user_id"[0m  [["contact_email", "testB@test.com"], ["contact_fax", "0207 777 7778"], ["contact_mobile", "07777 777779"], ["contact_phone", "0207 777 7779"], ["contact_social", "https://www.linkedin.com/in/xx-yy-zz-09a5b24/"], ["email", "name2@domaintwo.co.uk"], ["first_name", "B"], ["last_name", "Test"], ["status", 201], ["status_description", "Success."], ["title", "Mr"], ["user_roles", "RMI User,RMI Tile,Organisation Administrator"], ["identifier_id", "123456789"], ["scheme_id", "SF-URN"]]
  ↳ app/services/migrate/data_migration.rb:57:in `block (2 levels) in migrate_users'
  [1m[36mTRANSACTION (8.0ms)[0m  [1m[35mCOMMIT[0m
  ↳ app/services/migrate/data_migration.rb:57:in `block (2 levels) in migrate_users'
  [1m[36mTRANSACTION (0.1ms)[0m  [1m[35mBEGIN[0m
  ↳ app/services/migrate/data_migration.rb:57:in `block (2 levels) in migrate_users'
  [1m[36mUser Exists? (1.0ms)[0m  [1m[34mSELECT 1 AS one FROM "users" WHERE LOWER("users"."email") = LOWER($1) LIMIT $2[0m  [["email", "name3@domaintwo.co.uk"], ["LIMIT", 1]]
  ↳ app/services/migrate/data_migration.rb:57:in `block (2 levels) in migrate_users'
  [1m[36mUser Create (0.1ms)[0m  [1m[32mINSERT INTO "users" ("contact_email", "contact_fax", "contact_mobile", "contact_phone", "contact_social", "email", "first_name", "last_name", "status", "status_description", "title", "user_roles", "identifier_id", "scheme_id") VALUES ($1, $2, $3, $4, $5, $6, $7, $8, $9, $10, $11, $12, $13, $14) RETURNING "user_id"[0m  [["contact_email", "testC@test.com"], ["contact_fax", "0207 777 7778"], ["contact_mobile", "07777 777779"], ["contact_phone", "0207 777 7779"], ["contact_social", "https://www.linkedin.com/in/xx-yy-zz-09a5b24/"], ["email", "name3@domaintwo.co.uk"], ["first_name", "C"], ["last_name", "Test"], ["status", 201], ["status_description", "Success."], ["title", "Mr"], ["user_roles", "RMI User,RMI Tile,Organisation Administrator"], ["identifier_id", "123456789"], ["scheme_id", "SF-URN"]]
  ↳ app/services/migrate/data_migration.rb:57:in `block (2 levels) in migrate_users'
  [1m[36mTRANSACTION (8.6ms)[0m  [1m[35mCOMMIT[0m
  ↳ app/services/migrate/data_migration.rb:57:in `block (2 levels) in migrate_users'
  [1m[36mTRANSACTION (0.1ms)[0m  [1m[35mBEGIN[0m
  ↳ app/services/migrate/data_migration.rb:57:in `block (2 levels) in migrate_users'
  [1m[36mUser Exists? (0.7ms)[0m  [1m[34mSELECT 1 AS one FROM "users" WHERE LOWER("users"."email") = LOWER($1) LIMIT $2[0m  [["email", "name@domainthree.co.uk"], ["LIMIT", 1]]
  ↳ app/services/migrate/data_migration.rb:57:in `block (2 levels) in migrate_users'
  [1m[36mUser Create (0.2ms)[0m  [1m[32mINSERT INTO "users" ("contact_email", "contact_fax", "contact_mobile", "contact_phone", "contact_social", "email", "first_name", "last_name", "status", "status_description", "title", "user_roles", "identifier_id", "scheme_id") VALUES ($1, $2, $3, $4, $5, $6, $7, $8, $9, $10, $11, $12, $13, $14) RETURNING "user_id"[0m  [["contact_email", "testtttttttt@xt.com"], ["contact_fax", "0207 777 7778"], ["contact_mobile", "07777 777777"], ["contact_phone", "0207 777 7777"], ["contact_social", "https://www.linkedin.com/in/xx-yy-zz-09a5b24/"], ["email", "name@domainthree.co.uk"], ["first_name", "Sally"], ["last_name", "Smith"], ["status", 201], ["status_description", "Success."], ["title", "Mrs"], ["user_roles", "RMI User,RMI Tile,Organisation Administrator"], ["identifier_id", "222222222"], ["scheme_id", "SF-URN"]]
  ↳ app/services/migrate/data_migration.rb:57:in `block (2 levels) in migrate_users'
  [1m[36mTRANSACTION (8.5ms)[0m  [1m[35mCOMMIT[0m
  ↳ app/services/migrate/data_migration.rb:57:in `block (2 levels) in migrate_users'
Completed 200 OK in 137ms (Views: 0.5ms | ActiveRecord: 113.4ms | Allocations: 28850)


Started POST "/data-migration/migrate/format/csv" for ::1 at 2024-02-01 17:28:48 +0000
Processing by DataMigrationController#validate_as_csv as */*
  Parameters: {"file"=>#<ActionDispatch::Http::UploadedFile:0x00007f88b33c11d8 @tempfile=#<Tempfile:/tmp/RackMultipart20240201-25576-zv85f4.csv>, @content_type="text/csv", @original_filename="testFile_OrgsUsers.csv", @headers="Content-Disposition: form-data; name=\"file\"; filename=\"testFile_OrgsUsers.csv\"\r\nContent-Type: text/csv\r\n">}
  [1m[36mClient Load (0.2ms)[0m  [1m[34mSELECT "clients".* FROM "clients" WHERE "clients"."api_key" = $1 LIMIT $2[0m  [["api_key", "1237"], ["LIMIT", 1]]
  ↳ app/services/authorize/token.rb:10:in `client_auth'
  [1m[36mTRANSACTION (0.2ms)[0m  [1m[35mBEGIN[0m
  ↳ app/services/migrate/data_migration.rb:25:in `block in migrate_orgs'
  [1m[36mOrganisation Exists? (0.9ms)[0m  [1m[34mSELECT 1 AS one FROM "organisations" WHERE LOWER("organisations"."identifier_id") = LOWER($1) LIMIT $2[0m  [["identifier_id", "777777777"], ["LIMIT", 1]]
  ↳ app/services/migrate/data_migration.rb:25:in `block in migrate_orgs'
  [1m[36mTRANSACTION (0.1ms)[0m  [1m[31mROLLBACK[0m
  ↳ app/services/migrate/data_migration.rb:25:in `block in migrate_orgs'
  [1m[36mTRANSACTION (0.2ms)[0m  [1m[35mBEGIN[0m
  ↳ app/services/migrate/data_migration.rb:25:in `block in migrate_orgs'
  [1m[36mOrganisation Exists? (0.7ms)[0m  [1m[34mSELECT 1 AS one FROM "organisations" WHERE LOWER("organisations"."identifier_id") = LOWER($1) LIMIT $2[0m  [["identifier_id", "555555555"], ["LIMIT", 1]]
  ↳ app/services/migrate/data_migration.rb:25:in `block in migrate_orgs'
  [1m[36mTRANSACTION (0.2ms)[0m  [1m[31mROLLBACK[0m
  ↳ app/services/migrate/data_migration.rb:25:in `block in migrate_orgs'
  [1m[36mTRANSACTION (0.1ms)[0m  [1m[35mBEGIN[0m
  ↳ app/services/migrate/data_migration.rb:25:in `block in migrate_orgs'
  [1m[36mOrganisation Exists? (0.7ms)[0m  [1m[34mSELECT 1 AS one FROM "organisations" WHERE LOWER("organisations"."identifier_id") = LOWER($1) LIMIT $2[0m  [["identifier_id", "123456789"], ["LIMIT", 1]]
  ↳ app/services/migrate/data_migration.rb:25:in `block in migrate_orgs'
  [1m[36mTRANSACTION (0.1ms)[0m  [1m[31mROLLBACK[0m
  ↳ app/services/migrate/data_migration.rb:25:in `block in migrate_orgs'
  [1m[36mTRANSACTION (0.1ms)[0m  [1m[35mBEGIN[0m
  ↳ app/services/migrate/data_migration.rb:25:in `block in migrate_orgs'
  [1m[36mOrganisation Exists? (0.6ms)[0m  [1m[34mSELECT 1 AS one FROM "organisations" WHERE LOWER("organisations"."identifier_id") = LOWER($1) LIMIT $2[0m  [["identifier_id", "222222222"], ["LIMIT", 1]]
  ↳ app/services/migrate/data_migration.rb:25:in `block in migrate_orgs'
  [1m[36mTRANSACTION (0.1ms)[0m  [1m[31mROLLBACK[0m
  ↳ app/services/migrate/data_migration.rb:25:in `block in migrate_orgs'
  [1m[36mTRANSACTION (0.1ms)[0m  [1m[35mBEGIN[0m
  ↳ app/services/migrate/data_migration.rb:57:in `block (2 levels) in migrate_users'
  [1m[36mUser Exists? (0.7ms)[0m  [1m[34mSELECT 1 AS one FROM "users" WHERE LOWER("users"."email") = LOWER($1) LIMIT $2[0m  [["email", "name1@domain.co.uk"], ["LIMIT", 1]]
  ↳ app/services/migrate/data_migration.rb:57:in `block (2 levels) in migrate_users'
  [1m[36mTRANSACTION (0.1ms)[0m  [1m[31mROLLBACK[0m
  ↳ app/services/migrate/data_migration.rb:57:in `block (2 levels) in migrate_users'
  [1m[36mTRANSACTION (0.1ms)[0m  [1m[35mBEGIN[0m
  ↳ app/services/migrate/data_migration.rb:57:in `block (2 levels) in migrate_users'
  [1m[36mUser Exists? (0.7ms)[0m  [1m[34mSELECT 1 AS one FROM "users" WHERE LOWER("users"."email") = LOWER($1) LIMIT $2[0m  [["email", "name2@domain.co.uk"], ["LIMIT", 1]]
  ↳ app/services/migrate/data_migration.rb:57:in `block (2 levels) in migrate_users'
  [1m[36mTRANSACTION (0.1ms)[0m  [1m[31mROLLBACK[0m
  ↳ app/services/migrate/data_migration.rb:57:in `block (2 levels) in migrate_users'
  [1m[36mTRANSACTION (0.1ms)[0m  [1m[35mBEGIN[0m
  ↳ app/services/migrate/data_migration.rb:57:in `block (2 levels) in migrate_users'
  [1m[36mUser Exists? (0.6ms)[0m  [1m[34mSELECT 1 AS one FROM "users" WHERE LOWER("users"."email") = LOWER($1) LIMIT $2[0m  [["email", "name3@domain.co.uk"], ["LIMIT", 1]]
  ↳ app/services/migrate/data_migration.rb:57:in `block (2 levels) in migrate_users'
  [1m[36mTRANSACTION (0.1ms)[0m  [1m[31mROLLBACK[0m
  ↳ app/services/migrate/data_migration.rb:57:in `block (2 levels) in migrate_users'
  [1m[36mTRANSACTION (0.1ms)[0m  [1m[35mBEGIN[0m
  ↳ app/services/migrate/data_migration.rb:57:in `block (2 levels) in migrate_users'
  [1m[36mUser Exists? (0.6ms)[0m  [1m[34mSELECT 1 AS one FROM "users" WHERE LOWER("users"."email") = LOWER($1) LIMIT $2[0m  [["email", "xnamex@domainxx.co.uk"], ["LIMIT", 1]]
  ↳ app/services/migrate/data_migration.rb:57:in `block (2 levels) in migrate_users'
  [1m[36mTRANSACTION (0.1ms)[0m  [1m[31mROLLBACK[0m
  ↳ app/services/migrate/data_migration.rb:57:in `block (2 levels) in migrate_users'
  [1m[36mTRANSACTION (0.1ms)[0m  [1m[35mBEGIN[0m
  ↳ app/services/migrate/data_migration.rb:57:in `block (2 levels) in migrate_users'
  [1m[36mUser Exists? (0.5ms)[0m  [1m[34mSELECT 1 AS one FROM "users" WHERE LOWER("users"."email") = LOWER($1) LIMIT $2[0m  [["email", "name1@domaintwo.co.uk"], ["LIMIT", 1]]
  ↳ app/services/migrate/data_migration.rb:57:in `block (2 levels) in migrate_users'
  [1m[36mTRANSACTION (0.1ms)[0m  [1m[31mROLLBACK[0m
  ↳ app/services/migrate/data_migration.rb:57:in `block (2 levels) in migrate_users'
  [1m[36mTRANSACTION (0.1ms)[0m  [1m[35mBEGIN[0m
  ↳ app/services/migrate/data_migration.rb:57:in `block (2 levels) in migrate_users'
  [1m[36mUser Exists? (0.5ms)[0m  [1m[34mSELECT 1 AS one FROM "users" WHERE LOWER("users"."email") = LOWER($1) LIMIT $2[0m  [["email", "name2@domaintwo.co.uk"], ["LIMIT", 1]]
  ↳ app/services/migrate/data_migration.rb:57:in `block (2 levels) in migrate_users'
  [1m[36mTRANSACTION (0.1ms)[0m  [1m[31mROLLBACK[0m
  ↳ app/services/migrate/data_migration.rb:57:in `block (2 levels) in migrate_users'
  [1m[36mTRANSACTION (0.1ms)[0m  [1m[35mBEGIN[0m
  ↳ app/services/migrate/data_migration.rb:57:in `block (2 levels) in migrate_users'
  [1m[36mUser Exists? (0.6ms)[0m  [1m[34mSELECT 1 AS one FROM "users" WHERE LOWER("users"."email") = LOWER($1) LIMIT $2[0m  [["email", "name3@domaintwo.co.uk"], ["LIMIT", 1]]
  ↳ app/services/migrate/data_migration.rb:57:in `block (2 levels) in migrate_users'
  [1m[36mTRANSACTION (0.1ms)[0m  [1m[31mROLLBACK[0m
  ↳ app/services/migrate/data_migration.rb:57:in `block (2 levels) in migrate_users'
  [1m[36mTRANSACTION (0.1ms)[0m  [1m[35mBEGIN[0m
  ↳ app/services/migrate/data_migration.rb:57:in `block (2 levels) in migrate_users'
  [1m[36mUser Exists? (2.4ms)[0m  [1m[34mSELECT 1 AS one FROM "users" WHERE LOWER("users"."email") = LOWER($1) LIMIT $2[0m  [["email", "name@domainthree.co.uk"], ["LIMIT", 1]]
  ↳ app/services/migrate/data_migration.rb:57:in `block (2 levels) in migrate_users'
  [1m[36mTRANSACTION (0.1ms)[0m  [1m[31mROLLBACK[0m
  ↳ app/services/migrate/data_migration.rb:57:in `block (2 levels) in migrate_users'
Completed 200 OK in 27ms (Views: 1.8ms | ActiveRecord: 11.7ms | Allocations: 25882)


Started POST "/data-migration/migrate/format/csv" for ::1 at 2024-02-01 17:29:04 +0000
Processing by DataMigrationController#validate_as_csv as */*
  Parameters: {"file"=>#<ActionDispatch::Http::UploadedFile:0x00007f88b30ce520 @tempfile=#<Tempfile:/tmp/RackMultipart20240201-25576-rwxinj.csv>, @content_type="text/csv", @original_filename="testFile_users.csv", @headers="Content-Disposition: form-data; name=\"file\"; filename=\"testFile_users.csv\"\r\nContent-Type: text/csv\r\n">}
  [1m[36mClient Load (0.2ms)[0m  [1m[34mSELECT "clients".* FROM "clients" WHERE "clients"."api_key" = $1 LIMIT $2[0m  [["api_key", "1237"], ["LIMIT", 1]]
  ↳ app/services/authorize/token.rb:10:in `client_auth'
  [1m[36mTRANSACTION (0.3ms)[0m  [1m[35mBEGIN[0m
  ↳ app/services/migrate/data_migration.rb:25:in `block in migrate_orgs'
  [1m[36mOrganisation Exists? (1.3ms)[0m  [1m[34mSELECT 1 AS one FROM "organisations" WHERE LOWER("organisations"."identifier_id") = LOWER($1) LIMIT $2[0m  [["identifier_id", "777777777"], ["LIMIT", 1]]
  ↳ app/services/migrate/data_migration.rb:25:in `block in migrate_orgs'
  [1m[36mTRANSACTION (0.2ms)[0m  [1m[31mROLLBACK[0m
  ↳ app/services/migrate/data_migration.rb:25:in `block in migrate_orgs'
  [1m[36mTRANSACTION (0.1ms)[0m  [1m[35mBEGIN[0m
  ↳ app/services/migrate/data_migration.rb:57:in `block (2 levels) in migrate_users'
  [1m[36mUser Exists? (1.0ms)[0m  [1m[34mSELECT 1 AS one FROM "users" WHERE LOWER("users"."email") = LOWER($1) LIMIT $2[0m  [["email", "name1@domain.co.uk"], ["LIMIT", 1]]
  ↳ app/services/migrate/data_migration.rb:57:in `block (2 levels) in migrate_users'
  [1m[36mTRANSACTION (0.1ms)[0m  [1m[31mROLLBACK[0m
  ↳ app/services/migrate/data_migration.rb:57:in `block (2 levels) in migrate_users'
  [1m[36mTRANSACTION (0.1ms)[0m  [1m[35mBEGIN[0m
  ↳ app/services/migrate/data_migration.rb:57:in `block (2 levels) in migrate_users'
  [1m[36mUser Exists? (0.6ms)[0m  [1m[34mSELECT 1 AS one FROM "users" WHERE LOWER("users"."email") = LOWER($1) LIMIT $2[0m  [["email", "name2@domain.co.uk"], ["LIMIT", 1]]
  ↳ app/services/migrate/data_migration.rb:57:in `block (2 levels) in migrate_users'
  [1m[36mTRANSACTION (0.0ms)[0m  [1m[31mROLLBACK[0m
  ↳ app/services/migrate/data_migration.rb:57:in `block (2 levels) in migrate_users'
  [1m[36mTRANSACTION (0.1ms)[0m  [1m[35mBEGIN[0m
  ↳ app/services/migrate/data_migration.rb:57:in `block (2 levels) in migrate_users'
  [1m[36mUser Exists? (0.9ms)[0m  [1m[34mSELECT 1 AS one FROM "users" WHERE LOWER("users"."email") = LOWER($1) LIMIT $2[0m  [["email", "name3@domain.co.uk"], ["LIMIT", 1]]
  ↳ app/services/migrate/data_migration.rb:57:in `block (2 levels) in migrate_users'
  [1m[36mTRANSACTION (0.1ms)[0m  [1m[31mROLLBACK[0m
  ↳ app/services/migrate/data_migration.rb:57:in `block (2 levels) in migrate_users'
Completed 200 OK in 14ms (Views: 0.7ms | ActiveRecord: 4.9ms | Allocations: 9179)


Started POST "/data-migration/migrate/format/csv" for ::1 at 2024-02-01 17:29:11 +0000
Processing by DataMigrationController#validate_as_csv as */*
  Parameters: {"file"=>#<ActionDispatch::Http::UploadedFile:0x00007f88b30c5c40 @tempfile=#<Tempfile:/tmp/RackMultipart20240201-25576-fa6kbx.csv>, @content_type="text/csv", @original_filename="testFile_orgs.csv", @headers="Content-Disposition: form-data; name=\"file\"; filename=\"testFile_orgs.csv\"\r\nContent-Type: text/csv\r\n">}
  [1m[36mClient Load (0.1ms)[0m  [1m[34mSELECT "clients".* FROM "clients" WHERE "clients"."api_key" = $1 LIMIT $2[0m  [["api_key", "1237"], ["LIMIT", 1]]
  ↳ app/services/authorize/token.rb:10:in `client_auth'
  [1m[36mTRANSACTION (0.1ms)[0m  [1m[35mBEGIN[0m
  ↳ app/services/migrate/data_migration.rb:25:in `block in migrate_orgs'
  [1m[36mOrganisation Exists? (0.9ms)[0m  [1m[34mSELECT 1 AS one FROM "organisations" WHERE LOWER("organisations"."identifier_id") = LOWER($1) LIMIT $2[0m  [["identifier_id", "777777777"], ["LIMIT", 1]]
  ↳ app/services/migrate/data_migration.rb:25:in `block in migrate_orgs'
  [1m[36mTRANSACTION (0.1ms)[0m  [1m[31mROLLBACK[0m
  ↳ app/services/migrate/data_migration.rb:25:in `block in migrate_orgs'
  [1m[36mTRANSACTION (0.1ms)[0m  [1m[35mBEGIN[0m
  ↳ app/services/migrate/data_migration.rb:25:in `block in migrate_orgs'
  [1m[36mOrganisation Exists? (0.7ms)[0m  [1m[34mSELECT 1 AS one FROM "organisations" WHERE LOWER("organisations"."identifier_id") = LOWER($1) LIMIT $2[0m  [["identifier_id", "123456789"], ["LIMIT", 1]]
  ↳ app/services/migrate/data_migration.rb:25:in `block in migrate_orgs'
  [1m[36mTRANSACTION (0.1ms)[0m  [1m[31mROLLBACK[0m
  ↳ app/services/migrate/data_migration.rb:25:in `block in migrate_orgs'
  [1m[36mTRANSACTION (0.1ms)[0m  [1m[35mBEGIN[0m
  ↳ app/services/migrate/data_migration.rb:25:in `block in migrate_orgs'
  [1m[36mOrganisation Exists? (0.6ms)[0m  [1m[34mSELECT 1 AS one FROM "organisations" WHERE LOWER("organisations"."identifier_id") = LOWER($1) LIMIT $2[0m  [["identifier_id", "222222222"], ["LIMIT", 1]]
  ↳ app/services/migrate/data_migration.rb:25:in `block in migrate_orgs'
  [1m[36mTRANSACTION (0.1ms)[0m  [1m[31mROLLBACK[0m
  ↳ app/services/migrate/data_migration.rb:25:in `block in migrate_orgs'
  [1m[36mTRANSACTION (0.1ms)[0m  [1m[35mBEGIN[0m
  ↳ app/services/migrate/data_migration.rb:57:in `block (2 levels) in migrate_users'
  [1m[36mUser Exists? (0.6ms)[0m  [1m[34mSELECT 1 AS one FROM "users" WHERE LOWER("users"."email") = LOWER($1) LIMIT $2[0m  [["email", "name@domain.co.uk"], ["LIMIT", 1]]
  ↳ app/services/migrate/data_migration.rb:57:in `block (2 levels) in migrate_users'
  [1m[36mUser Create (0.2ms)[0m  [1m[32mINSERT INTO "users" ("contact_email", "contact_fax", "contact_mobile", "contact_phone", "contact_social", "email", "first_name", "last_name", "status", "status_description", "title", "user_roles", "identifier_id", "scheme_id") VALUES ($1, $2, $3, $4, $5, $6, $7, $8, $9, $10, $11, $12, $13, $14) RETURNING "user_id"[0m  [["contact_email", "name@domain.co.uk"], ["contact_fax", "0207 777 7778"], ["contact_mobile", "07777 777777"], ["contact_phone", "0207 777 7777"], ["contact_social", "https://www.linkedin.com/in/xx-yy-zz-09a5b24/"], ["email", "name@domain.co.uk"], ["first_name", "Joe"], ["last_name", "Bloggs"], ["status", 201], ["status_description", "Success."], ["title", "Mr"], ["user_roles", "RMI User,RMI Tile,Organisation Administrator"], ["identifier_id", "777777777"], ["scheme_id", "SF-URN"]]
  ↳ app/services/migrate/data_migration.rb:57:in `block (2 levels) in migrate_users'
  [1m[36mTRANSACTION (15.9ms)[0m  [1m[35mCOMMIT[0m
  ↳ app/services/migrate/data_migration.rb:57:in `block (2 levels) in migrate_users'
  [1m[36mTRANSACTION (0.1ms)[0m  [1m[35mBEGIN[0m
  ↳ app/services/migrate/data_migration.rb:57:in `block (2 levels) in migrate_users'
  [1m[36mUser Exists? (0.7ms)[0m  [1m[34mSELECT 1 AS one FROM "users" WHERE LOWER("users"."email") = LOWER($1) LIMIT $2[0m  [["email", "name2@domaintwo.co.uk"], ["LIMIT", 1]]
  ↳ app/services/migrate/data_migration.rb:57:in `block (2 levels) in migrate_users'
  [1m[36mTRANSACTION (0.1ms)[0m  [1m[31mROLLBACK[0m
  ↳ app/services/migrate/data_migration.rb:57:in `block (2 levels) in migrate_users'
  [1m[36mTRANSACTION (0.1ms)[0m  [1m[35mBEGIN[0m
  ↳ app/services/migrate/data_migration.rb:57:in `block (2 levels) in migrate_users'
  [1m[36mUser Exists? (0.5ms)[0m  [1m[34mSELECT 1 AS one FROM "users" WHERE LOWER("users"."email") = LOWER($1) LIMIT $2[0m  [["email", "name3@domainthree.co.uk"], ["LIMIT", 1]]
  ↳ app/services/migrate/data_migration.rb:57:in `block (2 levels) in migrate_users'
  [1m[36mUser Create (0.2ms)[0m  [1m[32mINSERT INTO "users" ("contact_email", "contact_fax", "contact_mobile", "contact_phone", "contact_social", "email", "first_name", "last_name", "status", "status_description", "title", "user_roles", "identifier_id", "scheme_id") VALUES ($1, $2, $3, $4, $5, $6, $7, $8, $9, $10, $11, $12, $13, $14) RETURNING "user_id"[0m  [["contact_email", "test2@test.com"], ["contact_fax", "0207 777 7778"], ["contact_mobile", "07777 777777"], ["contact_phone", "0207 777 7777"], ["contact_social", "https://www.linkedin.com/in/xx-yy-zz-09a5b24/"], ["email", "name3@domainthree.co.uk"], ["first_name", "Jane"], ["last_name", "Bloggs"], ["status", 201], ["status_description", "Success."], ["title", "Mrs"], ["user_roles", "RMI User,RMI Tile,Organisation Administrator"], ["identifier_id", "222222222"], ["scheme_id", "SF-URN"]]
  ↳ app/services/migrate/data_migration.rb:57:in `block (2 levels) in migrate_users'
  [1m[36mTRANSACTION (17.3ms)[0m  [1m[35mCOMMIT[0m
  ↳ app/services/migrate/data_migration.rb:57:in `block (2 levels) in migrate_users'
Completed 200 OK in 51ms (Views: 1.0ms | ActiveRecord: 38.5ms | Allocations: 13585)


Started POST "/data-migration/migrate/format/csv" for ::1 at 2024-02-01 17:40:27 +0000
  [1m[36mActiveRecord::SchemaMigration Load (0.4ms)[0m  [1m[34mSELECT "schema_migrations"."version" FROM "schema_migrations" ORDER BY "schema_migrations"."version" ASC[0m
Processing by DataMigrationController#validate_as_csv as */*
  Parameters: {"file"=>#<ActionDispatch::Http::UploadedFile:0x00007fa361084510 @tempfile=#<Tempfile:/tmp/RackMultipart20240201-26387-iqt9o0.csv>, @content_type="text/csv", @original_filename="testFile.csv", @headers="Content-Disposition: form-data; name=\"file\"; filename=\"testFile.csv\"\r\nContent-Type: text/csv\r\n">}
  [1m[36mClient Load (0.1ms)[0m  [1m[34mSELECT "clients".* FROM "clients" WHERE "clients"."api_key" = $1 LIMIT $2[0m  [["api_key", "1237"], ["LIMIT", 1]]
  ↳ app/services/authorize/token.rb:10:in `client_auth'
  [1m[36mTRANSACTION (0.1ms)[0m  [1m[35mBEGIN[0m
  ↳ app/services/migrate/data_migration.rb:37:in `block in migrate_orgs_to_db'
  [1m[36mOrganisation Exists? (0.3ms)[0m  [1m[34mSELECT 1 AS one FROM "organisations" WHERE LOWER("organisations"."identifier_id") = LOWER($1) LIMIT $2[0m  [["identifier_id", "777777777"], ["LIMIT", 1]]
  ↳ app/services/migrate/data_migration.rb:37:in `block in migrate_orgs_to_db'
  [1m[36mOrganisation Create (0.2ms)[0m  [1m[32mINSERT INTO "organisations" ("identifier_id", "org_roles", "right_to_buy", "scheme_id", "status", "status_description", "domain_name") VALUES ($1, $2, $3, $4, $5, $6, $7) RETURNING "org_id"[0m  [["identifier_id", "777777777"], ["org_roles", "RMI User,RMI Tile"], ["right_to_buy", false], ["scheme_id", "SF-URN"], ["status", 201], ["status_description", "Success."], ["domain_name", "domain.co.uk"]]
  ↳ app/services/migrate/data_migration.rb:37:in `block in migrate_orgs_to_db'
  [1m[36mTRANSACTION (22.2ms)[0m  [1m[35mCOMMIT[0m
  ↳ app/services/migrate/data_migration.rb:37:in `block in migrate_orgs_to_db'
  [1m[36mTRANSACTION (0.1ms)[0m  [1m[35mBEGIN[0m
  ↳ app/services/migrate/data_migration.rb:68:in `block (2 levels) in migrate_users_to_db'
  [1m[36mUser Exists? (1.0ms)[0m  [1m[34mSELECT 1 AS one FROM "users" WHERE LOWER("users"."email") = LOWER($1) LIMIT $2[0m  [["email", "name@domain.co.uk"], ["LIMIT", 1]]
  ↳ app/services/migrate/data_migration.rb:68:in `block (2 levels) in migrate_users_to_db'
  [1m[36mUser Create (0.2ms)[0m  [1m[32mINSERT INTO "users" ("contact_email", "contact_fax", "contact_mobile", "contact_phone", "contact_social", "email", "first_name", "last_name", "status", "status_description", "title", "user_roles", "identifier_id", "scheme_id") VALUES ($1, $2, $3, $4, $5, $6, $7, $8, $9, $10, $11, $12, $13, $14) RETURNING "user_id"[0m  [["contact_email", "name@domain.co.uk"], ["contact_fax", "0207 777 7778"], ["contact_mobile", "07777 777777"], ["contact_phone", "0207 777 7777"], ["contact_social", "https://www.linkedin.com/in/xx-yy-zz-09a5b24/"], ["email", "name@domain.co.uk"], ["first_name", "Joe"], ["last_name", "Bloggs"], ["status", 201], ["status_description", "Success."], ["title", "Mr"], ["user_roles", "RMI User,RMI Tile,Organisation Administrator"], ["identifier_id", "777777777"], ["scheme_id", "SF-URN"]]
  ↳ app/services/migrate/data_migration.rb:68:in `block (2 levels) in migrate_users_to_db'
  [1m[36mTRANSACTION (22.4ms)[0m  [1m[35mCOMMIT[0m
  ↳ app/services/migrate/data_migration.rb:68:in `block (2 levels) in migrate_users_to_db'
Completed 200 OK in 100ms (Views: 0.4ms | ActiveRecord: 57.7ms | Allocations: 41813)


Started POST "/data-migration/migrate/format/csv" for ::1 at 2024-02-01 17:40:49 +0000
Processing by DataMigrationController#validate_as_csv as */*
  Parameters: {"file"=>#<ActionDispatch::Http::UploadedFile:0x00007fa35d11a410 @tempfile=#<Tempfile:/tmp/RackMultipart20240201-26387-c1dpnq.csv>, @content_type="text/csv", @original_filename="testFile.csv", @headers="Content-Disposition: form-data; name=\"file\"; filename=\"testFile.csv\"\r\nContent-Type: text/csv\r\n">}
  [1m[36mClient Load (0.2ms)[0m  [1m[34mSELECT "clients".* FROM "clients" WHERE "clients"."api_key" = $1 LIMIT $2[0m  [["api_key", "1237"], ["LIMIT", 1]]
  ↳ app/services/authorize/token.rb:10:in `client_auth'
  [1m[36mTRANSACTION (0.2ms)[0m  [1m[35mBEGIN[0m
  ↳ app/services/migrate/data_migration.rb:37:in `block in migrate_orgs_to_db'
  [1m[36mOrganisation Exists? (1.1ms)[0m  [1m[34mSELECT 1 AS one FROM "organisations" WHERE LOWER("organisations"."identifier_id") = LOWER($1) LIMIT $2[0m  [["identifier_id", "777777777"], ["LIMIT", 1]]
  ↳ app/services/migrate/data_migration.rb:37:in `block in migrate_orgs_to_db'
  [1m[36mTRANSACTION (0.1ms)[0m  [1m[31mROLLBACK[0m
  ↳ app/services/migrate/data_migration.rb:37:in `block in migrate_orgs_to_db'
  [1m[36mTRANSACTION (0.1ms)[0m  [1m[35mBEGIN[0m
  ↳ app/services/migrate/data_migration.rb:68:in `block (2 levels) in migrate_users_to_db'
  [1m[36mUser Exists? (0.7ms)[0m  [1m[34mSELECT 1 AS one FROM "users" WHERE LOWER("users"."email") = LOWER($1) LIMIT $2[0m  [["email", "name@domain.co.uk"], ["LIMIT", 1]]
  ↳ app/services/migrate/data_migration.rb:68:in `block (2 levels) in migrate_users_to_db'
  [1m[36mTRANSACTION (0.1ms)[0m  [1m[31mROLLBACK[0m
  ↳ app/services/migrate/data_migration.rb:68:in `block (2 levels) in migrate_users_to_db'
Completed 200 OK in 8ms (Views: 1.5ms | ActiveRecord: 2.4ms | Allocations: 5896)


Started POST "/data-migration/migrate/format/csv" for ::1 at 2024-02-01 17:41:29 +0000
Processing by DataMigrationController#validate_as_csv as */*
  Parameters: {"file"=>#<ActionDispatch::Http::UploadedFile:0x00007fa35d113660 @tempfile=#<Tempfile:/tmp/RackMultipart20240201-26387-6ej11y.csv>, @content_type="text/csv", @original_filename="testFile_OrgsUsers.csv", @headers="Content-Disposition: form-data; name=\"file\"; filename=\"testFile_OrgsUsers.csv\"\r\nContent-Type: text/csv\r\n">}
  [1m[36mClient Load (0.2ms)[0m  [1m[34mSELECT "clients".* FROM "clients" WHERE "clients"."api_key" = $1 LIMIT $2[0m  [["api_key", "1237"], ["LIMIT", 1]]
  ↳ app/services/authorize/token.rb:10:in `client_auth'
  [1m[36mTRANSACTION (0.2ms)[0m  [1m[35mBEGIN[0m
  ↳ app/services/migrate/data_migration.rb:37:in `block in migrate_orgs_to_db'
  [1m[36mOrganisation Exists? (0.9ms)[0m  [1m[34mSELECT 1 AS one FROM "organisations" WHERE LOWER("organisations"."identifier_id") = LOWER($1) LIMIT $2[0m  [["identifier_id", "777777777"], ["LIMIT", 1]]
  ↳ app/services/migrate/data_migration.rb:37:in `block in migrate_orgs_to_db'
  [1m[36mTRANSACTION (0.2ms)[0m  [1m[31mROLLBACK[0m
  ↳ app/services/migrate/data_migration.rb:37:in `block in migrate_orgs_to_db'
  [1m[36mTRANSACTION (0.2ms)[0m  [1m[35mBEGIN[0m
  ↳ app/services/migrate/data_migration.rb:37:in `block in migrate_orgs_to_db'
  [1m[36mOrganisation Exists? (0.8ms)[0m  [1m[34mSELECT 1 AS one FROM "organisations" WHERE LOWER("organisations"."identifier_id") = LOWER($1) LIMIT $2[0m  [["identifier_id", "555555555"], ["LIMIT", 1]]
  ↳ app/services/migrate/data_migration.rb:37:in `block in migrate_orgs_to_db'
  [1m[36mOrganisation Create (0.2ms)[0m  [1m[32mINSERT INTO "organisations" ("identifier_id", "org_roles", "right_to_buy", "scheme_id", "status", "status_description", "domain_name") VALUES ($1, $2, $3, $4, $5, $6, $7) RETURNING "org_id"[0m  [["identifier_id", "555555555"], ["org_roles", "RMI User,RMI Tile"], ["right_to_buy", false], ["scheme_id", "SF-URN"], ["status", 201], ["status_description", "Success."], ["domain_name", "domainxx.co.uk"]]
  ↳ app/services/migrate/data_migration.rb:37:in `block in migrate_orgs_to_db'
  [1m[36mTRANSACTION (10.1ms)[0m  [1m[35mCOMMIT[0m
  ↳ app/services/migrate/data_migration.rb:37:in `block in migrate_orgs_to_db'
  [1m[36mTRANSACTION (0.1ms)[0m  [1m[35mBEGIN[0m
  ↳ app/services/migrate/data_migration.rb:37:in `block in migrate_orgs_to_db'
  [1m[36mOrganisation Exists? (0.8ms)[0m  [1m[34mSELECT 1 AS one FROM "organisations" WHERE LOWER("organisations"."identifier_id") = LOWER($1) LIMIT $2[0m  [["identifier_id", "123456789"], ["LIMIT", 1]]
  ↳ app/services/migrate/data_migration.rb:37:in `block in migrate_orgs_to_db'
  [1m[36mOrganisation Create (0.2ms)[0m  [1m[32mINSERT INTO "organisations" ("identifier_id", "org_roles", "right_to_buy", "scheme_id", "status", "status_description", "domain_name") VALUES ($1, $2, $3, $4, $5, $6, $7) RETURNING "org_id"[0m  [["identifier_id", "123456789"], ["org_roles", "RMI User,RMI Tile"], ["right_to_buy", false], ["scheme_id", "SF-URN"], ["status", 201], ["status_description", "Success."], ["domain_name", "domaintwo.co.uk"]]
  ↳ app/services/migrate/data_migration.rb:37:in `block in migrate_orgs_to_db'
  [1m[36mTRANSACTION (7.6ms)[0m  [1m[35mCOMMIT[0m
  ↳ app/services/migrate/data_migration.rb:37:in `block in migrate_orgs_to_db'
  [1m[36mTRANSACTION (0.2ms)[0m  [1m[35mBEGIN[0m
  ↳ app/services/migrate/data_migration.rb:37:in `block in migrate_orgs_to_db'
  [1m[36mOrganisation Exists? (1.3ms)[0m  [1m[34mSELECT 1 AS one FROM "organisations" WHERE LOWER("organisations"."identifier_id") = LOWER($1) LIMIT $2[0m  [["identifier_id", "222222222"], ["LIMIT", 1]]
  ↳ app/services/migrate/data_migration.rb:37:in `block in migrate_orgs_to_db'
  [1m[36mOrganisation Create (0.2ms)[0m  [1m[32mINSERT INTO "organisations" ("identifier_id", "org_roles", "right_to_buy", "scheme_id", "status", "status_description", "domain_name") VALUES ($1, $2, $3, $4, $5, $6, $7) RETURNING "org_id"[0m  [["identifier_id", "222222222"], ["org_roles", "RMI User,RMI Tile"], ["right_to_buy", false], ["scheme_id", "SF-URN"], ["status", 201], ["status_description", "Success."], ["domain_name", "domainthree.co.uk"]]
  ↳ app/services/migrate/data_migration.rb:37:in `block in migrate_orgs_to_db'
  [1m[36mTRANSACTION (7.3ms)[0m  [1m[35mCOMMIT[0m
  ↳ app/services/migrate/data_migration.rb:37:in `block in migrate_orgs_to_db'
  [1m[36mTRANSACTION (0.2ms)[0m  [1m[35mBEGIN[0m
  ↳ app/services/migrate/data_migration.rb:68:in `block (2 levels) in migrate_users_to_db'
  [1m[36mUser Exists? (1.0ms)[0m  [1m[34mSELECT 1 AS one FROM "users" WHERE LOWER("users"."email") = LOWER($1) LIMIT $2[0m  [["email", "name1@domain.co.uk"], ["LIMIT", 1]]
  ↳ app/services/migrate/data_migration.rb:68:in `block (2 levels) in migrate_users_to_db'
  [1m[36mUser Create (0.2ms)[0m  [1m[32mINSERT INTO "users" ("contact_email", "contact_fax", "contact_mobile", "contact_phone", "contact_social", "email", "first_name", "last_name", "status", "status_description", "title", "user_roles", "identifier_id", "scheme_id") VALUES ($1, $2, $3, $4, $5, $6, $7, $8, $9, $10, $11, $12, $13, $14) RETURNING "user_id"[0m  [["contact_email", "name@domain.co.uk"], ["contact_fax", "0207 777 7771"], ["contact_mobile", "07777 777771"], ["contact_phone", "0207 777 7771"], ["contact_social", "https://www.linkedin.com/in/xx-yy-zz-09a5b11/"], ["email", "name1@domain.co.uk"], ["first_name", "Joe"], ["last_name", "Bloggs"], ["status", 201], ["status_description", "Success."], ["title", "Mr"], ["user_roles", "RMI User,RMI Tile,Organisation Administrator"], ["identifier_id", "777777777"], ["scheme_id", "SF-URN"]]
  ↳ app/services/migrate/data_migration.rb:68:in `block (2 levels) in migrate_users_to_db'
  [1m[36mTRANSACTION (7.9ms)[0m  [1m[35mCOMMIT[0m
  ↳ app/services/migrate/data_migration.rb:68:in `block (2 levels) in migrate_users_to_db'
  [1m[36mTRANSACTION (0.1ms)[0m  [1m[35mBEGIN[0m
  ↳ app/services/migrate/data_migration.rb:68:in `block (2 levels) in migrate_users_to_db'
  [1m[36mUser Exists? (0.7ms)[0m  [1m[34mSELECT 1 AS one FROM "users" WHERE LOWER("users"."email") = LOWER($1) LIMIT $2[0m  [["email", "name2@domain.co.uk"], ["LIMIT", 1]]
  ↳ app/services/migrate/data_migration.rb:68:in `block (2 levels) in migrate_users_to_db'
  [1m[36mUser Create (0.2ms)[0m  [1m[32mINSERT INTO "users" ("contact_email", "contact_fax", "contact_mobile", "contact_phone", "contact_social", "email", "first_name", "last_name", "status", "status_description", "title", "user_roles", "identifier_id", "scheme_id") VALUES ($1, $2, $3, $4, $5, $6, $7, $8, $9, $10, $11, $12, $13, $14) RETURNING "user_id"[0m  [["contact_email", "test@domain.co.uk"], ["contact_fax", "0207 777 7772"], ["contact_mobile", "07777 777772"], ["contact_phone", "0207 777 7772"], ["contact_social", "https://www.linkedin.com/in/xx-yy-zz-09a5b22/"], ["email", "name2@domain.co.uk"], ["first_name", "Test"], ["last_name", "Testing"], ["status", 201], ["status_description", "Success."], ["title", "Mr"], ["user_roles", "RMI User,RMI Tile,Organisation Administrator"], ["identifier_id", "777777777"], ["scheme_id", "SF-URN"]]
  ↳ app/services/migrate/data_migration.rb:68:in `block (2 levels) in migrate_users_to_db'
  [1m[36mTRANSACTION (8.5ms)[0m  [1m[35mCOMMIT[0m
  ↳ app/services/migrate/data_migration.rb:68:in `block (2 levels) in migrate_users_to_db'
  [1m[36mTRANSACTION (0.1ms)[0m  [1m[35mBEGIN[0m
  ↳ app/services/migrate/data_migration.rb:68:in `block (2 levels) in migrate_users_to_db'
  [1m[36mUser Exists? (0.7ms)[0m  [1m[34mSELECT 1 AS one FROM "users" WHERE LOWER("users"."email") = LOWER($1) LIMIT $2[0m  [["email", "name3@domain.co.uk"], ["LIMIT", 1]]
  ↳ app/services/migrate/data_migration.rb:68:in `block (2 levels) in migrate_users_to_db'
  [1m[36mUser Create (0.2ms)[0m  [1m[32mINSERT INTO "users" ("contact_email", "contact_fax", "contact_mobile", "contact_phone", "contact_social", "email", "first_name", "last_name", "status", "status_description", "title", "user_roles", "identifier_id", "scheme_id") VALUES ($1, $2, $3, $4, $5, $6, $7, $8, $9, $10, $11, $12, $13, $14) RETURNING "user_id"[0m  [["contact_email", "test2@domain.co.uk"], ["contact_fax", "0207 777 7773"], ["contact_mobile", "07777 777773"], ["contact_phone", "0207 777 7773"], ["contact_social", "https://www.linkedin.com/in/xx-yy-zz-09a5b33/"], ["email", "name3@domain.co.uk"], ["first_name", "Jane"], ["last_name", "Bloggs"], ["status", 201], ["status_description", "Success."], ["title", "Mrs"], ["user_roles", "RMI User,RMI Tile,Organisation Administrator"], ["identifier_id", "777777777"], ["scheme_id", "SF-URN"]]
  ↳ app/services/migrate/data_migration.rb:68:in `block (2 levels) in migrate_users_to_db'
  [1m[36mTRANSACTION (8.4ms)[0m  [1m[35mCOMMIT[0m
  ↳ app/services/migrate/data_migration.rb:68:in `block (2 levels) in migrate_users_to_db'
  [1m[36mTRANSACTION (0.2ms)[0m  [1m[35mBEGIN[0m
  ↳ app/services/migrate/data_migration.rb:68:in `block (2 levels) in migrate_users_to_db'
  [1m[36mUser Exists? (1.0ms)[0m  [1m[34mSELECT 1 AS one FROM "users" WHERE LOWER("users"."email") = LOWER($1) LIMIT $2[0m  [["email", "xnamex@domainxx.co.uk"], ["LIMIT", 1]]
  ↳ app/services/migrate/data_migration.rb:68:in `block (2 levels) in migrate_users_to_db'
  [1m[36mUser Create (0.3ms)[0m  [1m[32mINSERT INTO "users" ("contact_email", "contact_fax", "contact_mobile", "contact_phone", "contact_social", "email", "first_name", "last_name", "status", "status_description", "title", "user_roles", "identifier_id", "scheme_id") VALUES ($1, $2, $3, $4, $5, $6, $7, $8, $9, $10, $11, $12, $13, $14) RETURNING "user_id"[0m  [["contact_email", "test2222222@domainxx.co.uk"], ["contact_fax", "0207 777 7778"], ["contact_mobile", "07777 777777"], ["contact_phone", "0207 777 7777"], ["contact_social", "https://www.linkedin.com/in/xx-yy-zz-09a5b24/"], ["email", "xnamex@domainxx.co.uk"], ["first_name", "John"], ["last_name", "Doe"], ["status", 201], ["status_description", "Success."], ["title", "Mr"], ["user_roles", "RMI User,RMI Tile,Organisation Administrator"], ["identifier_id", "555555555"], ["scheme_id", "SF-URN"]]
  ↳ app/services/migrate/data_migration.rb:68:in `block (2 levels) in migrate_users_to_db'
  [1m[36mTRANSACTION (7.9ms)[0m  [1m[35mCOMMIT[0m
  ↳ app/services/migrate/data_migration.rb:68:in `block (2 levels) in migrate_users_to_db'
  [1m[36mTRANSACTION (0.2ms)[0m  [1m[35mBEGIN[0m
  ↳ app/services/migrate/data_migration.rb:68:in `block (2 levels) in migrate_users_to_db'
  [1m[36mUser Exists? (0.8ms)[0m  [1m[34mSELECT 1 AS one FROM "users" WHERE LOWER("users"."email") = LOWER($1) LIMIT $2[0m  [["email", "name1@domaintwo.co.uk"], ["LIMIT", 1]]
  ↳ app/services/migrate/data_migration.rb:68:in `block (2 levels) in migrate_users_to_db'
  [1m[36mUser Create (0.2ms)[0m  [1m[32mINSERT INTO "users" ("contact_email", "contact_fax", "contact_mobile", "contact_phone", "contact_social", "email", "first_name", "last_name", "status", "status_description", "title", "user_roles", "identifier_id", "scheme_id") VALUES ($1, $2, $3, $4, $5, $6, $7, $8, $9, $10, $11, $12, $13, $14) RETURNING "user_id"[0m  [["contact_email", "testA@test.com"], ["contact_fax", "0207 777 7778"], ["contact_mobile", "07777 777779"], ["contact_phone", "0207 777 7779"], ["contact_social", "https://www.linkedin.com/in/xx-yy-zz-09a5b24/"], ["email", "name1@domaintwo.co.uk"], ["first_name", "A"], ["last_name", "Test"], ["status", 201], ["status_description", "Success."], ["title", "Mr"], ["user_roles", "RMI User,RMI Tile,Organisation Administrator"], ["identifier_id", "123456789"], ["scheme_id", "SF-URN"]]
  ↳ app/services/migrate/data_migration.rb:68:in `block (2 levels) in migrate_users_to_db'
  [1m[36mTRANSACTION (8.3ms)[0m  [1m[35mCOMMIT[0m
  ↳ app/services/migrate/data_migration.rb:68:in `block (2 levels) in migrate_users_to_db'
  [1m[36mTRANSACTION (0.2ms)[0m  [1m[35mBEGIN[0m
  ↳ app/services/migrate/data_migration.rb:68:in `block (2 levels) in migrate_users_to_db'
  [1m[36mUser Exists? (1.0ms)[0m  [1m[34mSELECT 1 AS one FROM "users" WHERE LOWER("users"."email") = LOWER($1) LIMIT $2[0m  [["email", "name2@domaintwo.co.uk"], ["LIMIT", 1]]
  ↳ app/services/migrate/data_migration.rb:68:in `block (2 levels) in migrate_users_to_db'
  [1m[36mUser Create (0.2ms)[0m  [1m[32mINSERT INTO "users" ("contact_email", "contact_fax", "contact_mobile", "contact_phone", "contact_social", "email", "first_name", "last_name", "status", "status_description", "title", "user_roles", "identifier_id", "scheme_id") VALUES ($1, $2, $3, $4, $5, $6, $7, $8, $9, $10, $11, $12, $13, $14) RETURNING "user_id"[0m  [["contact_email", "testB@test.com"], ["contact_fax", "0207 777 7778"], ["contact_mobile", "07777 777779"], ["contact_phone", "0207 777 7779"], ["contact_social", "https://www.linkedin.com/in/xx-yy-zz-09a5b24/"], ["email", "name2@domaintwo.co.uk"], ["first_name", "B"], ["last_name", "Test"], ["status", 201], ["status_description", "Success."], ["title", "Mr"], ["user_roles", "RMI User,RMI Tile,Organisation Administrator"], ["identifier_id", "123456789"], ["scheme_id", "SF-URN"]]
  ↳ app/services/migrate/data_migration.rb:68:in `block (2 levels) in migrate_users_to_db'
  [1m[36mTRANSACTION (8.0ms)[0m  [1m[35mCOMMIT[0m
  ↳ app/services/migrate/data_migration.rb:68:in `block (2 levels) in migrate_users_to_db'
  [1m[36mTRANSACTION (0.2ms)[0m  [1m[35mBEGIN[0m
  ↳ app/services/migrate/data_migration.rb:68:in `block (2 levels) in migrate_users_to_db'
  [1m[36mUser Exists? (1.0ms)[0m  [1m[34mSELECT 1 AS one FROM "users" WHERE LOWER("users"."email") = LOWER($1) LIMIT $2[0m  [["email", "name3@domaintwo.co.uk"], ["LIMIT", 1]]
  ↳ app/services/migrate/data_migration.rb:68:in `block (2 levels) in migrate_users_to_db'
  [1m[36mUser Create (0.1ms)[0m  [1m[32mINSERT INTO "users" ("contact_email", "contact_fax", "contact_mobile", "contact_phone", "contact_social", "email", "first_name", "last_name", "status", "status_description", "title", "user_roles", "identifier_id", "scheme_id") VALUES ($1, $2, $3, $4, $5, $6, $7, $8, $9, $10, $11, $12, $13, $14) RETURNING "user_id"[0m  [["contact_email", "testC@test.com"], ["contact_fax", "0207 777 7778"], ["contact_mobile", "07777 777779"], ["contact_phone", "0207 777 7779"], ["contact_social", "https://www.linkedin.com/in/xx-yy-zz-09a5b24/"], ["email", "name3@domaintwo.co.uk"], ["first_name", "C"], ["last_name", "Test"], ["status", 201], ["status_description", "Success."], ["title", "Mr"], ["user_roles", "RMI User,RMI Tile,Organisation Administrator"], ["identifier_id", "123456789"], ["scheme_id", "SF-URN"]]
  ↳ app/services/migrate/data_migration.rb:68:in `block (2 levels) in migrate_users_to_db'
  [1m[36mTRANSACTION (8.2ms)[0m  [1m[35mCOMMIT[0m
  ↳ app/services/migrate/data_migration.rb:68:in `block (2 levels) in migrate_users_to_db'
  [1m[36mTRANSACTION (0.1ms)[0m  [1m[35mBEGIN[0m
  ↳ app/services/migrate/data_migration.rb:68:in `block (2 levels) in migrate_users_to_db'
  [1m[36mUser Exists? (0.7ms)[0m  [1m[34mSELECT 1 AS one FROM "users" WHERE LOWER("users"."email") = LOWER($1) LIMIT $2[0m  [["email", "name@domainthree.co.uk"], ["LIMIT", 1]]
  ↳ app/services/migrate/data_migration.rb:68:in `block (2 levels) in migrate_users_to_db'
  [1m[36mUser Create (0.2ms)[0m  [1m[32mINSERT INTO "users" ("contact_email", "contact_fax", "contact_mobile", "contact_phone", "contact_social", "email", "first_name", "last_name", "status", "status_description", "title", "user_roles", "identifier_id", "scheme_id") VALUES ($1, $2, $3, $4, $5, $6, $7, $8, $9, $10, $11, $12, $13, $14) RETURNING "user_id"[0m  [["contact_email", "testtttttttt@xt.com"], ["contact_fax", "0207 777 7778"], ["contact_mobile", "07777 777777"], ["contact_phone", "0207 777 7777"], ["contact_social", "https://www.linkedin.com/in/xx-yy-zz-09a5b24/"], ["email", "name@domainthree.co.uk"], ["first_name", "Sally"], ["last_name", "Smith"], ["status", 201], ["status_description", "Success."], ["title", "Mrs"], ["user_roles", "RMI User,RMI Tile,Organisation Administrator"], ["identifier_id", "222222222"], ["scheme_id", "SF-URN"]]
  ↳ app/services/migrate/data_migration.rb:68:in `block (2 levels) in migrate_users_to_db'
  [1m[36mTRANSACTION (8.2ms)[0m  [1m[35mCOMMIT[0m
  ↳ app/services/migrate/data_migration.rb:68:in `block (2 levels) in migrate_users_to_db'
Completed 200 OK in 130ms (Views: 0.7ms | ActiveRecord: 105.6ms | Allocations: 28619)


Started POST "/data-migration/migrate/format/csv" for ::1 at 2024-02-01 17:42:20 +0000
Processing by DataMigrationController#validate_as_csv as */*
  Parameters: {"file"=>#<ActionDispatch::Http::UploadedFile:0x00007fa35cdce658 @tempfile=#<Tempfile:/tmp/RackMultipart20240201-26387-bwg0me.csv>, @content_type="text/csv", @original_filename="testFile_users.csv", @headers="Content-Disposition: form-data; name=\"file\"; filename=\"testFile_users.csv\"\r\nContent-Type: text/csv\r\n">}
  [1m[36mClient Load (0.2ms)[0m  [1m[34mSELECT "clients".* FROM "clients" WHERE "clients"."api_key" = $1 LIMIT $2[0m  [["api_key", "1237"], ["LIMIT", 1]]
  ↳ app/services/authorize/token.rb:10:in `client_auth'
  [1m[36mTRANSACTION (0.1ms)[0m  [1m[35mBEGIN[0m
  ↳ app/services/migrate/data_migration.rb:37:in `block in migrate_orgs_to_db'
  [1m[36mOrganisation Exists? (0.7ms)[0m  [1m[34mSELECT 1 AS one FROM "organisations" WHERE LOWER("organisations"."identifier_id") = LOWER($1) LIMIT $2[0m  [["identifier_id", "777777777"], ["LIMIT", 1]]
  ↳ app/services/migrate/data_migration.rb:37:in `block in migrate_orgs_to_db'
  [1m[36mTRANSACTION (0.2ms)[0m  [1m[31mROLLBACK[0m
  ↳ app/services/migrate/data_migration.rb:37:in `block in migrate_orgs_to_db'
  [1m[36mTRANSACTION (0.1ms)[0m  [1m[35mBEGIN[0m
  ↳ app/services/migrate/data_migration.rb:68:in `block (2 levels) in migrate_users_to_db'
  [1m[36mUser Exists? (8.1ms)[0m  [1m[34mSELECT 1 AS one FROM "users" WHERE LOWER("users"."email") = LOWER($1) LIMIT $2[0m  [["email", "name1@domain.co.uk"], ["LIMIT", 1]]
  ↳ app/services/migrate/data_migration.rb:68:in `block (2 levels) in migrate_users_to_db'
  [1m[36mTRANSACTION (0.1ms)[0m  [1m[31mROLLBACK[0m
  ↳ app/services/migrate/data_migration.rb:68:in `block (2 levels) in migrate_users_to_db'
  [1m[36mTRANSACTION (0.1ms)[0m  [1m[35mBEGIN[0m
  ↳ app/services/migrate/data_migration.rb:68:in `block (2 levels) in migrate_users_to_db'
  [1m[36mUser Exists? (0.8ms)[0m  [1m[34mSELECT 1 AS one FROM "users" WHERE LOWER("users"."email") = LOWER($1) LIMIT $2[0m  [["email", "name2@domain.co.uk"], ["LIMIT", 1]]
  ↳ app/services/migrate/data_migration.rb:68:in `block (2 levels) in migrate_users_to_db'
  [1m[36mTRANSACTION (0.1ms)[0m  [1m[31mROLLBACK[0m
  ↳ app/services/migrate/data_migration.rb:68:in `block (2 levels) in migrate_users_to_db'
  [1m[36mTRANSACTION (0.1ms)[0m  [1m[35mBEGIN[0m
  ↳ app/services/migrate/data_migration.rb:68:in `block (2 levels) in migrate_users_to_db'
  [1m[36mUser Exists? (0.8ms)[0m  [1m[34mSELECT 1 AS one FROM "users" WHERE LOWER("users"."email") = LOWER($1) LIMIT $2[0m  [["email", "name3@domain.co.uk"], ["LIMIT", 1]]
  ↳ app/services/migrate/data_migration.rb:68:in `block (2 levels) in migrate_users_to_db'
  [1m[36mTRANSACTION (0.1ms)[0m  [1m[31mROLLBACK[0m
  ↳ app/services/migrate/data_migration.rb:68:in `block (2 levels) in migrate_users_to_db'
Completed 200 OK in 20ms (Views: 0.9ms | ActiveRecord: 11.4ms | Allocations: 9190)


Started POST "/data-migration/migrate/format/csv" for ::1 at 2024-05-30 15:35:17 +0100
  [1m[36mActiveRecord::SchemaMigration Load (0.3ms)[0m  [1m[34mSELECT "schema_migrations"."version" FROM "schema_migrations" ORDER BY "schema_migrations"."version" ASC[0m
Processing by DataMigrationController#validate_as_csv as */*
  Parameters: {"file"=>#<ActionDispatch::Http::UploadedFile:0x00007c59de015e78 @tempfile=#<Tempfile:/tmp/RackMultipart20240530-26664-dwcaeh.csv>, @content_type="text/csv", @original_filename="test.csv", @headers="Content-Disposition: form-data; name=\"file\"; filename=\"test.csv\"\r\nContent-Type: text/csv\r\n">}
  [1m[36mClient Load (0.3ms)[0m  [1m[34mSELECT "clients".* FROM "clients" WHERE "clients"."api_key" = $1 LIMIT $2[0m  [["api_key", "1237"], ["LIMIT", 1]]
  ↳ app/services/authorize/token.rb:10:in `client_auth'
Completed 422 Unprocessable Entity in 1088ms (Views: 0.2ms | ActiveRecord: 1065.6ms | Allocations: 16535)


Started POST "/data-migration/migrate/format/csv" for ::1 at 2024-05-30 15:39:04 +0100
Processing by DataMigrationController#validate_as_csv as */*
  Parameters: {"file"=>#<ActionDispatch::Http::UploadedFile:0x00007c59ddb03b10 @tempfile=#<Tempfile:/tmp/RackMultipart20240530-26664-jrdyjs.csv>, @content_type="text/csv", @original_filename="DMTesting-15042024 (1).csv", @headers="Content-Disposition: form-data; name=\"file\"; filename=\"DMTesting-15042024 (1).csv\"\r\nContent-Type: text/csv\r\n">}
  [1m[36mClient Load (0.3ms)[0m  [1m[34mSELECT "clients".* FROM "clients" WHERE "clients"."api_key" = $1 LIMIT $2[0m  [["api_key", "1237"], ["LIMIT", 1]]
  ↳ app/services/authorize/token.rb:10:in `client_auth'
  [1m[36mTRANSACTION (0.4ms)[0m  [1m[35mBEGIN[0m
  ↳ app/services/migrate/data_migration.rb:37:in `block in migrate_orgs_to_db'
  [1m[36mOrganisation Exists? (0.5ms)[0m  [1m[34mSELECT 1 AS one FROM "organisations" WHERE LOWER("organisations"."identifier_id") = LOWER($1) LIMIT $2[0m  [["identifier_id", "001b000003V2vepAAB"], ["LIMIT", 1]]
  ↳ app/services/migrate/data_migration.rb:37:in `block in migrate_orgs_to_db'
  [1m[36mOrganisation Create (63.5ms)[0m  [1m[32mINSERT INTO "organisations" ("identifier_id", "org_roles", "right_to_buy", "scheme_id", "status", "status_description", "domain_name") VALUES ($1, $2, $3, $4, $5, $6, $7) RETURNING "org_id"[0m  [["identifier_id", "001b000003V2vepAAB"], ["org_roles", "RMI Tile"], ["right_to_buy", false], ["scheme_id", "SF-ID"], ["status", 201], ["status_description", "Success."], ["domain_name", "mailinator.com"]]
  ↳ app/services/migrate/data_migration.rb:37:in `block in migrate_orgs_to_db'
  [1m[36mTRANSACTION (423.6ms)[0m  [1m[35mCOMMIT[0m
  ↳ app/services/migrate/data_migration.rb:37:in `block in migrate_orgs_to_db'
  [1m[36mTRANSACTION (0.2ms)[0m  [1m[35mBEGIN[0m
  ↳ app/services/migrate/data_migration.rb:68:in `block (2 levels) in migrate_users_to_db'
  [1m[36mUser Exists? (1.2ms)[0m  [1m[34mSELECT 1 AS one FROM "users" WHERE LOWER("users"."email") = LOWER($1) LIMIT $2[0m  [["email", "neworg1datamigrationuser0804demo1user01@mailinator.com"], ["LIMIT", 1]]
  ↳ app/services/migrate/data_migration.rb:68:in `block (2 levels) in migrate_users_to_db'
  [1m[36mUser Create (432.1ms)[0m  [1m[32mINSERT INTO "users" ("contact_email", "contact_fax", "contact_mobile", "contact_phone", "contact_social", "email", "first_name", "last_name", "status", "status_description", "title", "user_roles", "identifier_id", "scheme_id") VALUES ($1, $2, $3, $4, $5, $6, $7, $8, $9, $10, $11, $12, $13, $14) RETURNING "user_id"[0m  [["contact_email", "contact1@domain.co.uk"], ["contact_fax", "+44 (948) 459-3973"], ["contact_mobile", "+44 (994) 522-3827"], ["contact_phone", "+44 (876) 569-2322"], ["contact_social", "www.test.com"], ["email", "neworg1datamigrationuser0804demo1user01@mailinator.com"], ["first_name", "AB"], ["last_name", "Bloggs"], ["status", 201], ["status_description", "Success."], ["title", "Mr"], ["user_roles", "RMI Tile,RMI User,Access Data Migration,Organisation Administrator"], ["identifier_id", "001b000003V2vepAAB"], ["scheme_id", "SF-ID"]]
  ↳ app/services/migrate/data_migration.rb:68:in `block (2 levels) in migrate_users_to_db'
  [1m[36mTRANSACTION (474.8ms)[0m  [1m[35mCOMMIT[0m
  ↳ app/services/migrate/data_migration.rb:68:in `block (2 levels) in migrate_users_to_db'
  [1m[36mTRANSACTION (0.2ms)[0m  [1m[35mBEGIN[0m
  ↳ app/services/migrate/data_migration.rb:68:in `block (2 levels) in migrate_users_to_db'
  [1m[36mUser Exists? (1.0ms)[0m  [1m[34mSELECT 1 AS one FROM "users" WHERE LOWER("users"."email") = LOWER($1) LIMIT $2[0m  [["email", "neworg1datamigrationuser0804demo1user02@mailinator.com"], ["LIMIT", 1]]
  ↳ app/services/migrate/data_migration.rb:68:in `block (2 levels) in migrate_users_to_db'
  [1m[36mUser Create (0.2ms)[0m  [1m[32mINSERT INTO "users" ("contact_email", "contact_fax", "contact_mobile", "contact_phone", "contact_social", "email", "first_name", "last_name", "status", "status_description", "title", "user_roles", "identifier_id", "scheme_id") VALUES ($1, $2, $3, $4, $5, $6, $7, $8, $9, $10, $11, $12, $13, $14) RETURNING "user_id"[0m  [["contact_email", "contact1@domain.co.uk"], ["contact_fax", "+44 (824) 506-3143"], ["contact_mobile", "+44 (927) 462-2038"], ["contact_phone", "+44 (980) 473-2799"], ["contact_social", "www.test.com"], ["email", "neworg1datamigrationuser0804demo1user02@mailinator.com"], ["first_name", "BC"], ["last_name", "Bloggs"], ["status", 201], ["status_description", "Success."], ["title", "Mr"], ["user_roles", "RMI Tile,RMI User,Access Data Migration"], ["identifier_id", "001b000003V2vepAAB"], ["scheme_id", "SF-ID"]]
  ↳ app/services/migrate/data_migration.rb:68:in `block (2 levels) in migrate_users_to_db'
  [1m[36mTRANSACTION (310.3ms)[0m  [1m[35mCOMMIT[0m
  ↳ app/services/migrate/data_migration.rb:68:in `block (2 levels) in migrate_users_to_db'
  [1m[36mTRANSACTION (0.2ms)[0m  [1m[35mBEGIN[0m
  ↳ app/services/migrate/data_migration.rb:68:in `block (2 levels) in migrate_users_to_db'
  [1m[36mUser Exists? (1.0ms)[0m  [1m[34mSELECT 1 AS one FROM "users" WHERE LOWER("users"."email") = LOWER($1) LIMIT $2[0m  [["email", "neworg1datamigrationuser0804demo1user03@mailinator.com"], ["LIMIT", 1]]
  ↳ app/services/migrate/data_migration.rb:68:in `block (2 levels) in migrate_users_to_db'
  [1m[36mUser Create (0.3ms)[0m  [1m[32mINSERT INTO "users" ("contact_email", "contact_fax", "contact_mobile", "contact_phone", "contact_social", "email", "first_name", "last_name", "status", "status_description", "title", "user_roles", "identifier_id", "scheme_id") VALUES ($1, $2, $3, $4, $5, $6, $7, $8, $9, $10, $11, $12, $13, $14) RETURNING "user_id"[0m  [["contact_email", "contact1@domain.co.uk"], ["contact_fax", "+44 (967) 591-2103"], ["contact_mobile", "+44 (857) 499-2673"], ["contact_phone", "+44 (825) 444-3567"], ["contact_social", "www.test.com"], ["email", "neworg1datamigrationuser0804demo1user03@mailinator.com"], ["first_name", "CD"], ["last_name", "Bloggs"], ["status", 201], ["status_description", "Success."], ["title", "Mr"], ["user_roles", "RMI Tile,RMI User,Access Data Migration"], ["identifier_id", "001b000003V2vepAAB"], ["scheme_id", "SF-ID"]]
  ↳ app/services/migrate/data_migration.rb:68:in `block (2 levels) in migrate_users_to_db'
  [1m[36mTRANSACTION (530.7ms)[0m  [1m[35mCOMMIT[0m
  ↳ app/services/migrate/data_migration.rb:68:in `block (2 levels) in migrate_users_to_db'
  [1m[36mTRANSACTION (0.2ms)[0m  [1m[35mBEGIN[0m
  ↳ app/services/migrate/data_migration.rb:68:in `block (2 levels) in migrate_users_to_db'
  [1m[36mUser Exists? (1.1ms)[0m  [1m[34mSELECT 1 AS one FROM "users" WHERE LOWER("users"."email") = LOWER($1) LIMIT $2[0m  [["email", "neworg1datamigrationuser0804demo1user04@mailinator.com"], ["LIMIT", 1]]
  ↳ app/services/migrate/data_migration.rb:68:in `block (2 levels) in migrate_users_to_db'
  [1m[36mUser Create (0.2ms)[0m  [1m[32mINSERT INTO "users" ("contact_email", "contact_fax", "contact_mobile", "contact_phone", "contact_social", "email", "first_name", "last_name", "status", "status_description", "title", "user_roles", "identifier_id", "scheme_id") VALUES ($1, $2, $3, $4, $5, $6, $7, $8, $9, $10, $11, $12, $13, $14) RETURNING "user_id"[0m  [["contact_email", "contact1@domain.co.uk"], ["contact_fax", "+44 (915) 454-2949"], ["contact_mobile", "+44 (998) 533-3962"], ["contact_phone", "+44 (848) 441-3096"], ["contact_social", "www.test.com"], ["email", "neworg1datamigrationuser0804demo1user04@mailinator.com"], ["first_name", "DE"], ["last_name", "Bloggs"], ["status", 201], ["status_description", "Success."], ["title", "Mr"], ["user_roles", "RMI Tile,RMI User,Access Data Migration"], ["identifier_id", "001b000003V2vepAAB"], ["scheme_id", "SF-ID"]]
  ↳ app/services/migrate/data_migration.rb:68:in `block (2 levels) in migrate_users_to_db'
  [1m[36mTRANSACTION (405.2ms)[0m  [1m[35mCOMMIT[0m
  ↳ app/services/migrate/data_migration.rb:68:in `block (2 levels) in migrate_users_to_db'
  [1m[36mTRANSACTION (0.2ms)[0m  [1m[35mBEGIN[0m
  ↳ app/services/migrate/data_migration.rb:68:in `block (2 levels) in migrate_users_to_db'
  [1m[36mUser Exists? (0.9ms)[0m  [1m[34mSELECT 1 AS one FROM "users" WHERE LOWER("users"."email") = LOWER($1) LIMIT $2[0m  [["email", "neworg1datamigrationuser0804demo1user05@mailinator.com"], ["LIMIT", 1]]
  ↳ app/services/migrate/data_migration.rb:68:in `block (2 levels) in migrate_users_to_db'
  [1m[36mUser Create (0.3ms)[0m  [1m[32mINSERT INTO "users" ("contact_email", "contact_fax", "contact_mobile", "contact_phone", "contact_social", "email", "first_name", "last_name", "status", "status_description", "title", "user_roles", "identifier_id", "scheme_id") VALUES ($1, $2, $3, $4, $5, $6, $7, $8, $9, $10, $11, $12, $13, $14) RETURNING "user_id"[0m  [["contact_email", "contact1@domain.co.uk"], ["contact_fax", "+44 (962) 480-3513"], ["contact_mobile", "+44 (909) 520-2519"], ["contact_phone", "+44 (951) 489-3270"], ["contact_social", "www.test.com"], ["email", "neworg1datamigrationuser0804demo1user05@mailinator.com"], ["first_name", "EF"], ["last_name", "Bloggs"], ["status", 201], ["status_description", "Success."], ["title", "Mr"], ["user_roles", "RMI Tile,RMI User,Access Data Migration"], ["identifier_id", "001b000003V2vepAAB"], ["scheme_id", "SF-ID"]]
  ↳ app/services/migrate/data_migration.rb:68:in `block (2 levels) in migrate_users_to_db'
  [1m[36mTRANSACTION (523.4ms)[0m  [1m[35mCOMMIT[0m
  ↳ app/services/migrate/data_migration.rb:68:in `block (2 levels) in migrate_users_to_db'
Completed 500 Internal Server Error in 3287ms (ActiveRecord: 3238.6ms | Allocations: 38694)


  
NameError (undefined local variable or method `error' for #<Migrate::Cii:0x00007c59de0de530 @api_key="1235", @data=[{"identifier-id"=>"001b000003V2vepAAB", "scheme-id"=>"SF-ID", "rightToBuy"=>"false", "domainName"=>"mailinator.com", "orgRoles"=>[{"name"=>"RMI Tile"}], "user"=>[{"email"=>"neworg1datamigrationuser0804demo1user01@mailinator.com", "title"=>"Mr", "firstName"=>"AB", "lastName"=>"Bloggs", "contactEmail"=>"contact1@domain.co.uk", "contactMobile"=>"+44 (994) 522-3827", "contactPhone"=>"+44 (876) 569-2322", "contactFax"=>"+44 (948) 459-3973", "contactSocial"=>"www.test.com", "userRoles"=>[{"name"=>"RMI Tile"}, {"name"=>"RMI User"}, {"name"=>"Access Data Migration"}, {"name"=>"Organisation Administrator"}]}, {"email"=>"neworg1datamigrationuser0804demo1user02@mailinator.com", "title"=>"Mr", "firstName"=>"BC", "lastName"=>"Bloggs", "contactEmail"=>"contact1@domain.co.uk", "contactMobile"=>"+44 (927) 462-2038", "contactPhone"=>"+44 (980) 473-2799", "contactFax"=>"+44 (824) 506-3143", "contactSocial"=>"www.test.com", "userRoles"=>[{"name"=>"RMI Tile"}, {"name"=>"RMI User"}, {"name"=>"Access Data Migration"}]}, {"email"=>"neworg1datamigrationuser0804demo1user03@mailinator.com", "title"=>"Mr", "firstName"=>"CD", "lastName"=>"Bloggs", "contactEmail"=>"contact1@domain.co.uk", "contactMobile"=>"+44 (857) 499-2673", "contactPhone"=>"+44 (825) 444-3567", "contactFax"=>"+44 (967) 591-2103", "contactSocial"=>"www.test.com", "userRoles"=>[{"name"=>"RMI Tile"}, {"name"=>"RMI User"}, {"name"=>"Access Data Migration"}]}, {"email"=>"neworg1datamigrationuser0804demo1user04@mailinator.com", "title"=>"Mr", "firstName"=>"DE", "lastName"=>"Bloggs", "contactEmail"=>"contact1@domain.co.uk", "contactMobile"=>"+44 (998) 533-3962", "contactPhone"=>"+44 (848) 441-3096", "contactFax"=>"+44 (915) 454-2949", "contactSocial"=>"www.test.com", "userRoles"=>[{"name"=>"RMI Tile"}, {"name"=>"RMI User"}, {"name"=>"Access Data Migration"}]}, {"email"=>"neworg1datamigrationuser0804demo1user05@mailinator.com", "title"=>"Mr", "firstName"=>"EF", "lastName"=>"Bloggs", "contactEmail"=>"contact1@domain.co.uk", "contactMobile"=>"+44 (909) 520-2519", "contactPhone"=>"+44 (951) 489-3270", "contactFax"=>"+44 (962) 480-3513", "contactSocial"=>"www.test.com", "userRoles"=>[{"name"=>"RMI Tile"}, {"name"=>"RMI User"}, {"name"=>"Access Data Migration"}]}]}], @orgErrorsList=[], @orgSuccessList=[]>):
  
app/services/migrate/cii.rb:88:in `log_error'
app/services/migrate/cii.rb:60:in `rescue in post_data_to_cii'
app/services/migrate/cii.rb:55:in `post_data_to_cii'
app/services/migrate/cii.rb:24:in `block in migrate_orgs_to_cii'
app/services/migrate/cii.rb:23:in `each'
app/services/migrate/cii.rb:23:in `migrate_orgs_to_cii'
app/services/migrate/cii.rb:15:in `migrate_orgs'
app/controllers/data_migration_controller.rb:132:in `process_json_data'
app/controllers/data_migration_controller.rb:72:in `process_csv_data'
app/controllers/data_migration_controller.rb:15:in `validate_as_csv'
Started POST "/data-migration/migrate/format/csv" for ::1 at 2024-05-30 15:45:51 +0100
Processing by DataMigrationController#validate_as_csv as */*
  Parameters: {"file"=>#<ActionDispatch::Http::UploadedFile:0x00007c59dd93b9b8 @tempfile=#<Tempfile:/tmp/RackMultipart20240530-26664-elh85y.csv>, @content_type="text/csv", @original_filename="DMTesting-15042024 (1).csv", @headers="Content-Disposition: form-data; name=\"file\"; filename=\"DMTesting-15042024 (1).csv\"\r\nContent-Type: text/csv\r\n">}
  [1m[36mClient Load (0.2ms)[0m  [1m[34mSELECT "clients".* FROM "clients" WHERE "clients"."api_key" = $1 LIMIT $2[0m  [["api_key", "1237"], ["LIMIT", 1]]
  ↳ app/services/authorize/token.rb:10:in `client_auth'
  [1m[36mTRANSACTION (0.1ms)[0m  [1m[35mBEGIN[0m
  ↳ app/services/migrate/data_migration.rb:37:in `block in migrate_orgs_to_db'
  [1m[36mOrganisation Exists? (0.3ms)[0m  [1m[34mSELECT 1 AS one FROM "organisations" WHERE LOWER("organisations"."identifier_id") = LOWER($1) LIMIT $2[0m  [["identifier_id", "001b000003V2vepAAB"], ["LIMIT", 1]]
  ↳ app/services/migrate/data_migration.rb:37:in `block in migrate_orgs_to_db'
  [1m[36mOrganisation Create (0.2ms)[0m  [1m[32mINSERT INTO "organisations" ("identifier_id", "org_roles", "right_to_buy", "scheme_id", "status", "status_description", "domain_name") VALUES ($1, $2, $3, $4, $5, $6, $7) RETURNING "org_id"[0m  [["identifier_id", "001b000003V2vepAAB"], ["org_roles", "RMI Tile"], ["right_to_buy", false], ["scheme_id", "SF-ID"], ["status", 201], ["status_description", "Success."], ["domain_name", "mailinator.com"]]
  ↳ app/services/migrate/data_migration.rb:37:in `block in migrate_orgs_to_db'
  [1m[36mTRANSACTION (24.9ms)[0m  [1m[35mCOMMIT[0m
  ↳ app/services/migrate/data_migration.rb:37:in `block in migrate_orgs_to_db'
  [1m[36mTRANSACTION (0.3ms)[0m  [1m[35mBEGIN[0m
  ↳ app/services/migrate/data_migration.rb:68:in `block (2 levels) in migrate_users_to_db'
  [1m[36mUser Exists? (1.2ms)[0m  [1m[34mSELECT 1 AS one FROM "users" WHERE LOWER("users"."email") = LOWER($1) LIMIT $2[0m  [["email", "neworg1datamigrationuser0804demo1user01@mailinator.com"], ["LIMIT", 1]]
  ↳ app/services/migrate/data_migration.rb:68:in `block (2 levels) in migrate_users_to_db'
  [1m[36mUser Create (0.2ms)[0m  [1m[32mINSERT INTO "users" ("contact_email", "contact_fax", "contact_mobile", "contact_phone", "contact_social", "email", "first_name", "last_name", "status", "status_description", "title", "user_roles", "identifier_id", "scheme_id") VALUES ($1, $2, $3, $4, $5, $6, $7, $8, $9, $10, $11, $12, $13, $14) RETURNING "user_id"[0m  [["contact_email", "contact1@domain.co.uk"], ["contact_fax", "+44 (948) 459-3973"], ["contact_mobile", "+44 (994) 522-3827"], ["contact_phone", "+44 (876) 569-2322"], ["contact_social", "www.test.com"], ["email", "neworg1datamigrationuser0804demo1user01@mailinator.com"], ["first_name", "AB"], ["last_name", "Bloggs"], ["status", 201], ["status_description", "Success."], ["title", "Mr"], ["user_roles", "RMI Tile,RMI User,Access Data Migration,Organisation Administrator"], ["identifier_id", "001b000003V2vepAAB"], ["scheme_id", "SF-ID"]]
  ↳ app/services/migrate/data_migration.rb:68:in `block (2 levels) in migrate_users_to_db'
  [1m[36mTRANSACTION (11.0ms)[0m  [1m[35mCOMMIT[0m
  ↳ app/services/migrate/data_migration.rb:68:in `block (2 levels) in migrate_users_to_db'
  [1m[36mTRANSACTION (0.1ms)[0m  [1m[35mBEGIN[0m
  ↳ app/services/migrate/data_migration.rb:68:in `block (2 levels) in migrate_users_to_db'
  [1m[36mUser Exists? (0.9ms)[0m  [1m[34mSELECT 1 AS one FROM "users" WHERE LOWER("users"."email") = LOWER($1) LIMIT $2[0m  [["email", "neworg1datamigrationuser0804demo1user02@mailinator.com"], ["LIMIT", 1]]
  ↳ app/services/migrate/data_migration.rb:68:in `block (2 levels) in migrate_users_to_db'
  [1m[36mUser Create (0.2ms)[0m  [1m[32mINSERT INTO "users" ("contact_email", "contact_fax", "contact_mobile", "contact_phone", "contact_social", "email", "first_name", "last_name", "status", "status_description", "title", "user_roles", "identifier_id", "scheme_id") VALUES ($1, $2, $3, $4, $5, $6, $7, $8, $9, $10, $11, $12, $13, $14) RETURNING "user_id"[0m  [["contact_email", "contact1@domain.co.uk"], ["contact_fax", "+44 (824) 506-3143"], ["contact_mobile", "+44 (927) 462-2038"], ["contact_phone", "+44 (980) 473-2799"], ["contact_social", "www.test.com"], ["email", "neworg1datamigrationuser0804demo1user02@mailinator.com"], ["first_name", "BC"], ["last_name", "Bloggs"], ["status", 201], ["status_description", "Success."], ["title", "Mr"], ["user_roles", "RMI Tile,RMI User,Access Data Migration"], ["identifier_id", "001b000003V2vepAAB"], ["scheme_id", "SF-ID"]]
  ↳ app/services/migrate/data_migration.rb:68:in `block (2 levels) in migrate_users_to_db'
  [1m[36mTRANSACTION (7.6ms)[0m  [1m[35mCOMMIT[0m
  ↳ app/services/migrate/data_migration.rb:68:in `block (2 levels) in migrate_users_to_db'
  [1m[36mTRANSACTION (0.1ms)[0m  [1m[35mBEGIN[0m
  ↳ app/services/migrate/data_migration.rb:68:in `block (2 levels) in migrate_users_to_db'
  [1m[36mUser Exists? (0.8ms)[0m  [1m[34mSELECT 1 AS one FROM "users" WHERE LOWER("users"."email") = LOWER($1) LIMIT $2[0m  [["email", "neworg1datamigrationuser0804demo1user03@mailinator.com"], ["LIMIT", 1]]
  ↳ app/services/migrate/data_migration.rb:68:in `block (2 levels) in migrate_users_to_db'
  [1m[36mUser Create (0.3ms)[0m  [1m[32mINSERT INTO "users" ("contact_email", "contact_fax", "contact_mobile", "contact_phone", "contact_social", "email", "first_name", "last_name", "status", "status_description", "title", "user_roles", "identifier_id", "scheme_id") VALUES ($1, $2, $3, $4, $5, $6, $7, $8, $9, $10, $11, $12, $13, $14) RETURNING "user_id"[0m  [["contact_email", "contact1@domain.co.uk"], ["contact_fax", "+44 (967) 591-2103"], ["contact_mobile", "+44 (857) 499-2673"], ["contact_phone", "+44 (825) 444-3567"], ["contact_social", "www.test.com"], ["email", "neworg1datamigrationuser0804demo1user03@mailinator.com"], ["first_name", "CD"], ["last_name", "Bloggs"], ["status", 201], ["status_description", "Success."], ["title", "Mr"], ["user_roles", "RMI Tile,RMI User,Access Data Migration"], ["identifier_id", "001b000003V2vepAAB"], ["scheme_id", "SF-ID"]]
  ↳ app/services/migrate/data_migration.rb:68:in `block (2 levels) in migrate_users_to_db'
  [1m[36mTRANSACTION (8.5ms)[0m  [1m[35mCOMMIT[0m
  ↳ app/services/migrate/data_migration.rb:68:in `block (2 levels) in migrate_users_to_db'
  [1m[36mTRANSACTION (0.2ms)[0m  [1m[35mBEGIN[0m
  ↳ app/services/migrate/data_migration.rb:68:in `block (2 levels) in migrate_users_to_db'
  [1m[36mUser Exists? (0.9ms)[0m  [1m[34mSELECT 1 AS one FROM "users" WHERE LOWER("users"."email") = LOWER($1) LIMIT $2[0m  [["email", "neworg1datamigrationuser0804demo1user04@mailinator.com"], ["LIMIT", 1]]
  ↳ app/services/migrate/data_migration.rb:68:in `block (2 levels) in migrate_users_to_db'
  [1m[36mUser Create (0.2ms)[0m  [1m[32mINSERT INTO "users" ("contact_email", "contact_fax", "contact_mobile", "contact_phone", "contact_social", "email", "first_name", "last_name", "status", "status_description", "title", "user_roles", "identifier_id", "scheme_id") VALUES ($1, $2, $3, $4, $5, $6, $7, $8, $9, $10, $11, $12, $13, $14) RETURNING "user_id"[0m  [["contact_email", "contact1@domain.co.uk"], ["contact_fax", "+44 (915) 454-2949"], ["contact_mobile", "+44 (998) 533-3962"], ["contact_phone", "+44 (848) 441-3096"], ["contact_social", "www.test.com"], ["email", "neworg1datamigrationuser0804demo1user04@mailinator.com"], ["first_name", "DE"], ["last_name", "Bloggs"], ["status", 201], ["status_description", "Success."], ["title", "Mr"], ["user_roles", "RMI Tile,RMI User,Access Data Migration"], ["identifier_id", "001b000003V2vepAAB"], ["scheme_id", "SF-ID"]]
  ↳ app/services/migrate/data_migration.rb:68:in `block (2 levels) in migrate_users_to_db'
  [1m[36mTRANSACTION (8.0ms)[0m  [1m[35mCOMMIT[0m
  ↳ app/services/migrate/data_migration.rb:68:in `block (2 levels) in migrate_users_to_db'
  [1m[36mTRANSACTION (0.2ms)[0m  [1m[35mBEGIN[0m
  ↳ app/services/migrate/data_migration.rb:68:in `block (2 levels) in migrate_users_to_db'
  [1m[36mUser Exists? (1.0ms)[0m  [1m[34mSELECT 1 AS one FROM "users" WHERE LOWER("users"."email") = LOWER($1) LIMIT $2[0m  [["email", "neworg1datamigrationuser0804demo1user05@mailinator.com"], ["LIMIT", 1]]
  ↳ app/services/migrate/data_migration.rb:68:in `block (2 levels) in migrate_users_to_db'
  [1m[36mUser Create (0.2ms)[0m  [1m[32mINSERT INTO "users" ("contact_email", "contact_fax", "contact_mobile", "contact_phone", "contact_social", "email", "first_name", "last_name", "status", "status_description", "title", "user_roles", "identifier_id", "scheme_id") VALUES ($1, $2, $3, $4, $5, $6, $7, $8, $9, $10, $11, $12, $13, $14) RETURNING "user_id"[0m  [["contact_email", "contact1@domain.co.uk"], ["contact_fax", "+44 (962) 480-3513"], ["contact_mobile", "+44 (909) 520-2519"], ["contact_phone", "+44 (951) 489-3270"], ["contact_social", "www.test.com"], ["email", "neworg1datamigrationuser0804demo1user05@mailinator.com"], ["first_name", "EF"], ["last_name", "Bloggs"], ["status", 201], ["status_description", "Success."], ["title", "Mr"], ["user_roles", "RMI Tile,RMI User,Access Data Migration"], ["identifier_id", "001b000003V2vepAAB"], ["scheme_id", "SF-ID"]]
  ↳ app/services/migrate/data_migration.rb:68:in `block (2 levels) in migrate_users_to_db'
  [1m[36mTRANSACTION (7.7ms)[0m  [1m[35mCOMMIT[0m
  ↳ app/services/migrate/data_migration.rb:68:in `block (2 levels) in migrate_users_to_db'
Completed 200 OK in 117ms (Views: 0.5ms | ActiveRecord: 78.8ms | Allocations: 29603)


  [1m[36mActiveRecord::SchemaMigration Load (0.3ms)[0m  [1m[34mSELECT "schema_migrations"."version" FROM "schema_migrations" ORDER BY "schema_migrations"."version" ASC[0m
  [1m[36mActiveRecord::SchemaMigration Load (0.1ms)[0m  [1m[34mSELECT "schema_migrations"."version" FROM "schema_migrations" ORDER BY "schema_migrations"."version" ASC[0m
  [1m[35m (15.8ms)[0m  [1m[35mDROP DATABASE IF EXISTS "data_migration"[0m
  [1m[35m (0.1ms)[0m  [1m[35mDROP DATABASE IF EXISTS "data_migration_two"[0m
  [1m[35m (0.1ms)[0m  [1m[35mDROP DATABASE IF EXISTS "data_migration_two"[0m
  [1m[35m (1471.6ms)[0m  [1m[35mCREATE DATABASE "data_migration_two" ENCODING = 'unicode'[0m
  [1m[35m (0.3ms)[0m  [1m[35mCREATE DATABASE "data_migration_two" ENCODING = 'unicode'[0m
  [1m[35m (166.8ms)[0m  [1m[35mCREATE TABLE "schema_migrations" ("version" character varying NOT NULL PRIMARY KEY)[0m
  [1m[35m (98.2ms)[0m  [1m[35mCREATE TABLE "ar_internal_metadata" ("key" character varying NOT NULL PRIMARY KEY, "value" character varying, "created_at" timestamp(6) NOT NULL, "updated_at" timestamp(6) NOT NULL)[0m
  [1m[35m (0.6ms)[0m  [1m[34mSELECT pg_try_advisory_lock(2968246485766215675)[0m
  [1m[36mActiveRecord::SchemaMigration Load (0.9ms)[0m  [1m[34mSELECT "schema_migrations"."version" FROM "schema_migrations" ORDER BY "schema_migrations"."version" ASC[0m
  [1m[36mActiveRecord::InternalMetadata Load (1.0ms)[0m  [1m[34mSELECT * FROM "ar_internal_metadata" WHERE "ar_internal_metadata"."key" = $1 ORDER BY "ar_internal_metadata"."key" ASC LIMIT 1[0m  [[nil, "environment"]]
  [1m[36mActiveRecord::InternalMetadata Create (12.4ms)[0m  [1m[32mINSERT INTO "ar_internal_metadata" ("key", "value", "created_at", "updated_at") VALUES ('environment', 'development', '2024-05-30 14:55:03.349682', '2024-05-30 14:55:03.349687') RETURNING "key"[0m
  [1m[35m (0.5ms)[0m  [1m[34mSELECT pg_advisory_unlock(2968246485766215675)[0m
  [1m[36mActiveRecord::SchemaMigration Load (0.4ms)[0m  [1m[34mSELECT "schema_migrations"."version" FROM "schema_migrations" ORDER BY "schema_migrations"."version" ASC[0m
  [1m[36mActiveRecord::SchemaMigration Load (0.4ms)[0m  [1m[34mSELECT "schema_migrations"."version" FROM "schema_migrations" ORDER BY "schema_migrations"."version" ASC[0m
Started POST "/data-migration/migrate/format/csv" for ::1 at 2024-05-30 16:13:24 +0100
  [1m[36mActiveRecord::SchemaMigration Load (0.4ms)[0m  [1m[34mSELECT "schema_migrations"."version" FROM "schema_migrations" ORDER BY "schema_migrations"."version" ASC[0m
Processing by DataMigrationController#validate_as_csv as */*
  Parameters: {"file"=>#<ActionDispatch::Http::UploadedFile:0x000070d700058668 @tempfile=#<Tempfile:/tmp/RackMultipart20240530-31659-8vfe1t.csv>, @content_type="text/csv", @original_filename="DMTesting-15042024 (1).csv", @headers="Content-Disposition: form-data; name=\"file\"; filename=\"DMTesting-15042024 (1).csv\"\r\nContent-Type: text/csv\r\n">}
  [1m[36mClient Load (0.2ms)[0m  [1m[34mSELECT "clients".* FROM "clients" WHERE "clients"."api_key" = $1 LIMIT $2[0m  [["api_key", "1237"], ["LIMIT", 1]]
  ↳ app/services/authorize/token.rb:10:in `client_auth'
  [1m[36mTRANSACTION (0.2ms)[0m  [1m[35mBEGIN[0m
  ↳ app/services/migrate/data_migration.rb:37:in `block in migrate_orgs_to_db'
  [1m[36mOrganisation Exists? (0.3ms)[0m  [1m[34mSELECT 1 AS one FROM "organisations" WHERE LOWER("organisations"."identifier_id") = LOWER($1) LIMIT $2[0m  [["identifier_id", "001b000003V2vepAAB"], ["LIMIT", 1]]
  ↳ app/services/migrate/data_migration.rb:37:in `block in migrate_orgs_to_db'
  [1m[36mOrganisation Create (0.3ms)[0m  [1m[32mINSERT INTO "organisations" ("identifier_id", "org_roles", "right_to_buy", "scheme_id", "status", "status_description", "domain_name") VALUES ($1, $2, $3, $4, $5, $6, $7) RETURNING "org_id"[0m  [["identifier_id", "001b000003V2vepAAB"], ["org_roles", "RMI Tile"], ["right_to_buy", false], ["scheme_id", "SF-ID"], ["status", 201], ["status_description", "Success."], ["domain_name", "mailinator.com"]]
  ↳ app/services/migrate/data_migration.rb:37:in `block in migrate_orgs_to_db'
  [1m[36mTRANSACTION (78.9ms)[0m  [1m[35mCOMMIT[0m
  ↳ app/services/migrate/data_migration.rb:37:in `block in migrate_orgs_to_db'
  [1m[36mTRANSACTION (0.3ms)[0m  [1m[35mBEGIN[0m
  ↳ app/services/migrate/data_migration.rb:68:in `block (2 levels) in migrate_users_to_db'
  [1m[36mUser Exists? (1.4ms)[0m  [1m[34mSELECT 1 AS one FROM "users" WHERE LOWER("users"."email") = LOWER($1) LIMIT $2[0m  [["email", "neworg1datamigrationuser0804demo1user01@mailinator.com"], ["LIMIT", 1]]
  ↳ app/services/migrate/data_migration.rb:68:in `block (2 levels) in migrate_users_to_db'
  [1m[36mUser Create (0.3ms)[0m  [1m[32mINSERT INTO "users" ("contact_email", "contact_fax", "contact_mobile", "contact_phone", "contact_social", "email", "first_name", "last_name", "status", "status_description", "title", "user_roles", "identifier_id", "scheme_id") VALUES ($1, $2, $3, $4, $5, $6, $7, $8, $9, $10, $11, $12, $13, $14) RETURNING "user_id"[0m  [["contact_email", "contact1@domain.co.uk"], ["contact_fax", "+44 (948) 459-3973"], ["contact_mobile", "+44 (994) 522-3827"], ["contact_phone", "+44 (876) 569-2322"], ["contact_social", "www.test.com"], ["email", "neworg1datamigrationuser0804demo1user01@mailinator.com"], ["first_name", "AB"], ["last_name", "Bloggs"], ["status", 201], ["status_description", "Success."], ["title", "Mr"], ["user_roles", "RMI Tile,RMI User,Access Data Migration,Organisation Administrator"], ["identifier_id", "001b000003V2vepAAB"], ["scheme_id", "SF-ID"]]
  ↳ app/services/migrate/data_migration.rb:68:in `block (2 levels) in migrate_users_to_db'
  [1m[36mTRANSACTION (20.7ms)[0m  [1m[35mCOMMIT[0m
  ↳ app/services/migrate/data_migration.rb:68:in `block (2 levels) in migrate_users_to_db'
  [1m[36mTRANSACTION (0.1ms)[0m  [1m[35mBEGIN[0m
  ↳ app/services/migrate/data_migration.rb:68:in `block (2 levels) in migrate_users_to_db'
  [1m[36mUser Exists? (0.9ms)[0m  [1m[34mSELECT 1 AS one FROM "users" WHERE LOWER("users"."email") = LOWER($1) LIMIT $2[0m  [["email", "neworg1datamigrationuser0804demo1user02@mailinator.com"], ["LIMIT", 1]]
  ↳ app/services/migrate/data_migration.rb:68:in `block (2 levels) in migrate_users_to_db'
  [1m[36mUser Create (0.2ms)[0m  [1m[32mINSERT INTO "users" ("contact_email", "contact_fax", "contact_mobile", "contact_phone", "contact_social", "email", "first_name", "last_name", "status", "status_description", "title", "user_roles", "identifier_id", "scheme_id") VALUES ($1, $2, $3, $4, $5, $6, $7, $8, $9, $10, $11, $12, $13, $14) RETURNING "user_id"[0m  [["contact_email", "contact1@domain.co.uk"], ["contact_fax", "+44 (824) 506-3143"], ["contact_mobile", "+44 (927) 462-2038"], ["contact_phone", "+44 (980) 473-2799"], ["contact_social", "www.test.com"], ["email", "neworg1datamigrationuser0804demo1user02@mailinator.com"], ["first_name", "BC"], ["last_name", "Bloggs"], ["status", 201], ["status_description", "Success."], ["title", "Mr"], ["user_roles", "RMI Tile,RMI User,Access Data Migration"], ["identifier_id", "001b000003V2vepAAB"], ["scheme_id", "SF-ID"]]
  ↳ app/services/migrate/data_migration.rb:68:in `block (2 levels) in migrate_users_to_db'
  [1m[36mTRANSACTION (30.6ms)[0m  [1m[35mCOMMIT[0m
  ↳ app/services/migrate/data_migration.rb:68:in `block (2 levels) in migrate_users_to_db'
  [1m[36mTRANSACTION (0.1ms)[0m  [1m[35mBEGIN[0m
  ↳ app/services/migrate/data_migration.rb:68:in `block (2 levels) in migrate_users_to_db'
  [1m[36mUser Exists? (1.1ms)[0m  [1m[34mSELECT 1 AS one FROM "users" WHERE LOWER("users"."email") = LOWER($1) LIMIT $2[0m  [["email", "neworg1datamigrationuser0804demo1user03@mailinator.com"], ["LIMIT", 1]]
  ↳ app/services/migrate/data_migration.rb:68:in `block (2 levels) in migrate_users_to_db'
  [1m[36mUser Create (0.2ms)[0m  [1m[32mINSERT INTO "users" ("contact_email", "contact_fax", "contact_mobile", "contact_phone", "contact_social", "email", "first_name", "last_name", "status", "status_description", "title", "user_roles", "identifier_id", "scheme_id") VALUES ($1, $2, $3, $4, $5, $6, $7, $8, $9, $10, $11, $12, $13, $14) RETURNING "user_id"[0m  [["contact_email", "contact1@domain.co.uk"], ["contact_fax", "+44 (967) 591-2103"], ["contact_mobile", "+44 (857) 499-2673"], ["contact_phone", "+44 (825) 444-3567"], ["contact_social", "www.test.com"], ["email", "neworg1datamigrationuser0804demo1user03@mailinator.com"], ["first_name", "CD"], ["last_name", "Bloggs"], ["status", 201], ["status_description", "Success."], ["title", "Mr"], ["user_roles", "RMI Tile,RMI User,Access Data Migration"], ["identifier_id", "001b000003V2vepAAB"], ["scheme_id", "SF-ID"]]
  ↳ app/services/migrate/data_migration.rb:68:in `block (2 levels) in migrate_users_to_db'
  [1m[36mTRANSACTION (7.4ms)[0m  [1m[35mCOMMIT[0m
  ↳ app/services/migrate/data_migration.rb:68:in `block (2 levels) in migrate_users_to_db'
  [1m[36mTRANSACTION (0.1ms)[0m  [1m[35mBEGIN[0m
  ↳ app/services/migrate/data_migration.rb:68:in `block (2 levels) in migrate_users_to_db'
  [1m[36mUser Exists? (0.7ms)[0m  [1m[34mSELECT 1 AS one FROM "users" WHERE LOWER("users"."email") = LOWER($1) LIMIT $2[0m  [["email", "neworg1datamigrationuser0804demo1user04@mailinator.com"], ["LIMIT", 1]]
  ↳ app/services/migrate/data_migration.rb:68:in `block (2 levels) in migrate_users_to_db'
  [1m[36mUser Create (0.2ms)[0m  [1m[32mINSERT INTO "users" ("contact_email", "contact_fax", "contact_mobile", "contact_phone", "contact_social", "email", "first_name", "last_name", "status", "status_description", "title", "user_roles", "identifier_id", "scheme_id") VALUES ($1, $2, $3, $4, $5, $6, $7, $8, $9, $10, $11, $12, $13, $14) RETURNING "user_id"[0m  [["contact_email", "contact1@domain.co.uk"], ["contact_fax", "+44 (915) 454-2949"], ["contact_mobile", "+44 (998) 533-3962"], ["contact_phone", "+44 (848) 441-3096"], ["contact_social", "www.test.com"], ["email", "neworg1datamigrationuser0804demo1user04@mailinator.com"], ["first_name", "DE"], ["last_name", "Bloggs"], ["status", 201], ["status_description", "Success."], ["title", "Mr"], ["user_roles", "RMI Tile,RMI User,Access Data Migration"], ["identifier_id", "001b000003V2vepAAB"], ["scheme_id", "SF-ID"]]
  ↳ app/services/migrate/data_migration.rb:68:in `block (2 levels) in migrate_users_to_db'
  [1m[36mTRANSACTION (31.9ms)[0m  [1m[35mCOMMIT[0m
  ↳ app/services/migrate/data_migration.rb:68:in `block (2 levels) in migrate_users_to_db'
  [1m[36mTRANSACTION (0.1ms)[0m  [1m[35mBEGIN[0m
  ↳ app/services/migrate/data_migration.rb:68:in `block (2 levels) in migrate_users_to_db'
  [1m[36mUser Exists? (0.8ms)[0m  [1m[34mSELECT 1 AS one FROM "users" WHERE LOWER("users"."email") = LOWER($1) LIMIT $2[0m  [["email", "neworg1datamigrationuser0804demo1user05@mailinator.com"], ["LIMIT", 1]]
  ↳ app/services/migrate/data_migration.rb:68:in `block (2 levels) in migrate_users_to_db'
  [1m[36mUser Create (0.2ms)[0m  [1m[32mINSERT INTO "users" ("contact_email", "contact_fax", "contact_mobile", "contact_phone", "contact_social", "email", "first_name", "last_name", "status", "status_description", "title", "user_roles", "identifier_id", "scheme_id") VALUES ($1, $2, $3, $4, $5, $6, $7, $8, $9, $10, $11, $12, $13, $14) RETURNING "user_id"[0m  [["contact_email", "contact1@domain.co.uk"], ["contact_fax", "+44 (962) 480-3513"], ["contact_mobile", "+44 (909) 520-2519"], ["contact_phone", "+44 (951) 489-3270"], ["contact_social", "www.test.com"], ["email", "neworg1datamigrationuser0804demo1user05@mailinator.com"], ["first_name", "EF"], ["last_name", "Bloggs"], ["status", 201], ["status_description", "Success."], ["title", "Mr"], ["user_roles", "RMI Tile,RMI User,Access Data Migration"], ["identifier_id", "001b000003V2vepAAB"], ["scheme_id", "SF-ID"]]
  ↳ app/services/migrate/data_migration.rb:68:in `block (2 levels) in migrate_users_to_db'
  [1m[36mTRANSACTION (31.1ms)[0m  [1m[35mCOMMIT[0m
  ↳ app/services/migrate/data_migration.rb:68:in `block (2 levels) in migrate_users_to_db'
Completed 200 OK in 284ms (Views: 0.7ms | ActiveRecord: 217.5ms | Allocations: 57056)


Started POST "/data-migration/migrate/format/csv" for ::1 at 2024-05-30 16:16:06 +0100
Processing by DataMigrationController#validate_as_csv as */*
  Parameters: {"file"=>#<ActionDispatch::Http::UploadedFile:0x000070d700056cc8 @tempfile=#<Tempfile:/tmp/RackMultipart20240530-31659-cotkfc.csv>, @content_type="text/csv", @original_filename="DMTesting-15042024 (1).csv", @headers="Content-Disposition: form-data; name=\"file\"; filename=\"DMTesting-15042024 (1).csv\"\r\nContent-Type: text/csv\r\n">}
  [1m[36mClient Load (0.1ms)[0m  [1m[34mSELECT "clients".* FROM "clients" WHERE "clients"."api_key" = $1 LIMIT $2[0m  [["api_key", "1237"], ["LIMIT", 1]]
  ↳ app/services/authorize/token.rb:10:in `client_auth'
  [1m[36mTRANSACTION (0.1ms)[0m  [1m[35mBEGIN[0m
  ↳ app/services/migrate/data_migration.rb:37:in `block in migrate_orgs_to_db'
  [1m[36mOrganisation Exists? (1.0ms)[0m  [1m[34mSELECT 1 AS one FROM "organisations" WHERE LOWER("organisations"."identifier_id") = LOWER($1) LIMIT $2[0m  [["identifier_id", "001b000003V2vepAAB"], ["LIMIT", 1]]
  ↳ app/services/migrate/data_migration.rb:37:in `block in migrate_orgs_to_db'
  [1m[36mOrganisation Create (0.4ms)[0m  [1m[32mINSERT INTO "organisations" ("identifier_id", "org_roles", "right_to_buy", "scheme_id", "status", "status_description", "domain_name") VALUES ($1, $2, $3, $4, $5, $6, $7) RETURNING "org_id"[0m  [["identifier_id", "001b000003V2vepAAB"], ["org_roles", "RMI Tile"], ["right_to_buy", false], ["scheme_id", "SF-ID"], ["status", 201], ["status_description", "Success."], ["domain_name", "mailinator.com"]]
  ↳ app/services/migrate/data_migration.rb:37:in `block in migrate_orgs_to_db'
  [1m[36mTRANSACTION (36.6ms)[0m  [1m[35mCOMMIT[0m
  ↳ app/services/migrate/data_migration.rb:37:in `block in migrate_orgs_to_db'
  [1m[36mTRANSACTION (0.2ms)[0m  [1m[35mBEGIN[0m
  ↳ app/services/migrate/data_migration.rb:68:in `block (2 levels) in migrate_users_to_db'
  [1m[36mUser Exists? (6.4ms)[0m  [1m[34mSELECT 1 AS one FROM "users" WHERE LOWER("users"."email") = LOWER($1) LIMIT $2[0m  [["email", "neworg1datamigrationuser0804demo1user01@mailinator.com"], ["LIMIT", 1]]
  ↳ app/services/migrate/data_migration.rb:68:in `block (2 levels) in migrate_users_to_db'
  [1m[36mUser Create (0.3ms)[0m  [1m[32mINSERT INTO "users" ("contact_email", "contact_fax", "contact_mobile", "contact_phone", "contact_social", "email", "first_name", "last_name", "status", "status_description", "title", "user_roles", "identifier_id", "scheme_id") VALUES ($1, $2, $3, $4, $5, $6, $7, $8, $9, $10, $11, $12, $13, $14) RETURNING "user_id"[0m  [["contact_email", "contact1@domain.co.uk"], ["contact_fax", "+44 (948) 459-3973"], ["contact_mobile", "+44 (994) 522-3827"], ["contact_phone", "+44 (876) 569-2322"], ["contact_social", "www.test.com"], ["email", "neworg1datamigrationuser0804demo1user01@mailinator.com"], ["first_name", "AB"], ["last_name", "Bloggs"], ["status", 201], ["status_description", "Success."], ["title", "Mr"], ["user_roles", "RMI Tile,RMI User,Access Data Migration,Organisation Administrator"], ["identifier_id", "001b000003V2vepAAB"], ["scheme_id", "SF-ID"]]
  ↳ app/services/migrate/data_migration.rb:68:in `block (2 levels) in migrate_users_to_db'
  [1m[36mTRANSACTION (6.5ms)[0m  [1m[35mCOMMIT[0m
  ↳ app/services/migrate/data_migration.rb:68:in `block (2 levels) in migrate_users_to_db'
  [1m[36mTRANSACTION (0.2ms)[0m  [1m[35mBEGIN[0m
  ↳ app/services/migrate/data_migration.rb:68:in `block (2 levels) in migrate_users_to_db'
  [1m[36mUser Exists? (1.3ms)[0m  [1m[34mSELECT 1 AS one FROM "users" WHERE LOWER("users"."email") = LOWER($1) LIMIT $2[0m  [["email", "neworg1datamigrationuser0804demo1user02@mailinator.com"], ["LIMIT", 1]]
  ↳ app/services/migrate/data_migration.rb:68:in `block (2 levels) in migrate_users_to_db'
  [1m[36mUser Create (0.3ms)[0m  [1m[32mINSERT INTO "users" ("contact_email", "contact_fax", "contact_mobile", "contact_phone", "contact_social", "email", "first_name", "last_name", "status", "status_description", "title", "user_roles", "identifier_id", "scheme_id") VALUES ($1, $2, $3, $4, $5, $6, $7, $8, $9, $10, $11, $12, $13, $14) RETURNING "user_id"[0m  [["contact_email", "contact1@domain.co.uk"], ["contact_fax", "+44 (824) 506-3143"], ["contact_mobile", "+44 (927) 462-2038"], ["contact_phone", "+44 (980) 473-2799"], ["contact_social", "www.test.com"], ["email", "neworg1datamigrationuser0804demo1user02@mailinator.com"], ["first_name", "BC"], ["last_name", "Bloggs"], ["status", 201], ["status_description", "Success."], ["title", "Mr"], ["user_roles", "RMI Tile,RMI User,Access Data Migration"], ["identifier_id", "001b000003V2vepAAB"], ["scheme_id", "SF-ID"]]
  ↳ app/services/migrate/data_migration.rb:68:in `block (2 levels) in migrate_users_to_db'
  [1m[36mTRANSACTION (6.1ms)[0m  [1m[35mCOMMIT[0m
  ↳ app/services/migrate/data_migration.rb:68:in `block (2 levels) in migrate_users_to_db'
  [1m[36mTRANSACTION (0.1ms)[0m  [1m[35mBEGIN[0m
  ↳ app/services/migrate/data_migration.rb:68:in `block (2 levels) in migrate_users_to_db'
  [1m[36mUser Exists? (1.4ms)[0m  [1m[34mSELECT 1 AS one FROM "users" WHERE LOWER("users"."email") = LOWER($1) LIMIT $2[0m  [["email", "neworg1datamigrationuser0804demo1user03@mailinator.com"], ["LIMIT", 1]]
  ↳ app/services/migrate/data_migration.rb:68:in `block (2 levels) in migrate_users_to_db'
  [1m[36mUser Create (0.2ms)[0m  [1m[32mINSERT INTO "users" ("contact_email", "contact_fax", "contact_mobile", "contact_phone", "contact_social", "email", "first_name", "last_name", "status", "status_description", "title", "user_roles", "identifier_id", "scheme_id") VALUES ($1, $2, $3, $4, $5, $6, $7, $8, $9, $10, $11, $12, $13, $14) RETURNING "user_id"[0m  [["contact_email", "contact1@domain.co.uk"], ["contact_fax", "+44 (967) 591-2103"], ["contact_mobile", "+44 (857) 499-2673"], ["contact_phone", "+44 (825) 444-3567"], ["contact_social", "www.test.com"], ["email", "neworg1datamigrationuser0804demo1user03@mailinator.com"], ["first_name", "CD"], ["last_name", "Bloggs"], ["status", 201], ["status_description", "Success."], ["title", "Mr"], ["user_roles", "RMI Tile,RMI User,Access Data Migration"], ["identifier_id", "001b000003V2vepAAB"], ["scheme_id", "SF-ID"]]
  ↳ app/services/migrate/data_migration.rb:68:in `block (2 levels) in migrate_users_to_db'
  [1m[36mTRANSACTION (6.8ms)[0m  [1m[35mCOMMIT[0m
  ↳ app/services/migrate/data_migration.rb:68:in `block (2 levels) in migrate_users_to_db'
  [1m[36mTRANSACTION (0.1ms)[0m  [1m[35mBEGIN[0m
  ↳ app/services/migrate/data_migration.rb:68:in `block (2 levels) in migrate_users_to_db'
  [1m[36mUser Exists? (1.3ms)[0m  [1m[34mSELECT 1 AS one FROM "users" WHERE LOWER("users"."email") = LOWER($1) LIMIT $2[0m  [["email", "neworg1datamigrationuser0804demo1user04@mailinator.com"], ["LIMIT", 1]]
  ↳ app/services/migrate/data_migration.rb:68:in `block (2 levels) in migrate_users_to_db'
  [1m[36mUser Create (0.2ms)[0m  [1m[32mINSERT INTO "users" ("contact_email", "contact_fax", "contact_mobile", "contact_phone", "contact_social", "email", "first_name", "last_name", "status", "status_description", "title", "user_roles", "identifier_id", "scheme_id") VALUES ($1, $2, $3, $4, $5, $6, $7, $8, $9, $10, $11, $12, $13, $14) RETURNING "user_id"[0m  [["contact_email", "contact1@domain.co.uk"], ["contact_fax", "+44 (915) 454-2949"], ["contact_mobile", "+44 (998) 533-3962"], ["contact_phone", "+44 (848) 441-3096"], ["contact_social", "www.test.com"], ["email", "neworg1datamigrationuser0804demo1user04@mailinator.com"], ["first_name", "DE"], ["last_name", "Bloggs"], ["status", 201], ["status_description", "Success."], ["title", "Mr"], ["user_roles", "RMI Tile,RMI User,Access Data Migration"], ["identifier_id", "001b000003V2vepAAB"], ["scheme_id", "SF-ID"]]
  ↳ app/services/migrate/data_migration.rb:68:in `block (2 levels) in migrate_users_to_db'
  [1m[36mTRANSACTION (7.2ms)[0m  [1m[35mCOMMIT[0m
  ↳ app/services/migrate/data_migration.rb:68:in `block (2 levels) in migrate_users_to_db'
  [1m[36mTRANSACTION (0.1ms)[0m  [1m[35mBEGIN[0m
  ↳ app/services/migrate/data_migration.rb:68:in `block (2 levels) in migrate_users_to_db'
  [1m[36mUser Exists? (1.0ms)[0m  [1m[34mSELECT 1 AS one FROM "users" WHERE LOWER("users"."email") = LOWER($1) LIMIT $2[0m  [["email", "neworg1datamigrationuser0804demo1user05@mailinator.com"], ["LIMIT", 1]]
  ↳ app/services/migrate/data_migration.rb:68:in `block (2 levels) in migrate_users_to_db'
  [1m[36mUser Create (0.2ms)[0m  [1m[32mINSERT INTO "users" ("contact_email", "contact_fax", "contact_mobile", "contact_phone", "contact_social", "email", "first_name", "last_name", "status", "status_description", "title", "user_roles", "identifier_id", "scheme_id") VALUES ($1, $2, $3, $4, $5, $6, $7, $8, $9, $10, $11, $12, $13, $14) RETURNING "user_id"[0m  [["contact_email", "contact1@domain.co.uk"], ["contact_fax", "+44 (962) 480-3513"], ["contact_mobile", "+44 (909) 520-2519"], ["contact_phone", "+44 (951) 489-3270"], ["contact_social", "www.test.com"], ["email", "neworg1datamigrationuser0804demo1user05@mailinator.com"], ["first_name", "EF"], ["last_name", "Bloggs"], ["status", 201], ["status_description", "Success."], ["title", "Mr"], ["user_roles", "RMI Tile,RMI User,Access Data Migration"], ["identifier_id", "001b000003V2vepAAB"], ["scheme_id", "SF-ID"]]
  ↳ app/services/migrate/data_migration.rb:68:in `block (2 levels) in migrate_users_to_db'
  [1m[36mTRANSACTION (7.3ms)[0m  [1m[35mCOMMIT[0m
  ↳ app/services/migrate/data_migration.rb:68:in `block (2 levels) in migrate_users_to_db'
Completed 200 OK in 120ms (Views: 0.7ms | ActiveRecord: 89.5ms | Allocations: 27675)


  [1m[35m (618.1ms)[0m  [1m[35mCREATE DATABASE "data_migration_twod" ENCODING = 'unicode'[0m
  [1m[35m (511.8ms)[0m  [1m[35mCREATE DATABASE "data_migration_twot" ENCODING = 'unicode'[0m
  [1m[35m (86.4ms)[0m  [1m[35mCREATE TABLE "schema_migrations" ("version" character varying NOT NULL PRIMARY KEY)[0m
  [1m[35m (54.1ms)[0m  [1m[35mCREATE TABLE "ar_internal_metadata" ("key" character varying NOT NULL PRIMARY KEY, "value" character varying, "created_at" timestamp(6) NOT NULL, "updated_at" timestamp(6) NOT NULL)[0m
  [1m[35m (0.4ms)[0m  [1m[34mSELECT pg_try_advisory_lock(8505239646891317400)[0m
  [1m[36mActiveRecord::SchemaMigration Load (0.8ms)[0m  [1m[34mSELECT "schema_migrations"."version" FROM "schema_migrations" ORDER BY "schema_migrations"."version" ASC[0m
  [1m[36mActiveRecord::InternalMetadata Load (1.0ms)[0m  [1m[34mSELECT * FROM "ar_internal_metadata" WHERE "ar_internal_metadata"."key" = $1 ORDER BY "ar_internal_metadata"."key" ASC LIMIT 1[0m  [[nil, "environment"]]
  [1m[36mActiveRecord::InternalMetadata Create (13.6ms)[0m  [1m[32mINSERT INTO "ar_internal_metadata" ("key", "value", "created_at", "updated_at") VALUES ('environment', 'development', '2024-05-30 15:38:11.518007', '2024-05-30 15:38:11.518014') RETURNING "key"[0m
Migrating to DataMigration (20240530152659)
  [1m[36mTRANSACTION (0.4ms)[0m  [1m[35mBEGIN[0m
  [1m[35m (61.4ms)[0m  [1m[35mCREATE TABLE "clients" ("client_id" bigserial NOT NULL PRIMARY KEY, "api_key" character varying NOT NULL, "client_key_description" character varying, "created_at" timestamp(6) NOT NULL, "updated_at" timestamp(6) NOT NULL)[0m
  [1m[35m (21.6ms)[0m  [1m[35mCREATE UNIQUE INDEX "index_clients_on_client_id_and_api_key" ON "clients" ("client_id", "api_key")[0m
  [1m[35m (114.1ms)[0m  [1m[35mCREATE TABLE "organisations" ("org_id" bigserial NOT NULL PRIMARY KEY, "identifier_id" character varying NOT NULL, "org_roles" character varying, "right_to_buy" boolean, "scheme_id" character varying NOT NULL, "status" integer, "status_description" character varying, "domain_name" character varying, "created_at" timestamp(6) NOT NULL, "updated_at" timestamp(6) NOT NULL)[0m
  [1m[35m (44.7ms)[0m  [1m[35mCREATE UNIQUE INDEX "index_organisations_on_org_id_and_identifier_id" ON "organisations" ("org_id", "identifier_id")[0m
  [1m[35m (56.1ms)[0m  [1m[35mCREATE TABLE "users" ("user_id" bigserial NOT NULL PRIMARY KEY, "contact_email" character varying, "contact_fax" character varying, "contact_mobile" character varying, "contact_phone" character varying, "contact_social" character varying, "email" character varying NOT NULL, "first_name" character varying NOT NULL, "last_name" character varying NOT NULL, "status" integer, "status_description" character varying, "title" character varying, "user_roles" character varying, "identifier_id" character varying NOT NULL, "scheme_id" character varying NOT NULL, "created_at" timestamp(6) NOT NULL, "updated_at" timestamp(6) NOT NULL)[0m
  [1m[35m (22.1ms)[0m  [1m[35mCREATE UNIQUE INDEX "index_users_on_user_id_and_email" ON "users" ("user_id", "email")[0m
  [1m[36mActiveRecord::SchemaMigration Create (0.4ms)[0m  [1m[32mINSERT INTO "schema_migrations" ("version") VALUES ('20240530152659') RETURNING "version"[0m
  [1m[36mTRANSACTION (9.7ms)[0m  [1m[35mCOMMIT[0m
  [1m[35m (0.3ms)[0m  [1m[34mSELECT pg_advisory_unlock(8505239646891317400)[0m
  [1m[36mActiveRecord::SchemaMigration Load (0.2ms)[0m  [1m[34mSELECT "schema_migrations"."version" FROM "schema_migrations" ORDER BY "schema_migrations"."version" ASC[0m
Started POST "/data-migration/migrate/format/csv" for ::1 at 2024-05-30 16:44:58 +0100
  [1m[36mActiveRecord::SchemaMigration Load (0.3ms)[0m  [1m[34mSELECT "schema_migrations"."version" FROM "schema_migrations" ORDER BY "schema_migrations"."version" ASC[0m
Processing by DataMigrationController#validate_as_csv as */*
  Parameters: {"file"=>#<ActionDispatch::Http::UploadedFile:0x000074e8b4784a80 @tempfile=#<Tempfile:/tmp/RackMultipart20240530-33140-8tcf8g.csv>, @content_type="text/csv", @original_filename="DMTesting-15042024 (1).csv", @headers="Content-Disposition: form-data; name=\"file\"; filename=\"DMTesting-15042024 (1).csv\"\r\nContent-Type: text/csv\r\n">}
  [1m[36mClient Load (0.2ms)[0m  [1m[34mSELECT "clients".* FROM "clients" WHERE "clients"."api_key" = $1 LIMIT $2[0m  [["api_key", "1237"], ["LIMIT", 1]]
  ↳ app/services/authorize/token.rb:10:in `client_auth'
  [1m[36mTRANSACTION (0.1ms)[0m  [1m[35mBEGIN[0m
  ↳ app/services/migrate/data_migration.rb:37:in `block in migrate_orgs_to_db'
  [1m[36mOrganisation Exists? (0.2ms)[0m  [1m[34mSELECT 1 AS one FROM "organisations" WHERE LOWER("organisations"."identifier_id") = LOWER($1) LIMIT $2[0m  [["identifier_id", "001b000003V2vepAAB"], ["LIMIT", 1]]
  ↳ app/services/migrate/data_migration.rb:37:in `block in migrate_orgs_to_db'
  [1m[36mOrganisation Create (0.3ms)[0m  [1m[32mINSERT INTO "organisations" ("identifier_id", "org_roles", "right_to_buy", "scheme_id", "status", "status_description", "domain_name", "created_at", "updated_at") VALUES ($1, $2, $3, $4, $5, $6, $7, $8, $9) RETURNING "org_id"[0m  [["identifier_id", "001b000003V2vepAAB"], ["org_roles", "RMI Tile"], ["right_to_buy", false], ["scheme_id", "SF-ID"], ["status", 201], ["status_description", "Success."], ["domain_name", "mailinator.com"], ["created_at", "2024-05-30 15:44:58.462961"], ["updated_at", "2024-05-30 15:44:58.462961"]]
  ↳ app/services/migrate/data_migration.rb:37:in `block in migrate_orgs_to_db'
  [1m[36mTRANSACTION (60.4ms)[0m  [1m[35mCOMMIT[0m
  ↳ app/services/migrate/data_migration.rb:37:in `block in migrate_orgs_to_db'
  [1m[36mTRANSACTION (0.2ms)[0m  [1m[35mBEGIN[0m
  ↳ app/services/migrate/data_migration.rb:68:in `block (2 levels) in migrate_users_to_db'
  [1m[36mUser Exists? (1.0ms)[0m  [1m[34mSELECT 1 AS one FROM "users" WHERE LOWER("users"."email") = LOWER($1) LIMIT $2[0m  [["email", "neworg1datamigrationuser0804demo1user01@mailinator.com"], ["LIMIT", 1]]
  ↳ app/services/migrate/data_migration.rb:68:in `block (2 levels) in migrate_users_to_db'
  [1m[36mUser Create (0.4ms)[0m  [1m[32mINSERT INTO "users" ("contact_email", "contact_fax", "contact_mobile", "contact_phone", "contact_social", "email", "first_name", "last_name", "status", "status_description", "title", "user_roles", "identifier_id", "scheme_id", "created_at", "updated_at") VALUES ($1, $2, $3, $4, $5, $6, $7, $8, $9, $10, $11, $12, $13, $14, $15, $16) RETURNING "user_id"[0m  [["contact_email", "contact1@domain.co.uk"], ["contact_fax", "+44 (948) 459-3973"], ["contact_mobile", "+44 (994) 522-3827"], ["contact_phone", "+44 (876) 569-2322"], ["contact_social", "www.test.com"], ["email", "neworg1datamigrationuser0804demo1user01@mailinator.com"], ["first_name", "AB"], ["last_name", "Bloggs"], ["status", 201], ["status_description", "Success."], ["title", "Mr"], ["user_roles", "RMI Tile,RMI User,Access Data Migration,Organisation Administrator"], ["identifier_id", "001b000003V2vepAAB"], ["scheme_id", "SF-ID"], ["created_at", "2024-05-30 15:44:58.534942"], ["updated_at", "2024-05-30 15:44:58.534942"]]
  ↳ app/services/migrate/data_migration.rb:68:in `block (2 levels) in migrate_users_to_db'
  [1m[36mTRANSACTION (213.3ms)[0m  [1m[35mCOMMIT[0m
  ↳ app/services/migrate/data_migration.rb:68:in `block (2 levels) in migrate_users_to_db'
  [1m[36mTRANSACTION (0.2ms)[0m  [1m[35mBEGIN[0m
  ↳ app/services/migrate/data_migration.rb:68:in `block (2 levels) in migrate_users_to_db'
  [1m[36mUser Exists? (1.0ms)[0m  [1m[34mSELECT 1 AS one FROM "users" WHERE LOWER("users"."email") = LOWER($1) LIMIT $2[0m  [["email", "neworg1datamigrationuser0804demo1user02@mailinator.com"], ["LIMIT", 1]]
  ↳ app/services/migrate/data_migration.rb:68:in `block (2 levels) in migrate_users_to_db'
  [1m[36mUser Create (0.2ms)[0m  [1m[32mINSERT INTO "users" ("contact_email", "contact_fax", "contact_mobile", "contact_phone", "contact_social", "email", "first_name", "last_name", "status", "status_description", "title", "user_roles", "identifier_id", "scheme_id", "created_at", "updated_at") VALUES ($1, $2, $3, $4, $5, $6, $7, $8, $9, $10, $11, $12, $13, $14, $15, $16) RETURNING "user_id"[0m  [["contact_email", "contact1@domain.co.uk"], ["contact_fax", "+44 (824) 506-3143"], ["contact_mobile", "+44 (927) 462-2038"], ["contact_phone", "+44 (980) 473-2799"], ["contact_social", "www.test.com"], ["email", "neworg1datamigrationuser0804demo1user02@mailinator.com"], ["first_name", "BC"], ["last_name", "Bloggs"], ["status", 201], ["status_description", "Success."], ["title", "Mr"], ["user_roles", "RMI Tile,RMI User,Access Data Migration"], ["identifier_id", "001b000003V2vepAAB"], ["scheme_id", "SF-ID"], ["created_at", "2024-05-30 15:44:58.752403"], ["updated_at", "2024-05-30 15:44:58.752403"]]
  ↳ app/services/migrate/data_migration.rb:68:in `block (2 levels) in migrate_users_to_db'
  [1m[36mTRANSACTION (169.3ms)[0m  [1m[35mCOMMIT[0m
  ↳ app/services/migrate/data_migration.rb:68:in `block (2 levels) in migrate_users_to_db'
  [1m[36mTRANSACTION (0.2ms)[0m  [1m[35mBEGIN[0m
  ↳ app/services/migrate/data_migration.rb:68:in `block (2 levels) in migrate_users_to_db'
  [1m[36mUser Exists? (1.1ms)[0m  [1m[34mSELECT 1 AS one FROM "users" WHERE LOWER("users"."email") = LOWER($1) LIMIT $2[0m  [["email", "neworg1datamigrationuser0804demo1user03@mailinator.com"], ["LIMIT", 1]]
  ↳ app/services/migrate/data_migration.rb:68:in `block (2 levels) in migrate_users_to_db'
  [1m[36mUser Create (0.2ms)[0m  [1m[32mINSERT INTO "users" ("contact_email", "contact_fax", "contact_mobile", "contact_phone", "contact_social", "email", "first_name", "last_name", "status", "status_description", "title", "user_roles", "identifier_id", "scheme_id", "created_at", "updated_at") VALUES ($1, $2, $3, $4, $5, $6, $7, $8, $9, $10, $11, $12, $13, $14, $15, $16) RETURNING "user_id"[0m  [["contact_email", "contact1@domain.co.uk"], ["contact_fax", "+44 (967) 591-2103"], ["contact_mobile", "+44 (857) 499-2673"], ["contact_phone", "+44 (825) 444-3567"], ["contact_social", "www.test.com"], ["email", "neworg1datamigrationuser0804demo1user03@mailinator.com"], ["first_name", "CD"], ["last_name", "Bloggs"], ["status", 201], ["status_description", "Success."], ["title", "Mr"], ["user_roles", "RMI Tile,RMI User,Access Data Migration"], ["identifier_id", "001b000003V2vepAAB"], ["scheme_id", "SF-ID"], ["created_at", "2024-05-30 15:44:58.925124"], ["updated_at", "2024-05-30 15:44:58.925124"]]
  ↳ app/services/migrate/data_migration.rb:68:in `block (2 levels) in migrate_users_to_db'
  [1m[36mTRANSACTION (174.3ms)[0m  [1m[35mCOMMIT[0m
  ↳ app/services/migrate/data_migration.rb:68:in `block (2 levels) in migrate_users_to_db'
  [1m[36mTRANSACTION (0.1ms)[0m  [1m[35mBEGIN[0m
  ↳ app/services/migrate/data_migration.rb:68:in `block (2 levels) in migrate_users_to_db'
  [1m[36mUser Exists? (0.8ms)[0m  [1m[34mSELECT 1 AS one FROM "users" WHERE LOWER("users"."email") = LOWER($1) LIMIT $2[0m  [["email", "neworg1datamigrationuser0804demo1user04@mailinator.com"], ["LIMIT", 1]]
  ↳ app/services/migrate/data_migration.rb:68:in `block (2 levels) in migrate_users_to_db'
  [1m[36mUser Create (0.2ms)[0m  [1m[32mINSERT INTO "users" ("contact_email", "contact_fax", "contact_mobile", "contact_phone", "contact_social", "email", "first_name", "last_name", "status", "status_description", "title", "user_roles", "identifier_id", "scheme_id", "created_at", "updated_at") VALUES ($1, $2, $3, $4, $5, $6, $7, $8, $9, $10, $11, $12, $13, $14, $15, $16) RETURNING "user_id"[0m  [["contact_email", "contact1@domain.co.uk"], ["contact_fax", "+44 (915) 454-2949"], ["contact_mobile", "+44 (998) 533-3962"], ["contact_phone", "+44 (848) 441-3096"], ["contact_social", "www.test.com"], ["email", "neworg1datamigrationuser0804demo1user04@mailinator.com"], ["first_name", "DE"], ["last_name", "Bloggs"], ["status", 201], ["status_description", "Success."], ["title", "Mr"], ["user_roles", "RMI Tile,RMI User,Access Data Migration"], ["identifier_id", "001b000003V2vepAAB"], ["scheme_id", "SF-ID"], ["created_at", "2024-05-30 15:44:59.102516"], ["updated_at", "2024-05-30 15:44:59.102516"]]
  ↳ app/services/migrate/data_migration.rb:68:in `block (2 levels) in migrate_users_to_db'
  [1m[36mTRANSACTION (180.9ms)[0m  [1m[35mCOMMIT[0m
  ↳ app/services/migrate/data_migration.rb:68:in `block (2 levels) in migrate_users_to_db'
  [1m[36mTRANSACTION (0.1ms)[0m  [1m[35mBEGIN[0m
  ↳ app/services/migrate/data_migration.rb:68:in `block (2 levels) in migrate_users_to_db'
  [1m[36mUser Exists? (0.7ms)[0m  [1m[34mSELECT 1 AS one FROM "users" WHERE LOWER("users"."email") = LOWER($1) LIMIT $2[0m  [["email", "neworg1datamigrationuser0804demo1user05@mailinator.com"], ["LIMIT", 1]]
  ↳ app/services/migrate/data_migration.rb:68:in `block (2 levels) in migrate_users_to_db'
  [1m[36mUser Create (0.2ms)[0m  [1m[32mINSERT INTO "users" ("contact_email", "contact_fax", "contact_mobile", "contact_phone", "contact_social", "email", "first_name", "last_name", "status", "status_description", "title", "user_roles", "identifier_id", "scheme_id", "created_at", "updated_at") VALUES ($1, $2, $3, $4, $5, $6, $7, $8, $9, $10, $11, $12, $13, $14, $15, $16) RETURNING "user_id"[0m  [["contact_email", "contact1@domain.co.uk"], ["contact_fax", "+44 (962) 480-3513"], ["contact_mobile", "+44 (909) 520-2519"], ["contact_phone", "+44 (951) 489-3270"], ["contact_social", "www.test.com"], ["email", "neworg1datamigrationuser0804demo1user05@mailinator.com"], ["first_name", "EF"], ["last_name", "Bloggs"], ["status", 201], ["status_description", "Success."], ["title", "Mr"], ["user_roles", "RMI Tile,RMI User,Access Data Migration"], ["identifier_id", "001b000003V2vepAAB"], ["scheme_id", "SF-ID"], ["created_at", "2024-05-30 15:44:59.286447"], ["updated_at", "2024-05-30 15:44:59.286447"]]
  ↳ app/services/migrate/data_migration.rb:68:in `block (2 levels) in migrate_users_to_db'
  [1m[36mTRANSACTION (162.9ms)[0m  [1m[35mCOMMIT[0m
  ↳ app/services/migrate/data_migration.rb:68:in `block (2 levels) in migrate_users_to_db'
Completed 200 OK in 1026ms (Views: 0.7ms | ActiveRecord: 976.1ms | Allocations: 56118)


Started POST "/data-migration/migrate/format/csv" for ::1 at 2024-05-30 16:49:08 +0100
  [1m[36mActiveRecord::SchemaMigration Load (0.3ms)[0m  [1m[34mSELECT "schema_migrations"."version" FROM "schema_migrations" ORDER BY "schema_migrations"."version" ASC[0m
Processing by DataMigrationController#validate_as_csv as */*
  Parameters: {"file"=>#<ActionDispatch::Http::UploadedFile:0x00007fd4991ec3a8 @tempfile=#<Tempfile:/tmp/RackMultipart20240530-33717-oc6vmb.csv>, @content_type="text/csv", @original_filename="DMTesting-15042024 (1).csv", @headers="Content-Disposition: form-data; name=\"file\"; filename=\"DMTesting-15042024 (1).csv\"\r\nContent-Type: text/csv\r\n">}
  [1m[36mClient Load (0.2ms)[0m  [1m[34mSELECT "clients".* FROM "clients" WHERE "clients"."api_key" = $1 LIMIT $2[0m  [["api_key", "1237"], ["LIMIT", 1]]
  ↳ app/services/authorize/token.rb:10:in `client_auth'
  [1m[36mTRANSACTION (0.2ms)[0m  [1m[35mBEGIN[0m
  ↳ app/services/migrate/data_migration.rb:37:in `block in migrate_orgs_to_db'
  [1m[36mOrganisation Exists? (0.4ms)[0m  [1m[34mSELECT 1 AS one FROM "organisations" WHERE LOWER("organisations"."identifier_id") = LOWER($1) LIMIT $2[0m  [["identifier_id", "001b000003V2vepAAB"], ["LIMIT", 1]]
  ↳ app/services/migrate/data_migration.rb:37:in `block in migrate_orgs_to_db'
  [1m[36mOrganisation Create (0.2ms)[0m  [1m[32mINSERT INTO "organisations" ("identifier_id", "org_roles", "right_to_buy", "scheme_id", "status", "status_description", "domain_name", "created_at", "updated_at") VALUES ($1, $2, $3, $4, $5, $6, $7, $8, $9) RETURNING "org_id"[0m  [["identifier_id", "001b000003V2vepAAB"], ["org_roles", "RMI Tile"], ["right_to_buy", false], ["scheme_id", "SF-ID"], ["status", 201], ["status_description", "Success."], ["domain_name", "mailinator.com"], ["created_at", "2024-05-30 15:49:08.999172"], ["updated_at", "2024-05-30 15:49:08.999172"]]
  ↳ app/services/migrate/data_migration.rb:37:in `block in migrate_orgs_to_db'
  [1m[36mTRANSACTION (36.3ms)[0m  [1m[35mCOMMIT[0m
  ↳ app/services/migrate/data_migration.rb:37:in `block in migrate_orgs_to_db'
  [1m[36mTRANSACTION (0.2ms)[0m  [1m[35mBEGIN[0m
  ↳ app/services/migrate/data_migration.rb:68:in `block (2 levels) in migrate_users_to_db'
  [1m[36mUser Exists? (1.5ms)[0m  [1m[34mSELECT 1 AS one FROM "users" WHERE LOWER("users"."email") = LOWER($1) LIMIT $2[0m  [["email", "neworg1datamigrationuser0804demo1user01@mailinator.com"], ["LIMIT", 1]]
  ↳ app/services/migrate/data_migration.rb:68:in `block (2 levels) in migrate_users_to_db'
  [1m[36mUser Create (0.2ms)[0m  [1m[32mINSERT INTO "users" ("contact_email", "contact_fax", "contact_mobile", "contact_phone", "contact_social", "email", "first_name", "last_name", "status", "status_description", "title", "user_roles", "identifier_id", "scheme_id", "created_at", "updated_at") VALUES ($1, $2, $3, $4, $5, $6, $7, $8, $9, $10, $11, $12, $13, $14, $15, $16) RETURNING "user_id"[0m  [["contact_email", "contact1@domain.co.uk"], ["contact_fax", "+44 (948) 459-3973"], ["contact_mobile", "+44 (994) 522-3827"], ["contact_phone", "+44 (876) 569-2322"], ["contact_social", "www.test.com"], ["email", "neworg1datamigrationuser0804demo1user01@mailinator.com"], ["first_name", "AB"], ["last_name", "Bloggs"], ["status", 201], ["status_description", "Success."], ["title", "Mr"], ["user_roles", "RMI Tile,RMI User,Access Data Migration,Organisation Administrator"], ["identifier_id", "001b000003V2vepAAB"], ["scheme_id", "SF-ID"], ["created_at", "2024-05-30 15:49:09.049156"], ["updated_at", "2024-05-30 15:49:09.049156"]]
  ↳ app/services/migrate/data_migration.rb:68:in `block (2 levels) in migrate_users_to_db'
  [1m[36mTRANSACTION (8.3ms)[0m  [1m[35mCOMMIT[0m
  ↳ app/services/migrate/data_migration.rb:68:in `block (2 levels) in migrate_users_to_db'
  [1m[36mTRANSACTION (0.1ms)[0m  [1m[35mBEGIN[0m
  ↳ app/services/migrate/data_migration.rb:68:in `block (2 levels) in migrate_users_to_db'
  [1m[36mUser Exists? (1.0ms)[0m  [1m[34mSELECT 1 AS one FROM "users" WHERE LOWER("users"."email") = LOWER($1) LIMIT $2[0m  [["email", "neworg1datamigrationuser0804demo1user02@mailinator.com"], ["LIMIT", 1]]
  ↳ app/services/migrate/data_migration.rb:68:in `block (2 levels) in migrate_users_to_db'
  [1m[36mUser Create (0.2ms)[0m  [1m[32mINSERT INTO "users" ("contact_email", "contact_fax", "contact_mobile", "contact_phone", "contact_social", "email", "first_name", "last_name", "status", "status_description", "title", "user_roles", "identifier_id", "scheme_id", "created_at", "updated_at") VALUES ($1, $2, $3, $4, $5, $6, $7, $8, $9, $10, $11, $12, $13, $14, $15, $16) RETURNING "user_id"[0m  [["contact_email", "contact1@domain.co.uk"], ["contact_fax", "+44 (824) 506-3143"], ["contact_mobile", "+44 (927) 462-2038"], ["contact_phone", "+44 (980) 473-2799"], ["contact_social", "www.test.com"], ["email", "neworg1datamigrationuser0804demo1user02@mailinator.com"], ["first_name", "BC"], ["last_name", "Bloggs"], ["status", 201], ["status_description", "Success."], ["title", "Mr"], ["user_roles", "RMI Tile,RMI User,Access Data Migration"], ["identifier_id", "001b000003V2vepAAB"], ["scheme_id", "SF-ID"], ["created_at", "2024-05-30 15:49:09.061506"], ["updated_at", "2024-05-30 15:49:09.061506"]]
  ↳ app/services/migrate/data_migration.rb:68:in `block (2 levels) in migrate_users_to_db'
  [1m[36mTRANSACTION (7.8ms)[0m  [1m[35mCOMMIT[0m
  ↳ app/services/migrate/data_migration.rb:68:in `block (2 levels) in migrate_users_to_db'
  [1m[36mTRANSACTION (0.1ms)[0m  [1m[35mBEGIN[0m
  ↳ app/services/migrate/data_migration.rb:68:in `block (2 levels) in migrate_users_to_db'
  [1m[36mUser Exists? (1.0ms)[0m  [1m[34mSELECT 1 AS one FROM "users" WHERE LOWER("users"."email") = LOWER($1) LIMIT $2[0m  [["email", "neworg1datamigrationuser0804demo1user03@mailinator.com"], ["LIMIT", 1]]
  ↳ app/services/migrate/data_migration.rb:68:in `block (2 levels) in migrate_users_to_db'
  [1m[36mUser Create (0.3ms)[0m  [1m[32mINSERT INTO "users" ("contact_email", "contact_fax", "contact_mobile", "contact_phone", "contact_social", "email", "first_name", "last_name", "status", "status_description", "title", "user_roles", "identifier_id", "scheme_id", "created_at", "updated_at") VALUES ($1, $2, $3, $4, $5, $6, $7, $8, $9, $10, $11, $12, $13, $14, $15, $16) RETURNING "user_id"[0m  [["contact_email", "contact1@domain.co.uk"], ["contact_fax", "+44 (967) 591-2103"], ["contact_mobile", "+44 (857) 499-2673"], ["contact_phone", "+44 (825) 444-3567"], ["contact_social", "www.test.com"], ["email", "neworg1datamigrationuser0804demo1user03@mailinator.com"], ["first_name", "CD"], ["last_name", "Bloggs"], ["status", 201], ["status_description", "Success."], ["title", "Mr"], ["user_roles", "RMI Tile,RMI User,Access Data Migration"], ["identifier_id", "001b000003V2vepAAB"], ["scheme_id", "SF-ID"], ["created_at", "2024-05-30 15:49:09.072861"], ["updated_at", "2024-05-30 15:49:09.072861"]]
  ↳ app/services/migrate/data_migration.rb:68:in `block (2 levels) in migrate_users_to_db'
  [1m[36mTRANSACTION (7.3ms)[0m  [1m[35mCOMMIT[0m
  ↳ app/services/migrate/data_migration.rb:68:in `block (2 levels) in migrate_users_to_db'
  [1m[36mTRANSACTION (0.1ms)[0m  [1m[35mBEGIN[0m
  ↳ app/services/migrate/data_migration.rb:68:in `block (2 levels) in migrate_users_to_db'
  [1m[36mUser Exists? (0.8ms)[0m  [1m[34mSELECT 1 AS one FROM "users" WHERE LOWER("users"."email") = LOWER($1) LIMIT $2[0m  [["email", "neworg1datamigrationuser0804demo1user04@mailinator.com"], ["LIMIT", 1]]
  ↳ app/services/migrate/data_migration.rb:68:in `block (2 levels) in migrate_users_to_db'
  [1m[36mUser Create (0.2ms)[0m  [1m[32mINSERT INTO "users" ("contact_email", "contact_fax", "contact_mobile", "contact_phone", "contact_social", "email", "first_name", "last_name", "status", "status_description", "title", "user_roles", "identifier_id", "scheme_id", "created_at", "updated_at") VALUES ($1, $2, $3, $4, $5, $6, $7, $8, $9, $10, $11, $12, $13, $14, $15, $16) RETURNING "user_id"[0m  [["contact_email", "contact1@domain.co.uk"], ["contact_fax", "+44 (915) 454-2949"], ["contact_mobile", "+44 (998) 533-3962"], ["contact_phone", "+44 (848) 441-3096"], ["contact_social", "www.test.com"], ["email", "neworg1datamigrationuser0804demo1user04@mailinator.com"], ["first_name", "DE"], ["last_name", "Bloggs"], ["status", 201], ["status_description", "Success."], ["title", "Mr"], ["user_roles", "RMI Tile,RMI User,Access Data Migration"], ["identifier_id", "001b000003V2vepAAB"], ["scheme_id", "SF-ID"], ["created_at", "2024-05-30 15:49:09.083565"], ["updated_at", "2024-05-30 15:49:09.083565"]]
  ↳ app/services/migrate/data_migration.rb:68:in `block (2 levels) in migrate_users_to_db'
  [1m[36mTRANSACTION (8.0ms)[0m  [1m[35mCOMMIT[0m
  ↳ app/services/migrate/data_migration.rb:68:in `block (2 levels) in migrate_users_to_db'
  [1m[36mTRANSACTION (0.1ms)[0m  [1m[35mBEGIN[0m
  ↳ app/services/migrate/data_migration.rb:68:in `block (2 levels) in migrate_users_to_db'
  [1m[36mUser Exists? (0.9ms)[0m  [1m[34mSELECT 1 AS one FROM "users" WHERE LOWER("users"."email") = LOWER($1) LIMIT $2[0m  [["email", "neworg1datamigrationuser0804demo1user05@mailinator.com"], ["LIMIT", 1]]
  ↳ app/services/migrate/data_migration.rb:68:in `block (2 levels) in migrate_users_to_db'
  [1m[36mUser Create (0.3ms)[0m  [1m[32mINSERT INTO "users" ("contact_email", "contact_fax", "contact_mobile", "contact_phone", "contact_social", "email", "first_name", "last_name", "status", "status_description", "title", "user_roles", "identifier_id", "scheme_id", "created_at", "updated_at") VALUES ($1, $2, $3, $4, $5, $6, $7, $8, $9, $10, $11, $12, $13, $14, $15, $16) RETURNING "user_id"[0m  [["contact_email", "contact1@domain.co.uk"], ["contact_fax", "+44 (962) 480-3513"], ["contact_mobile", "+44 (909) 520-2519"], ["contact_phone", "+44 (951) 489-3270"], ["contact_social", "www.test.com"], ["email", "neworg1datamigrationuser0804demo1user05@mailinator.com"], ["first_name", "EF"], ["last_name", "Bloggs"], ["status", 201], ["status_description", "Success."], ["title", "Mr"], ["user_roles", "RMI Tile,RMI User,Access Data Migration"], ["identifier_id", "001b000003V2vepAAB"], ["scheme_id", "SF-ID"], ["created_at", "2024-05-30 15:49:09.095252"], ["updated_at", "2024-05-30 15:49:09.095252"]]
  ↳ app/services/migrate/data_migration.rb:68:in `block (2 levels) in migrate_users_to_db'
  [1m[36mTRANSACTION (7.4ms)[0m  [1m[35mCOMMIT[0m
  ↳ app/services/migrate/data_migration.rb:68:in `block (2 levels) in migrate_users_to_db'
Completed 200 OK in 155ms (Views: 0.9ms | ActiveRecord: 93.2ms | Allocations: 56376)


Started POST "/data-migration/migrate/format/csv" for ::1 at 2024-05-30 16:52:26 +0100
  [1m[36mActiveRecord::SchemaMigration Load (0.4ms)[0m  [1m[34mSELECT "schema_migrations"."version" FROM "schema_migrations" ORDER BY "schema_migrations"."version" ASC[0m
Processing by DataMigrationController#validate_as_csv as */*
  Parameters: {"file"=>#<ActionDispatch::Http::UploadedFile:0x00007e957407e4e0 @tempfile=#<Tempfile:/tmp/RackMultipart20240530-34289-5r4zhm.csv>, @content_type="text/csv", @original_filename="DMTesting-15042024 (1).csv", @headers="Content-Disposition: form-data; name=\"file\"; filename=\"DMTesting-15042024 (1).csv\"\r\nContent-Type: text/csv\r\n">}
  [1m[36mClient Load (0.2ms)[0m  [1m[34mSELECT "clients".* FROM "clients" WHERE "clients"."api_key" = $1 LIMIT $2[0m  [["api_key", "1237"], ["LIMIT", 1]]
  ↳ app/services/authorize/token.rb:10:in `client_auth'
  [1m[36mTRANSACTION (0.1ms)[0m  [1m[35mBEGIN[0m
  ↳ app/services/migrate/data_migration.rb:37:in `block in migrate_orgs_to_db'
  [1m[36mOrganisation Exists? (0.3ms)[0m  [1m[34mSELECT 1 AS one FROM "organisations" WHERE LOWER("organisations"."identifier_id") = LOWER($1) LIMIT $2[0m  [["identifier_id", "001b000003V2vepAAB"], ["LIMIT", 1]]
  ↳ app/services/migrate/data_migration.rb:37:in `block in migrate_orgs_to_db'
  [1m[36mOrganisation Create (0.2ms)[0m  [1m[32mINSERT INTO "organisations" ("identifier_id", "org_roles", "right_to_buy", "scheme_id", "status", "status_description", "domain_name", "created_at", "updated_at") VALUES ($1, $2, $3, $4, $5, $6, $7, $8, $9) RETURNING "org_id"[0m  [["identifier_id", "001b000003V2vepAAB"], ["org_roles", "RMI Tile"], ["right_to_buy", false], ["scheme_id", "SF-ID"], ["status", 201], ["status_description", "Success."], ["domain_name", "mailinator.com"], ["created_at", "2024-05-30 15:52:26.897947"], ["updated_at", "2024-05-30 15:52:26.897947"]]
  ↳ app/services/migrate/data_migration.rb:37:in `block in migrate_orgs_to_db'
  [1m[36mTRANSACTION (149.5ms)[0m  [1m[35mCOMMIT[0m
  ↳ app/services/migrate/data_migration.rb:37:in `block in migrate_orgs_to_db'
  [1m[36mTRANSACTION (0.1ms)[0m  [1m[35mBEGIN[0m
  ↳ app/services/migrate/data_migration.rb:68:in `block (2 levels) in migrate_users_to_db'
  [1m[36mUser Exists? (1.0ms)[0m  [1m[34mSELECT 1 AS one FROM "users" WHERE LOWER("users"."email") = LOWER($1) LIMIT $2[0m  [["email", "neworg1datamigrationuser0804demo1user01@mailinator.com"], ["LIMIT", 1]]
  ↳ app/services/migrate/data_migration.rb:68:in `block (2 levels) in migrate_users_to_db'
  [1m[36mUser Create (0.4ms)[0m  [1m[32mINSERT INTO "users" ("contact_email", "contact_fax", "contact_mobile", "contact_phone", "contact_social", "email", "first_name", "last_name", "status", "status_description", "title", "user_roles", "identifier_id", "scheme_id", "created_at", "updated_at") VALUES ($1, $2, $3, $4, $5, $6, $7, $8, $9, $10, $11, $12, $13, $14, $15, $16) RETURNING "user_id"[0m  [["contact_email", "contact1@domain.co.uk"], ["contact_fax", "+44 (948) 459-3973"], ["contact_mobile", "+44 (994) 522-3827"], ["contact_phone", "+44 (876) 569-2322"], ["contact_social", "www.test.com"], ["email", "neworg1datamigrationuser0804demo1user01@mailinator.com"], ["first_name", "AB"], ["last_name", "Bloggs"], ["status", 201], ["status_description", "Success."], ["title", "Mr"], ["user_roles", "RMI Tile,RMI User,Access Data Migration,Organisation Administrator"], ["identifier_id", "001b000003V2vepAAB"], ["scheme_id", "SF-ID"], ["created_at", "2024-05-30 15:52:27.059496"], ["updated_at", "2024-05-30 15:52:27.059496"]]
  ↳ app/services/migrate/data_migration.rb:68:in `block (2 levels) in migrate_users_to_db'
  [1m[36mTRANSACTION (161.3ms)[0m  [1m[35mCOMMIT[0m
  ↳ app/services/migrate/data_migration.rb:68:in `block (2 levels) in migrate_users_to_db'
  [1m[36mTRANSACTION (0.2ms)[0m  [1m[35mBEGIN[0m
  ↳ app/services/migrate/data_migration.rb:68:in `block (2 levels) in migrate_users_to_db'
  [1m[36mUser Exists? (1.0ms)[0m  [1m[34mSELECT 1 AS one FROM "users" WHERE LOWER("users"."email") = LOWER($1) LIMIT $2[0m  [["email", "neworg1datamigrationuser0804demo1user02@mailinator.com"], ["LIMIT", 1]]
  ↳ app/services/migrate/data_migration.rb:68:in `block (2 levels) in migrate_users_to_db'
  [1m[36mUser Create (0.2ms)[0m  [1m[32mINSERT INTO "users" ("contact_email", "contact_fax", "contact_mobile", "contact_phone", "contact_social", "email", "first_name", "last_name", "status", "status_description", "title", "user_roles", "identifier_id", "scheme_id", "created_at", "updated_at") VALUES ($1, $2, $3, $4, $5, $6, $7, $8, $9, $10, $11, $12, $13, $14, $15, $16) RETURNING "user_id"[0m  [["contact_email", "contact1@domain.co.uk"], ["contact_fax", "+44 (824) 506-3143"], ["contact_mobile", "+44 (927) 462-2038"], ["contact_phone", "+44 (980) 473-2799"], ["contact_social", "www.test.com"], ["email", "neworg1datamigrationuser0804demo1user02@mailinator.com"], ["first_name", "BC"], ["last_name", "Bloggs"], ["status", 201], ["status_description", "Success."], ["title", "Mr"], ["user_roles", "RMI Tile,RMI User,Access Data Migration"], ["identifier_id", "001b000003V2vepAAB"], ["scheme_id", "SF-ID"], ["created_at", "2024-05-30 15:52:27.224898"], ["updated_at", "2024-05-30 15:52:27.224898"]]
  ↳ app/services/migrate/data_migration.rb:68:in `block (2 levels) in migrate_users_to_db'
  [1m[36mTRANSACTION (144.7ms)[0m  [1m[35mCOMMIT[0m
  ↳ app/services/migrate/data_migration.rb:68:in `block (2 levels) in migrate_users_to_db'
  [1m[36mTRANSACTION (0.2ms)[0m  [1m[35mBEGIN[0m
  ↳ app/services/migrate/data_migration.rb:68:in `block (2 levels) in migrate_users_to_db'
  [1m[36mUser Exists? (0.9ms)[0m  [1m[34mSELECT 1 AS one FROM "users" WHERE LOWER("users"."email") = LOWER($1) LIMIT $2[0m  [["email", "neworg1datamigrationuser0804demo1user03@mailinator.com"], ["LIMIT", 1]]
  ↳ app/services/migrate/data_migration.rb:68:in `block (2 levels) in migrate_users_to_db'
  [1m[36mUser Create (0.2ms)[0m  [1m[32mINSERT INTO "users" ("contact_email", "contact_fax", "contact_mobile", "contact_phone", "contact_social", "email", "first_name", "last_name", "status", "status_description", "title", "user_roles", "identifier_id", "scheme_id", "created_at", "updated_at") VALUES ($1, $2, $3, $4, $5, $6, $7, $8, $9, $10, $11, $12, $13, $14, $15, $16) RETURNING "user_id"[0m  [["contact_email", "contact1@domain.co.uk"], ["contact_fax", "+44 (967) 591-2103"], ["contact_mobile", "+44 (857) 499-2673"], ["contact_phone", "+44 (825) 444-3567"], ["contact_social", "www.test.com"], ["email", "neworg1datamigrationuser0804demo1user03@mailinator.com"], ["first_name", "CD"], ["last_name", "Bloggs"], ["status", 201], ["status_description", "Success."], ["title", "Mr"], ["user_roles", "RMI Tile,RMI User,Access Data Migration"], ["identifier_id", "001b000003V2vepAAB"], ["scheme_id", "SF-ID"], ["created_at", "2024-05-30 15:52:27.373209"], ["updated_at", "2024-05-30 15:52:27.373209"]]
  ↳ app/services/migrate/data_migration.rb:68:in `block (2 levels) in migrate_users_to_db'
  [1m[36mTRANSACTION (211.9ms)[0m  [1m[35mCOMMIT[0m
  ↳ app/services/migrate/data_migration.rb:68:in `block (2 levels) in migrate_users_to_db'
  [1m[36mTRANSACTION (0.2ms)[0m  [1m[35mBEGIN[0m
  ↳ app/services/migrate/data_migration.rb:68:in `block (2 levels) in migrate_users_to_db'
  [1m[36mUser Exists? (1.2ms)[0m  [1m[34mSELECT 1 AS one FROM "users" WHERE LOWER("users"."email") = LOWER($1) LIMIT $2[0m  [["email", "neworg1datamigrationuser0804demo1user04@mailinator.com"], ["LIMIT", 1]]
  ↳ app/services/migrate/data_migration.rb:68:in `block (2 levels) in migrate_users_to_db'
  [1m[36mUser Create (0.3ms)[0m  [1m[32mINSERT INTO "users" ("contact_email", "contact_fax", "contact_mobile", "contact_phone", "contact_social", "email", "first_name", "last_name", "status", "status_description", "title", "user_roles", "identifier_id", "scheme_id", "created_at", "updated_at") VALUES ($1, $2, $3, $4, $5, $6, $7, $8, $9, $10, $11, $12, $13, $14, $15, $16) RETURNING "user_id"[0m  [["contact_email", "contact1@domain.co.uk"], ["contact_fax", "+44 (915) 454-2949"], ["contact_mobile", "+44 (998) 533-3962"], ["contact_phone", "+44 (848) 441-3096"], ["contact_social", "www.test.com"], ["email", "neworg1datamigrationuser0804demo1user04@mailinator.com"], ["first_name", "DE"], ["last_name", "Bloggs"], ["status", 201], ["status_description", "Success."], ["title", "Mr"], ["user_roles", "RMI Tile,RMI User,Access Data Migration"], ["identifier_id", "001b000003V2vepAAB"], ["scheme_id", "SF-ID"], ["created_at", "2024-05-30 15:52:27.588777"], ["updated_at", "2024-05-30 15:52:27.588777"]]
  ↳ app/services/migrate/data_migration.rb:68:in `block (2 levels) in migrate_users_to_db'
  [1m[36mTRANSACTION (183.3ms)[0m  [1m[35mCOMMIT[0m
  ↳ app/services/migrate/data_migration.rb:68:in `block (2 levels) in migrate_users_to_db'
  [1m[36mTRANSACTION (0.2ms)[0m  [1m[35mBEGIN[0m
  ↳ app/services/migrate/data_migration.rb:68:in `block (2 levels) in migrate_users_to_db'
  [1m[36mUser Exists? (1.0ms)[0m  [1m[34mSELECT 1 AS one FROM "users" WHERE LOWER("users"."email") = LOWER($1) LIMIT $2[0m  [["email", "neworg1datamigrationuser0804demo1user05@mailinator.com"], ["LIMIT", 1]]
  ↳ app/services/migrate/data_migration.rb:68:in `block (2 levels) in migrate_users_to_db'
  [1m[36mUser Create (0.3ms)[0m  [1m[32mINSERT INTO "users" ("contact_email", "contact_fax", "contact_mobile", "contact_phone", "contact_social", "email", "first_name", "last_name", "status", "status_description", "title", "user_roles", "identifier_id", "scheme_id", "created_at", "updated_at") VALUES ($1, $2, $3, $4, $5, $6, $7, $8, $9, $10, $11, $12, $13, $14, $15, $16) RETURNING "user_id"[0m  [["contact_email", "contact1@domain.co.uk"], ["contact_fax", "+44 (962) 480-3513"], ["contact_mobile", "+44 (909) 520-2519"], ["contact_phone", "+44 (951) 489-3270"], ["contact_social", "www.test.com"], ["email", "neworg1datamigrationuser0804demo1user05@mailinator.com"], ["first_name", "EF"], ["last_name", "Bloggs"], ["status", 201], ["status_description", "Success."], ["title", "Mr"], ["user_roles", "RMI Tile,RMI User,Access Data Migration"], ["identifier_id", "001b000003V2vepAAB"], ["scheme_id", "SF-ID"], ["created_at", "2024-05-30 15:52:27.775564"], ["updated_at", "2024-05-30 15:52:27.775564"]]
  ↳ app/services/migrate/data_migration.rb:68:in `block (2 levels) in migrate_users_to_db'
  [1m[36mTRANSACTION (186.9ms)[0m  [1m[35mCOMMIT[0m
  ↳ app/services/migrate/data_migration.rb:68:in `block (2 levels) in migrate_users_to_db'
Started POST "/identities/organisations/schemes/SF-ID/identifiers/001b000003V2vepAAB" for 127.0.0.1 at 2024-05-30 16:52:27 +0100
  
ActionController::RoutingError (No route matches [POST] "/identities/organisations/schemes/SF-ID/identifiers/001b000003V2vepAAB"):
  
Completed 200 OK in 1116ms (Views: 0.8ms | ActiveRecord: 1054.9ms | Allocations: 61488)


Started POST "/data-migration/migrate/format/csv" for ::1 at 2024-05-30 16:55:21 +0100
Processing by DataMigrationController#validate_as_csv as */*
  Parameters: {"file"=>#<ActionDispatch::Http::UploadedFile:0x00007e95336e6eb8 @tempfile=#<Tempfile:/tmp/RackMultipart20240530-34289-zqfc8q.csv>, @content_type="text/csv", @original_filename="DMTesting-15042024 (1).csv", @headers="Content-Disposition: form-data; name=\"file\"; filename=\"DMTesting-15042024 (1).csv\"\r\nContent-Type: text/csv\r\n">}
  [1m[36mClient Load (0.2ms)[0m  [1m[34mSELECT "clients".* FROM "clients" WHERE "clients"."api_key" = $1 LIMIT $2[0m  [["api_key", "1237"], ["LIMIT", 1]]
  ↳ app/services/authorize/token.rb:10:in `client_auth'
  [1m[36mTRANSACTION (0.1ms)[0m  [1m[35mBEGIN[0m
  ↳ app/services/migrate/data_migration.rb:37:in `block in migrate_orgs_to_db'
  [1m[36mOrganisation Exists? (0.9ms)[0m  [1m[34mSELECT 1 AS one FROM "organisations" WHERE LOWER("organisations"."identifier_id") = LOWER($1) LIMIT $2[0m  [["identifier_id", "001b000003V2vepAAB"], ["LIMIT", 1]]
  ↳ app/services/migrate/data_migration.rb:37:in `block in migrate_orgs_to_db'
  [1m[36mOrganisation Create (0.2ms)[0m  [1m[32mINSERT INTO "organisations" ("identifier_id", "org_roles", "right_to_buy", "scheme_id", "status", "status_description", "domain_name", "created_at", "updated_at") VALUES ($1, $2, $3, $4, $5, $6, $7, $8, $9) RETURNING "org_id"[0m  [["identifier_id", "001b000003V2vepAAB"], ["org_roles", "RMI Tile"], ["right_to_buy", false], ["scheme_id", "SF-ID"], ["status", 201], ["status_description", "Success."], ["domain_name", "mailinator.com"], ["created_at", "2024-05-30 15:55:22.000691"], ["updated_at", "2024-05-30 15:55:22.000691"]]
  ↳ app/services/migrate/data_migration.rb:37:in `block in migrate_orgs_to_db'
  [1m[36mTRANSACTION (54.5ms)[0m  [1m[35mCOMMIT[0m
  ↳ app/services/migrate/data_migration.rb:37:in `block in migrate_orgs_to_db'
  [1m[36mTRANSACTION (0.3ms)[0m  [1m[35mBEGIN[0m
  ↳ app/services/migrate/data_migration.rb:68:in `block (2 levels) in migrate_users_to_db'
  [1m[36mUser Exists? (1.9ms)[0m  [1m[34mSELECT 1 AS one FROM "users" WHERE LOWER("users"."email") = LOWER($1) LIMIT $2[0m  [["email", "neworg1datamigrationuser0804demo1user01@mailinator.com"], ["LIMIT", 1]]
  ↳ app/services/migrate/data_migration.rb:68:in `block (2 levels) in migrate_users_to_db'
  [1m[36mUser Create (0.3ms)[0m  [1m[32mINSERT INTO "users" ("contact_email", "contact_fax", "contact_mobile", "contact_phone", "contact_social", "email", "first_name", "last_name", "status", "status_description", "title", "user_roles", "identifier_id", "scheme_id", "created_at", "updated_at") VALUES ($1, $2, $3, $4, $5, $6, $7, $8, $9, $10, $11, $12, $13, $14, $15, $16) RETURNING "user_id"[0m  [["contact_email", "contact1@domain.co.uk"], ["contact_fax", "+44 (948) 459-3973"], ["contact_mobile", "+44 (994) 522-3827"], ["contact_phone", "+44 (876) 569-2322"], ["contact_social", "www.test.com"], ["email", "neworg1datamigrationuser0804demo1user01@mailinator.com"], ["first_name", "AB"], ["last_name", "Bloggs"], ["status", 201], ["status_description", "Success."], ["title", "Mr"], ["user_roles", "RMI Tile,RMI User,Access Data Migration,Organisation Administrator"], ["identifier_id", "001b000003V2vepAAB"], ["scheme_id", "SF-ID"], ["created_at", "2024-05-30 15:55:22.084105"], ["updated_at", "2024-05-30 15:55:22.084105"]]
  ↳ app/services/migrate/data_migration.rb:68:in `block (2 levels) in migrate_users_to_db'
  [1m[36mTRANSACTION (12.1ms)[0m  [1m[35mCOMMIT[0m
  ↳ app/services/migrate/data_migration.rb:68:in `block (2 levels) in migrate_users_to_db'
  [1m[36mTRANSACTION (0.2ms)[0m  [1m[35mBEGIN[0m
  ↳ app/services/migrate/data_migration.rb:68:in `block (2 levels) in migrate_users_to_db'
  [1m[36mUser Exists? (1.0ms)[0m  [1m[34mSELECT 1 AS one FROM "users" WHERE LOWER("users"."email") = LOWER($1) LIMIT $2[0m  [["email", "neworg1datamigrationuser0804demo1user02@mailinator.com"], ["LIMIT", 1]]
  ↳ app/services/migrate/data_migration.rb:68:in `block (2 levels) in migrate_users_to_db'
  [1m[36mUser Create (0.2ms)[0m  [1m[32mINSERT INTO "users" ("contact_email", "contact_fax", "contact_mobile", "contact_phone", "contact_social", "email", "first_name", "last_name", "status", "status_description", "title", "user_roles", "identifier_id", "scheme_id", "created_at", "updated_at") VALUES ($1, $2, $3, $4, $5, $6, $7, $8, $9, $10, $11, $12, $13, $14, $15, $16) RETURNING "user_id"[0m  [["contact_email", "contact1@domain.co.uk"], ["contact_fax", "+44 (824) 506-3143"], ["contact_mobile", "+44 (927) 462-2038"], ["contact_phone", "+44 (980) 473-2799"], ["contact_social", "www.test.com"], ["email", "neworg1datamigrationuser0804demo1user02@mailinator.com"], ["first_name", "BC"], ["last_name", "Bloggs"], ["status", 201], ["status_description", "Success."], ["title", "Mr"], ["user_roles", "RMI Tile,RMI User,Access Data Migration"], ["identifier_id", "001b000003V2vepAAB"], ["scheme_id", "SF-ID"], ["created_at", "2024-05-30 15:55:22.100004"], ["updated_at", "2024-05-30 15:55:22.100004"]]
  ↳ app/services/migrate/data_migration.rb:68:in `block (2 levels) in migrate_users_to_db'
  [1m[36mTRANSACTION (6.6ms)[0m  [1m[35mCOMMIT[0m
  ↳ app/services/migrate/data_migration.rb:68:in `block (2 levels) in migrate_users_to_db'
  [1m[36mTRANSACTION (0.1ms)[0m  [1m[35mBEGIN[0m
  ↳ app/services/migrate/data_migration.rb:68:in `block (2 levels) in migrate_users_to_db'
  [1m[36mUser Exists? (0.8ms)[0m  [1m[34mSELECT 1 AS one FROM "users" WHERE LOWER("users"."email") = LOWER($1) LIMIT $2[0m  [["email", "neworg1datamigrationuser0804demo1user03@mailinator.com"], ["LIMIT", 1]]
  ↳ app/services/migrate/data_migration.rb:68:in `block (2 levels) in migrate_users_to_db'
  [1m[36mUser Create (0.3ms)[0m  [1m[32mINSERT INTO "users" ("contact_email", "contact_fax", "contact_mobile", "contact_phone", "contact_social", "email", "first_name", "last_name", "status", "status_description", "title", "user_roles", "identifier_id", "scheme_id", "created_at", "updated_at") VALUES ($1, $2, $3, $4, $5, $6, $7, $8, $9, $10, $11, $12, $13, $14, $15, $16) RETURNING "user_id"[0m  [["contact_email", "contact1@domain.co.uk"], ["contact_fax", "+44 (967) 591-2103"], ["contact_mobile", "+44 (857) 499-2673"], ["contact_phone", "+44 (825) 444-3567"], ["contact_social", "www.test.com"], ["email", "neworg1datamigrationuser0804demo1user03@mailinator.com"], ["first_name", "CD"], ["last_name", "Bloggs"], ["status", 201], ["status_description", "Success."], ["title", "Mr"], ["user_roles", "RMI Tile,RMI User,Access Data Migration"], ["identifier_id", "001b000003V2vepAAB"], ["scheme_id", "SF-ID"], ["created_at", "2024-05-30 15:55:22.110370"], ["updated_at", "2024-05-30 15:55:22.110370"]]
  ↳ app/services/migrate/data_migration.rb:68:in `block (2 levels) in migrate_users_to_db'
  [1m[36mTRANSACTION (8.1ms)[0m  [1m[35mCOMMIT[0m
  ↳ app/services/migrate/data_migration.rb:68:in `block (2 levels) in migrate_users_to_db'
  [1m[36mTRANSACTION (0.1ms)[0m  [1m[35mBEGIN[0m
  ↳ app/services/migrate/data_migration.rb:68:in `block (2 levels) in migrate_users_to_db'
  [1m[36mUser Exists? (0.7ms)[0m  [1m[34mSELECT 1 AS one FROM "users" WHERE LOWER("users"."email") = LOWER($1) LIMIT $2[0m  [["email", "neworg1datamigrationuser0804demo1user04@mailinator.com"], ["LIMIT", 1]]
  ↳ app/services/migrate/data_migration.rb:68:in `block (2 levels) in migrate_users_to_db'
  [1m[36mUser Create (0.2ms)[0m  [1m[32mINSERT INTO "users" ("contact_email", "contact_fax", "contact_mobile", "contact_phone", "contact_social", "email", "first_name", "last_name", "status", "status_description", "title", "user_roles", "identifier_id", "scheme_id", "created_at", "updated_at") VALUES ($1, $2, $3, $4, $5, $6, $7, $8, $9, $10, $11, $12, $13, $14, $15, $16) RETURNING "user_id"[0m  [["contact_email", "contact1@domain.co.uk"], ["contact_fax", "+44 (915) 454-2949"], ["contact_mobile", "+44 (998) 533-3962"], ["contact_phone", "+44 (848) 441-3096"], ["contact_social", "www.test.com"], ["email", "neworg1datamigrationuser0804demo1user04@mailinator.com"], ["first_name", "DE"], ["last_name", "Bloggs"], ["status", 201], ["status_description", "Success."], ["title", "Mr"], ["user_roles", "RMI Tile,RMI User,Access Data Migration"], ["identifier_id", "001b000003V2vepAAB"], ["scheme_id", "SF-ID"], ["created_at", "2024-05-30 15:55:22.121887"], ["updated_at", "2024-05-30 15:55:22.121887"]]
  ↳ app/services/migrate/data_migration.rb:68:in `block (2 levels) in migrate_users_to_db'
  [1m[36mTRANSACTION (8.0ms)[0m  [1m[35mCOMMIT[0m
  ↳ app/services/migrate/data_migration.rb:68:in `block (2 levels) in migrate_users_to_db'
  [1m[36mTRANSACTION (0.2ms)[0m  [1m[35mBEGIN[0m
  ↳ app/services/migrate/data_migration.rb:68:in `block (2 levels) in migrate_users_to_db'
  [1m[36mUser Exists? (1.1ms)[0m  [1m[34mSELECT 1 AS one FROM "users" WHERE LOWER("users"."email") = LOWER($1) LIMIT $2[0m  [["email", "neworg1datamigrationuser0804demo1user05@mailinator.com"], ["LIMIT", 1]]
  ↳ app/services/migrate/data_migration.rb:68:in `block (2 levels) in migrate_users_to_db'
  [1m[36mUser Create (0.2ms)[0m  [1m[32mINSERT INTO "users" ("contact_email", "contact_fax", "contact_mobile", "contact_phone", "contact_social", "email", "first_name", "last_name", "status", "status_description", "title", "user_roles", "identifier_id", "scheme_id", "created_at", "updated_at") VALUES ($1, $2, $3, $4, $5, $6, $7, $8, $9, $10, $11, $12, $13, $14, $15, $16) RETURNING "user_id"[0m  [["contact_email", "contact1@domain.co.uk"], ["contact_fax", "+44 (962) 480-3513"], ["contact_mobile", "+44 (909) 520-2519"], ["contact_phone", "+44 (951) 489-3270"], ["contact_social", "www.test.com"], ["email", "neworg1datamigrationuser0804demo1user05@mailinator.com"], ["first_name", "EF"], ["last_name", "Bloggs"], ["status", 201], ["status_description", "Success."], ["title", "Mr"], ["user_roles", "RMI Tile,RMI User,Access Data Migration"], ["identifier_id", "001b000003V2vepAAB"], ["scheme_id", "SF-ID"], ["created_at", "2024-05-30 15:55:22.133848"], ["updated_at", "2024-05-30 15:55:22.133848"]]
  ↳ app/services/migrate/data_migration.rb:68:in `block (2 levels) in migrate_users_to_db'
  [1m[36mTRANSACTION (7.2ms)[0m  [1m[35mCOMMIT[0m
  ↳ app/services/migrate/data_migration.rb:68:in `block (2 levels) in migrate_users_to_db'
Started POST "/identities/organisations/schemes/SF-ID/identifiers/001b000003V2vepAAB" for 127.0.0.1 at 2024-05-30 16:55:22 +0100
Completed 200 OK in 60187ms (Views: 0.6ms | ActiveRecord: 111.8ms | Allocations: 31042)


  
ActionController::RoutingError (No route matches [POST] "/identities/organisations/schemes/SF-ID/identifiers/001b000003V2vepAAB"):
  
Started POST "/data-migration/migrate/format/csv" for ::1 at 2024-05-30 16:56:52 +0100
Processing by DataMigrationController#validate_as_csv as */*
  Parameters: {"file"=>#<ActionDispatch::Http::UploadedFile:0x00007e95337bde40 @tempfile=#<Tempfile:/tmp/RackMultipart20240530-34289-h61lmu.csv>, @content_type="text/csv", @original_filename="DMTesting-15042024 (1).csv", @headers="Content-Disposition: form-data; name=\"file\"; filename=\"DMTesting-15042024 (1).csv\"\r\nContent-Type: text/csv\r\n">}
  [1m[36mClient Load (0.2ms)[0m  [1m[34mSELECT "clients".* FROM "clients" WHERE "clients"."api_key" = $1 LIMIT $2[0m  [["api_key", "1237"], ["LIMIT", 1]]
  ↳ app/services/authorize/token.rb:10:in `client_auth'
  [1m[36mTRANSACTION (0.1ms)[0m  [1m[35mBEGIN[0m
  ↳ app/services/migrate/data_migration.rb:37:in `block in migrate_orgs_to_db'
  [1m[36mOrganisation Exists? (0.7ms)[0m  [1m[34mSELECT 1 AS one FROM "organisations" WHERE LOWER("organisations"."identifier_id") = LOWER($1) LIMIT $2[0m  [["identifier_id", "001b000003V2vepAAB"], ["LIMIT", 1]]
  ↳ app/services/migrate/data_migration.rb:37:in `block in migrate_orgs_to_db'
  [1m[36mOrganisation Create (0.3ms)[0m  [1m[32mINSERT INTO "organisations" ("identifier_id", "org_roles", "right_to_buy", "scheme_id", "status", "status_description", "domain_name", "created_at", "updated_at") VALUES ($1, $2, $3, $4, $5, $6, $7, $8, $9) RETURNING "org_id"[0m  [["identifier_id", "001b000003V2vepAAB"], ["org_roles", "RMI Tile"], ["right_to_buy", false], ["scheme_id", "SF-ID"], ["status", 201], ["status_description", "Success."], ["domain_name", "mailinator.com"], ["created_at", "2024-05-30 15:56:52.918641"], ["updated_at", "2024-05-30 15:56:52.918641"]]
  ↳ app/services/migrate/data_migration.rb:37:in `block in migrate_orgs_to_db'
  [1m[36mTRANSACTION (139.5ms)[0m  [1m[35mCOMMIT[0m
  ↳ app/services/migrate/data_migration.rb:37:in `block in migrate_orgs_to_db'
  [1m[36mTRANSACTION (0.1ms)[0m  [1m[35mBEGIN[0m
  ↳ app/services/migrate/data_migration.rb:68:in `block (2 levels) in migrate_users_to_db'
  [1m[36mUser Exists? (0.8ms)[0m  [1m[34mSELECT 1 AS one FROM "users" WHERE LOWER("users"."email") = LOWER($1) LIMIT $2[0m  [["email", "neworg1datamigrationuser0804demo1user01@mailinator.com"], ["LIMIT", 1]]
  ↳ app/services/migrate/data_migration.rb:68:in `block (2 levels) in migrate_users_to_db'
  [1m[36mUser Create (0.5ms)[0m  [1m[32mINSERT INTO "users" ("contact_email", "contact_fax", "contact_mobile", "contact_phone", "contact_social", "email", "first_name", "last_name", "status", "status_description", "title", "user_roles", "identifier_id", "scheme_id", "created_at", "updated_at") VALUES ($1, $2, $3, $4, $5, $6, $7, $8, $9, $10, $11, $12, $13, $14, $15, $16) RETURNING "user_id"[0m  [["contact_email", "contact1@domain.co.uk"], ["contact_fax", "+44 (948) 459-3973"], ["contact_mobile", "+44 (994) 522-3827"], ["contact_phone", "+44 (876) 569-2322"], ["contact_social", "www.test.com"], ["email", "neworg1datamigrationuser0804demo1user01@mailinator.com"], ["first_name", "AB"], ["last_name", "Bloggs"], ["status", 201], ["status_description", "Success."], ["title", "Mr"], ["user_roles", "RMI Tile,RMI User,Access Data Migration,Organisation Administrator"], ["identifier_id", "001b000003V2vepAAB"], ["scheme_id", "SF-ID"], ["created_at", "2024-05-30 15:56:53.066954"], ["updated_at", "2024-05-30 15:56:53.066954"]]
  ↳ app/services/migrate/data_migration.rb:68:in `block (2 levels) in migrate_users_to_db'
  [1m[36mTRANSACTION (152.0ms)[0m  [1m[35mCOMMIT[0m
  ↳ app/services/migrate/data_migration.rb:68:in `block (2 levels) in migrate_users_to_db'
  [1m[36mTRANSACTION (0.1ms)[0m  [1m[35mBEGIN[0m
  ↳ app/services/migrate/data_migration.rb:68:in `block (2 levels) in migrate_users_to_db'
  [1m[36mUser Exists? (0.8ms)[0m  [1m[34mSELECT 1 AS one FROM "users" WHERE LOWER("users"."email") = LOWER($1) LIMIT $2[0m  [["email", "neworg1datamigrationuser0804demo1user02@mailinator.com"], ["LIMIT", 1]]
  ↳ app/services/migrate/data_migration.rb:68:in `block (2 levels) in migrate_users_to_db'
  [1m[36mUser Create (0.2ms)[0m  [1m[32mINSERT INTO "users" ("contact_email", "contact_fax", "contact_mobile", "contact_phone", "contact_social", "email", "first_name", "last_name", "status", "status_description", "title", "user_roles", "identifier_id", "scheme_id", "created_at", "updated_at") VALUES ($1, $2, $3, $4, $5, $6, $7, $8, $9, $10, $11, $12, $13, $14, $15, $16) RETURNING "user_id"[0m  [["contact_email", "contact1@domain.co.uk"], ["contact_fax", "+44 (824) 506-3143"], ["contact_mobile", "+44 (927) 462-2038"], ["contact_phone", "+44 (980) 473-2799"], ["contact_social", "www.test.com"], ["email", "neworg1datamigrationuser0804demo1user02@mailinator.com"], ["first_name", "BC"], ["last_name", "Bloggs"], ["status", 201], ["status_description", "Success."], ["title", "Mr"], ["user_roles", "RMI Tile,RMI User,Access Data Migration"], ["identifier_id", "001b000003V2vepAAB"], ["scheme_id", "SF-ID"], ["created_at", "2024-05-30 15:56:53.222736"], ["updated_at", "2024-05-30 15:56:53.222736"]]
  ↳ app/services/migrate/data_migration.rb:68:in `block (2 levels) in migrate_users_to_db'
  [1m[36mTRANSACTION (168.8ms)[0m  [1m[35mCOMMIT[0m
  ↳ app/services/migrate/data_migration.rb:68:in `block (2 levels) in migrate_users_to_db'
  [1m[36mTRANSACTION (0.1ms)[0m  [1m[35mBEGIN[0m
  ↳ app/services/migrate/data_migration.rb:68:in `block (2 levels) in migrate_users_to_db'
  [1m[36mUser Exists? (0.9ms)[0m  [1m[34mSELECT 1 AS one FROM "users" WHERE LOWER("users"."email") = LOWER($1) LIMIT $2[0m  [["email", "neworg1datamigrationuser0804demo1user03@mailinator.com"], ["LIMIT", 1]]
  ↳ app/services/migrate/data_migration.rb:68:in `block (2 levels) in migrate_users_to_db'
  [1m[36mUser Create (0.2ms)[0m  [1m[32mINSERT INTO "users" ("contact_email", "contact_fax", "contact_mobile", "contact_phone", "contact_social", "email", "first_name", "last_name", "status", "status_description", "title", "user_roles", "identifier_id", "scheme_id", "created_at", "updated_at") VALUES ($1, $2, $3, $4, $5, $6, $7, $8, $9, $10, $11, $12, $13, $14, $15, $16) RETURNING "user_id"[0m  [["contact_email", "contact1@domain.co.uk"], ["contact_fax", "+44 (967) 591-2103"], ["contact_mobile", "+44 (857) 499-2673"], ["contact_phone", "+44 (825) 444-3567"], ["contact_social", "www.test.com"], ["email", "neworg1datamigrationuser0804demo1user03@mailinator.com"], ["first_name", "CD"], ["last_name", "Bloggs"], ["status", 201], ["status_description", "Success."], ["title", "Mr"], ["user_roles", "RMI Tile,RMI User,Access Data Migration"], ["identifier_id", "001b000003V2vepAAB"], ["scheme_id", "SF-ID"], ["created_at", "2024-05-30 15:56:53.395219"], ["updated_at", "2024-05-30 15:56:53.395219"]]
  ↳ app/services/migrate/data_migration.rb:68:in `block (2 levels) in migrate_users_to_db'
  [1m[36mTRANSACTION (143.7ms)[0m  [1m[35mCOMMIT[0m
  ↳ app/services/migrate/data_migration.rb:68:in `block (2 levels) in migrate_users_to_db'
  [1m[36mTRANSACTION (0.1ms)[0m  [1m[35mBEGIN[0m
  ↳ app/services/migrate/data_migration.rb:68:in `block (2 levels) in migrate_users_to_db'
  [1m[36mUser Exists? (0.8ms)[0m  [1m[34mSELECT 1 AS one FROM "users" WHERE LOWER("users"."email") = LOWER($1) LIMIT $2[0m  [["email", "neworg1datamigrationuser0804demo1user04@mailinator.com"], ["LIMIT", 1]]
  ↳ app/services/migrate/data_migration.rb:68:in `block (2 levels) in migrate_users_to_db'
  [1m[36mUser Create (0.2ms)[0m  [1m[32mINSERT INTO "users" ("contact_email", "contact_fax", "contact_mobile", "contact_phone", "contact_social", "email", "first_name", "last_name", "status", "status_description", "title", "user_roles", "identifier_id", "scheme_id", "created_at", "updated_at") VALUES ($1, $2, $3, $4, $5, $6, $7, $8, $9, $10, $11, $12, $13, $14, $15, $16) RETURNING "user_id"[0m  [["contact_email", "contact1@domain.co.uk"], ["contact_fax", "+44 (915) 454-2949"], ["contact_mobile", "+44 (998) 533-3962"], ["contact_phone", "+44 (848) 441-3096"], ["contact_social", "www.test.com"], ["email", "neworg1datamigrationuser0804demo1user04@mailinator.com"], ["first_name", "DE"], ["last_name", "Bloggs"], ["status", 201], ["status_description", "Success."], ["title", "Mr"], ["user_roles", "RMI Tile,RMI User,Access Data Migration"], ["identifier_id", "001b000003V2vepAAB"], ["scheme_id", "SF-ID"], ["created_at", "2024-05-30 15:56:53.542047"], ["updated_at", "2024-05-30 15:56:53.542047"]]
  ↳ app/services/migrate/data_migration.rb:68:in `block (2 levels) in migrate_users_to_db'
  [1m[36mTRANSACTION (163.0ms)[0m  [1m[35mCOMMIT[0m
  ↳ app/services/migrate/data_migration.rb:68:in `block (2 levels) in migrate_users_to_db'
  [1m[36mTRANSACTION (0.1ms)[0m  [1m[35mBEGIN[0m
  ↳ app/services/migrate/data_migration.rb:68:in `block (2 levels) in migrate_users_to_db'
  [1m[36mUser Exists? (0.8ms)[0m  [1m[34mSELECT 1 AS one FROM "users" WHERE LOWER("users"."email") = LOWER($1) LIMIT $2[0m  [["email", "neworg1datamigrationuser0804demo1user05@mailinator.com"], ["LIMIT", 1]]
  ↳ app/services/migrate/data_migration.rb:68:in `block (2 levels) in migrate_users_to_db'
  [1m[36mUser Create (0.2ms)[0m  [1m[32mINSERT INTO "users" ("contact_email", "contact_fax", "contact_mobile", "contact_phone", "contact_social", "email", "first_name", "last_name", "status", "status_description", "title", "user_roles", "identifier_id", "scheme_id", "created_at", "updated_at") VALUES ($1, $2, $3, $4, $5, $6, $7, $8, $9, $10, $11, $12, $13, $14, $15, $16) RETURNING "user_id"[0m  [["contact_email", "contact1@domain.co.uk"], ["contact_fax", "+44 (962) 480-3513"], ["contact_mobile", "+44 (909) 520-2519"], ["contact_phone", "+44 (951) 489-3270"], ["contact_social", "www.test.com"], ["email", "neworg1datamigrationuser0804demo1user05@mailinator.com"], ["first_name", "EF"], ["last_name", "Bloggs"], ["status", 201], ["status_description", "Success."], ["title", "Mr"], ["user_roles", "RMI Tile,RMI User,Access Data Migration"], ["identifier_id", "001b000003V2vepAAB"], ["scheme_id", "SF-ID"], ["created_at", "2024-05-30 15:56:53.708331"], ["updated_at", "2024-05-30 15:56:53.708331"]]
  ↳ app/services/migrate/data_migration.rb:68:in `block (2 levels) in migrate_users_to_db'
  [1m[36mTRANSACTION (372.1ms)[0m  [1m[35mCOMMIT[0m
  ↳ app/services/migrate/data_migration.rb:68:in `block (2 levels) in migrate_users_to_db'
Completed 200 OK in 1621ms (Views: 0.7ms | ActiveRecord: 1150.5ms | Allocations: 30867)


  [1m[35m (0.1ms)[0m  [1m[34mSELECT pg_try_advisory_lock(8505239646891317400)[0m
  [1m[36mActiveRecord::SchemaMigration Load (0.3ms)[0m  [1m[34mSELECT "schema_migrations"."version" FROM "schema_migrations" ORDER BY "schema_migrations"."version" ASC[0m
  [1m[36mActiveRecord::InternalMetadata Load (0.3ms)[0m  [1m[34mSELECT * FROM "ar_internal_metadata" WHERE "ar_internal_metadata"."key" = $1 ORDER BY "ar_internal_metadata"."key" ASC LIMIT 1[0m  [[nil, "environment"]]
  [1m[35m (0.1ms)[0m  [1m[34mSELECT pg_advisory_unlock(8505239646891317400)[0m
  [1m[36mActiveRecord::SchemaMigration Load (0.2ms)[0m  [1m[34mSELECT "schema_migrations"."version" FROM "schema_migrations" ORDER BY "schema_migrations"."version" ASC[0m
  [1m[35m (0.1ms)[0m  [1m[34mSELECT pg_try_advisory_lock(8505239646891317400)[0m
  [1m[36mActiveRecord::SchemaMigration Load (0.3ms)[0m  [1m[34mSELECT "schema_migrations"."version" FROM "schema_migrations" ORDER BY "schema_migrations"."version" ASC[0m
  [1m[36mActiveRecord::InternalMetadata Load (0.3ms)[0m  [1m[34mSELECT * FROM "ar_internal_metadata" WHERE "ar_internal_metadata"."key" = $1 ORDER BY "ar_internal_metadata"."key" ASC LIMIT 1[0m  [[nil, "environment"]]
  [1m[35m (0.1ms)[0m  [1m[34mSELECT pg_advisory_unlock(8505239646891317400)[0m
  [1m[36mActiveRecord::SchemaMigration Load (0.1ms)[0m  [1m[34mSELECT "schema_migrations"."version" FROM "schema_migrations" ORDER BY "schema_migrations"."version" ASC[0m
  [1m[36mActiveRecord::SchemaMigration Load (0.3ms)[0m  [1m[34mSELECT "schema_migrations"."version" FROM "schema_migrations" ORDER BY "schema_migrations"."version" ASC[0m
  [1m[36mActiveRecord::InternalMetadata Load (0.3ms)[0m  [1m[34mSELECT * FROM "ar_internal_metadata" WHERE "ar_internal_metadata"."key" = $1 ORDER BY "ar_internal_metadata"."key" ASC LIMIT 1[0m  [[nil, "environment"]]
  [1m[36mActiveRecord::SchemaMigration Load (0.1ms)[0m  [1m[34mSELECT "schema_migrations"."version" FROM "schema_migrations" ORDER BY "schema_migrations"."version" ASC[0m
  [1m[36mActiveRecord::InternalMetadata Load (0.1ms)[0m  [1m[34mSELECT * FROM "ar_internal_metadata" WHERE "ar_internal_metadata"."key" = $1 ORDER BY "ar_internal_metadata"."key" ASC LIMIT 1[0m  [[nil, "environment"]]
  [1m[36mActiveRecord::SchemaMigration Load (0.1ms)[0m  [1m[34mSELECT "schema_migrations"."version" FROM "schema_migrations" ORDER BY "schema_migrations"."version" ASC[0m
  [1m[36mActiveRecord::InternalMetadata Load (0.1ms)[0m  [1m[34mSELECT * FROM "ar_internal_metadata" WHERE "ar_internal_metadata"."key" = $1 ORDER BY "ar_internal_metadata"."key" ASC LIMIT 1[0m  [[nil, "environment"]]
  [1m[35m (5010.5ms)[0m  [1m[35mDROP DATABASE IF EXISTS "data_migration_twod"[0m
  [1m[36mActiveRecord::SchemaMigration Load (0.3ms)[0m  [1m[34mSELECT "schema_migrations"."version" FROM "schema_migrations" ORDER BY "schema_migrations"."version" ASC[0m
  [1m[36mActiveRecord::InternalMetadata Load (0.3ms)[0m  [1m[34mSELECT * FROM "ar_internal_metadata" WHERE "ar_internal_metadata"."key" = $1 ORDER BY "ar_internal_metadata"."key" ASC LIMIT 1[0m  [[nil, "environment"]]
  [1m[36mActiveRecord::SchemaMigration Load (0.1ms)[0m  [1m[34mSELECT "schema_migrations"."version" FROM "schema_migrations" ORDER BY "schema_migrations"."version" ASC[0m
  [1m[36mActiveRecord::InternalMetadata Load (0.2ms)[0m  [1m[34mSELECT * FROM "ar_internal_metadata" WHERE "ar_internal_metadata"."key" = $1 ORDER BY "ar_internal_metadata"."key" ASC LIMIT 1[0m  [[nil, "environment"]]
  [1m[36mActiveRecord::SchemaMigration Load (0.1ms)[0m  [1m[34mSELECT "schema_migrations"."version" FROM "schema_migrations" ORDER BY "schema_migrations"."version" ASC[0m
  [1m[36mActiveRecord::InternalMetadata Load (0.1ms)[0m  [1m[34mSELECT * FROM "ar_internal_metadata" WHERE "ar_internal_metadata"."key" = $1 ORDER BY "ar_internal_metadata"."key" ASC LIMIT 1[0m  [[nil, "environment"]]
  [1m[35m (271.9ms)[0m  [1m[35mDROP DATABASE IF EXISTS "data_migration_twod"[0m
  [1m[35m (439.3ms)[0m  [1m[35mDROP DATABASE IF EXISTS "data_migration_twot"[0m
  [1m[35m (964.1ms)[0m  [1m[35mCREATE DATABASE "data_migration_twod" ENCODING = 'unicode'[0m
  [1m[35m (930.4ms)[0m  [1m[35mCREATE DATABASE "data_migration_twot" ENCODING = 'unicode'[0m
  [1m[35m (93.7ms)[0m  [1m[35mCREATE TABLE "schema_migrations" ("version" character varying NOT NULL PRIMARY KEY)[0m
  [1m[35m (54.2ms)[0m  [1m[35mCREATE TABLE "ar_internal_metadata" ("key" character varying NOT NULL PRIMARY KEY, "value" character varying, "created_at" timestamp(6) NOT NULL, "updated_at" timestamp(6) NOT NULL)[0m
  [1m[35m (0.5ms)[0m  [1m[34mSELECT pg_try_advisory_lock(8505239646891317400)[0m
  [1m[36mActiveRecord::SchemaMigration Load (0.9ms)[0m  [1m[34mSELECT "schema_migrations"."version" FROM "schema_migrations" ORDER BY "schema_migrations"."version" ASC[0m
  [1m[36mActiveRecord::InternalMetadata Load (1.1ms)[0m  [1m[34mSELECT * FROM "ar_internal_metadata" WHERE "ar_internal_metadata"."key" = $1 ORDER BY "ar_internal_metadata"."key" ASC LIMIT 1[0m  [[nil, "environment"]]
  [1m[36mActiveRecord::InternalMetadata Create (13.3ms)[0m  [1m[32mINSERT INTO "ar_internal_metadata" ("key", "value", "created_at", "updated_at") VALUES ('environment', 'development', '2024-05-30 16:09:15.757184', '2024-05-30 16:09:15.757191') RETURNING "key"[0m
Migrating to DataMigration (20240530152659)
  [1m[36mTRANSACTION (0.4ms)[0m  [1m[35mBEGIN[0m
  [1m[35m (53.5ms)[0m  [1m[35mCREATE TABLE "clients" ("client_id" bigserial NOT NULL PRIMARY KEY, "api_key" character varying NOT NULL, "client_key_description" character varying, "created_at" timestamp(6) NOT NULL, "updated_at" timestamp(6) NOT NULL)[0m
  [1m[35m (33.3ms)[0m  [1m[35mCREATE UNIQUE INDEX "index_clients_on_client_id_and_api_key" ON "clients" ("client_id", "api_key")[0m
  [1m[35m (90.4ms)[0m  [1m[35mCREATE TABLE "organisations" ("org_id" bigserial NOT NULL PRIMARY KEY, "identifier_id" character varying NOT NULL, "org_roles" character varying, "right_to_buy" boolean, "scheme_id" character varying NOT NULL, "cii_status" integer, "cii_status_description" character varying, "ppg_status" integer, "ppg_status_description" character varying, "domain_name" character varying, "created_at" timestamp(6) NOT NULL, "updated_at" timestamp(6) NOT NULL)[0m
  [1m[35m (46.2ms)[0m  [1m[35mCREATE UNIQUE INDEX "index_organisations_on_org_id_and_identifier_id" ON "organisations" ("org_id", "identifier_id")[0m
  [1m[35m (44.8ms)[0m  [1m[35mCREATE TABLE "users" ("user_id" bigserial NOT NULL PRIMARY KEY, "contact_email" character varying, "contact_fax" character varying, "contact_mobile" character varying, "contact_phone" character varying, "contact_social" character varying, "email" character varying NOT NULL, "first_name" character varying NOT NULL, "last_name" character varying NOT NULL, "status" integer, "status_description" character varying, "title" character varying, "user_roles" character varying, "identifier_id" character varying NOT NULL, "scheme_id" character varying NOT NULL, "created_at" timestamp(6) NOT NULL, "updated_at" timestamp(6) NOT NULL)[0m
  [1m[35m (33.2ms)[0m  [1m[35mCREATE UNIQUE INDEX "index_users_on_user_id_and_email" ON "users" ("user_id", "email")[0m
  [1m[36mActiveRecord::SchemaMigration Create (0.3ms)[0m  [1m[32mINSERT INTO "schema_migrations" ("version") VALUES ('20240530152659') RETURNING "version"[0m
  [1m[36mTRANSACTION (9.8ms)[0m  [1m[35mCOMMIT[0m
  [1m[35m (0.3ms)[0m  [1m[34mSELECT pg_advisory_unlock(8505239646891317400)[0m
  [1m[36mActiveRecord::SchemaMigration Load (0.2ms)[0m  [1m[34mSELECT "schema_migrations"."version" FROM "schema_migrations" ORDER BY "schema_migrations"."version" ASC[0m
  [1m[36mActiveRecord::SchemaMigration Load (0.4ms)[0m  [1m[34mSELECT "schema_migrations"."version" FROM "schema_migrations" ORDER BY "schema_migrations"."version" ASC[0m
  [1m[36mActiveRecord::InternalMetadata Load (0.3ms)[0m  [1m[34mSELECT * FROM "ar_internal_metadata" WHERE "ar_internal_metadata"."key" = $1 ORDER BY "ar_internal_metadata"."key" ASC LIMIT 1[0m  [[nil, "environment"]]
  [1m[36mActiveRecord::SchemaMigration Load (0.1ms)[0m  [1m[34mSELECT "schema_migrations"."version" FROM "schema_migrations" ORDER BY "schema_migrations"."version" ASC[0m
  [1m[36mActiveRecord::InternalMetadata Load (0.1ms)[0m  [1m[34mSELECT * FROM "ar_internal_metadata" WHERE "ar_internal_metadata"."key" = $1 ORDER BY "ar_internal_metadata"."key" ASC LIMIT 1[0m  [[nil, "environment"]]
  [1m[36mActiveRecord::SchemaMigration Load (0.1ms)[0m  [1m[34mSELECT "schema_migrations"."version" FROM "schema_migrations" ORDER BY "schema_migrations"."version" ASC[0m
  [1m[36mActiveRecord::InternalMetadata Load (0.1ms)[0m  [1m[34mSELECT * FROM "ar_internal_metadata" WHERE "ar_internal_metadata"."key" = $1 ORDER BY "ar_internal_metadata"."key" ASC LIMIT 1[0m  [[nil, "environment"]]
  [1m[35m (5058.8ms)[0m  [1m[35mDROP DATABASE IF EXISTS "data_migration_twod"[0m
  [1m[35m (234.8ms)[0m  [1m[35mDROP DATABASE IF EXISTS "data_migration_twot"[0m
  [1m[35m (990.0ms)[0m  [1m[35mCREATE DATABASE "data_migration_twod" ENCODING = 'unicode'[0m
  [1m[35m (862.1ms)[0m  [1m[35mCREATE DATABASE "data_migration_twot" ENCODING = 'unicode'[0m
  [1m[35m (87.4ms)[0m  [1m[35mCREATE TABLE "schema_migrations" ("version" character varying NOT NULL PRIMARY KEY)[0m
  [1m[35m (99.7ms)[0m  [1m[35mCREATE TABLE "ar_internal_metadata" ("key" character varying NOT NULL PRIMARY KEY, "value" character varying, "created_at" timestamp(6) NOT NULL, "updated_at" timestamp(6) NOT NULL)[0m
  [1m[35m (0.3ms)[0m  [1m[34mSELECT pg_try_advisory_lock(8505239646891317400)[0m
  [1m[36mActiveRecord::SchemaMigration Load (1.0ms)[0m  [1m[34mSELECT "schema_migrations"."version" FROM "schema_migrations" ORDER BY "schema_migrations"."version" ASC[0m
  [1m[36mActiveRecord::InternalMetadata Load (1.1ms)[0m  [1m[34mSELECT * FROM "ar_internal_metadata" WHERE "ar_internal_metadata"."key" = $1 ORDER BY "ar_internal_metadata"."key" ASC LIMIT 1[0m  [[nil, "environment"]]
  [1m[36mActiveRecord::InternalMetadata Create (13.5ms)[0m  [1m[32mINSERT INTO "ar_internal_metadata" ("key", "value", "created_at", "updated_at") VALUES ('environment', 'development', '2024-05-30 16:20:07.023448', '2024-05-30 16:20:07.023454') RETURNING "key"[0m
Migrating to DataMigration (20240530152659)
  [1m[36mTRANSACTION (0.3ms)[0m  [1m[35mBEGIN[0m
  [1m[35m (75.7ms)[0m  [1m[35mCREATE TABLE "clients" ("client_id" bigserial NOT NULL PRIMARY KEY, "api_key" character varying NOT NULL, "client_key_description" character varying, "created_at" timestamp(6) NOT NULL, "updated_at" timestamp(6) NOT NULL)[0m
  [1m[35m (99.2ms)[0m  [1m[35mCREATE UNIQUE INDEX "index_clients_on_client_id_and_api_key" ON "clients" ("client_id", "api_key")[0m
  [1m[35m (121.5ms)[0m  [1m[35mCREATE TABLE "organisations" ("org_id" bigserial NOT NULL PRIMARY KEY, "identifier_id" character varying NOT NULL, "org_roles" character varying, "right_to_buy" boolean, "scheme_id" character varying NOT NULL, "status" integer, "status_description" character varying, "domain_name" character varying, "created_at" timestamp(6) NOT NULL, "updated_at" timestamp(6) NOT NULL)[0m
  [1m[35m (32.6ms)[0m  [1m[35mCREATE UNIQUE INDEX "index_organisations_on_org_id_and_identifier_id" ON "organisations" ("org_id", "identifier_id")[0m
  [1m[35m (66.8ms)[0m  [1m[35mCREATE TABLE "users" ("user_id" bigserial NOT NULL PRIMARY KEY, "contact_email" character varying, "contact_fax" character varying, "contact_mobile" character varying, "contact_phone" character varying, "contact_social" character varying, "email" character varying NOT NULL, "first_name" character varying NOT NULL, "last_name" character varying NOT NULL, "status" integer, "status_description" character varying, "title" character varying, "user_roles" character varying, "identifier_id" character varying NOT NULL, "scheme_id" character varying NOT NULL, "created_at" timestamp(6) NOT NULL, "updated_at" timestamp(6) NOT NULL)[0m
  [1m[35m (145.1ms)[0m  [1m[35mCREATE UNIQUE INDEX "index_users_on_user_id_and_email" ON "users" ("user_id", "email")[0m
  [1m[36mActiveRecord::SchemaMigration Create (0.9ms)[0m  [1m[32mINSERT INTO "schema_migrations" ("version") VALUES ('20240530152659') RETURNING "version"[0m
  [1m[36mTRANSACTION (18.0ms)[0m  [1m[35mCOMMIT[0m
  [1m[35m (0.7ms)[0m  [1m[34mSELECT pg_advisory_unlock(8505239646891317400)[0m
  [1m[36mActiveRecord::SchemaMigration Load (0.5ms)[0m  [1m[34mSELECT "schema_migrations"."version" FROM "schema_migrations" ORDER BY "schema_migrations"."version" ASC[0m
Started POST "/data-migration/migrate/format/csv" for ::1 at 2024-05-30 17:21:42 +0100
  [1m[36mActiveRecord::SchemaMigration Load (0.4ms)[0m  [1m[34mSELECT "schema_migrations"."version" FROM "schema_migrations" ORDER BY "schema_migrations"."version" ASC[0m
Processing by DataMigrationController#validate_as_csv as */*
  Parameters: {"file"=>#<ActionDispatch::Http::UploadedFile:0x00007a7b622b31c8 @tempfile=#<Tempfile:/tmp/RackMultipart20240530-38452-wko7ln.csv>, @content_type="text/csv", @original_filename="DMTesting-15042024 (1).csv", @headers="Content-Disposition: form-data; name=\"file\"; filename=\"DMTesting-15042024 (1).csv\"\r\nContent-Type: text/csv\r\n">}
  [1m[36mClient Load (0.2ms)[0m  [1m[34mSELECT "clients".* FROM "clients" WHERE "clients"."api_key" = $1 LIMIT $2[0m  [["api_key", "1237"], ["LIMIT", 1]]
  ↳ app/services/authorize/token.rb:10:in `client_auth'
Filter chain halted as :validate_api_key rendered or redirected
Completed 401 Unauthorized in 23ms (Views: 0.2ms | ActiveRecord: 3.4ms | Allocations: 10717)


Started POST "/data-migration/migrate/format/csv" for ::1 at 2024-05-30 17:23:09 +0100
Processing by DataMigrationController#validate_as_csv as */*
  Parameters: {"file"=>#<ActionDispatch::Http::UploadedFile:0x00007a7b61dcc6c8 @tempfile=#<Tempfile:/tmp/RackMultipart20240530-38452-l9r1be.csv>, @content_type="text/csv", @original_filename="DMTesting-15042024 (1).csv", @headers="Content-Disposition: form-data; name=\"file\"; filename=\"DMTesting-15042024 (1).csv\"\r\nContent-Type: text/csv\r\n">}
  [1m[36mClient Load (0.2ms)[0m  [1m[34mSELECT "clients".* FROM "clients" WHERE "clients"."api_key" = $1 LIMIT $2[0m  [["api_key", "1237"], ["LIMIT", 1]]
  ↳ app/services/authorize/token.rb:10:in `client_auth'
  [1m[36mTRANSACTION (0.1ms)[0m  [1m[35mBEGIN[0m
  ↳ app/services/migrate/data_migration.rb:37:in `block in migrate_orgs_to_db'
  [1m[36mOrganisation Exists? (0.5ms)[0m  [1m[34mSELECT 1 AS one FROM "organisations" WHERE LOWER("organisations"."identifier_id") = LOWER($1) LIMIT $2[0m  [["identifier_id", "001b000003V2vepAAB"], ["LIMIT", 1]]
  ↳ app/services/migrate/data_migration.rb:37:in `block in migrate_orgs_to_db'
  [1m[36mOrganisation Create (0.5ms)[0m  [1m[32mINSERT INTO "organisations" ("identifier_id", "org_roles", "right_to_buy", "scheme_id", "status", "status_description", "domain_name", "created_at", "updated_at") VALUES ($1, $2, $3, $4, $5, $6, $7, $8, $9) RETURNING "org_id"[0m  [["identifier_id", "001b000003V2vepAAB"], ["org_roles", "RMI Tile"], ["right_to_buy", false], ["scheme_id", "SF-ID"], ["status", 201], ["status_description", "Success."], ["domain_name", "mailinator.com"], ["created_at", "2024-05-30 16:23:09.054816"], ["updated_at", "2024-05-30 16:23:09.054816"]]
  ↳ app/services/migrate/data_migration.rb:37:in `block in migrate_orgs_to_db'
  [1m[36mTRANSACTION (210.1ms)[0m  [1m[35mCOMMIT[0m
  ↳ app/services/migrate/data_migration.rb:37:in `block in migrate_orgs_to_db'
  [1m[36mTRANSACTION (0.2ms)[0m  [1m[35mBEGIN[0m
  ↳ app/services/migrate/data_migration.rb:68:in `block (2 levels) in migrate_users_to_db'
  [1m[36mUser Exists? (1.3ms)[0m  [1m[34mSELECT 1 AS one FROM "users" WHERE LOWER("users"."email") = LOWER($1) LIMIT $2[0m  [["email", "neworg1datamigrationuser0804demo1user01@mailinator.com"], ["LIMIT", 1]]
  ↳ app/services/migrate/data_migration.rb:68:in `block (2 levels) in migrate_users_to_db'
  [1m[36mUser Create (0.4ms)[0m  [1m[32mINSERT INTO "users" ("contact_email", "contact_fax", "contact_mobile", "contact_phone", "contact_social", "email", "first_name", "last_name", "status", "status_description", "title", "user_roles", "identifier_id", "scheme_id", "created_at", "updated_at") VALUES ($1, $2, $3, $4, $5, $6, $7, $8, $9, $10, $11, $12, $13, $14, $15, $16) RETURNING "user_id"[0m  [["contact_email", "contact1@domain.co.uk"], ["contact_fax", "+44 (948) 459-3973"], ["contact_mobile", "+44 (994) 522-3827"], ["contact_phone", "+44 (876) 569-2322"], ["contact_social", "www.test.com"], ["email", "neworg1datamigrationuser0804demo1user01@mailinator.com"], ["first_name", "AB"], ["last_name", "Bloggs"], ["status", 201], ["status_description", "Success."], ["title", "Mr"], ["user_roles", "RMI Tile,RMI User,Access Data Migration,Organisation Administrator"], ["identifier_id", "001b000003V2vepAAB"], ["scheme_id", "SF-ID"], ["created_at", "2024-05-30 16:23:09.280950"], ["updated_at", "2024-05-30 16:23:09.280950"]]
  ↳ app/services/migrate/data_migration.rb:68:in `block (2 levels) in migrate_users_to_db'
  [1m[36mTRANSACTION (572.0ms)[0m  [1m[35mCOMMIT[0m
  ↳ app/services/migrate/data_migration.rb:68:in `block (2 levels) in migrate_users_to_db'
  [1m[36mTRANSACTION (0.2ms)[0m  [1m[35mBEGIN[0m
  ↳ app/services/migrate/data_migration.rb:68:in `block (2 levels) in migrate_users_to_db'
  [1m[36mUser Exists? (1.4ms)[0m  [1m[34mSELECT 1 AS one FROM "users" WHERE LOWER("users"."email") = LOWER($1) LIMIT $2[0m  [["email", "neworg1datamigrationuser0804demo1user02@mailinator.com"], ["LIMIT", 1]]
  ↳ app/services/migrate/data_migration.rb:68:in `block (2 levels) in migrate_users_to_db'
  [1m[36mUser Create (0.2ms)[0m  [1m[32mINSERT INTO "users" ("contact_email", "contact_fax", "contact_mobile", "contact_phone", "contact_social", "email", "first_name", "last_name", "status", "status_description", "title", "user_roles", "identifier_id", "scheme_id", "created_at", "updated_at") VALUES ($1, $2, $3, $4, $5, $6, $7, $8, $9, $10, $11, $12, $13, $14, $15, $16) RETURNING "user_id"[0m  [["contact_email", "contact1@domain.co.uk"], ["contact_fax", "+44 (824) 506-3143"], ["contact_mobile", "+44 (927) 462-2038"], ["contact_phone", "+44 (980) 473-2799"], ["contact_social", "www.test.com"], ["email", "neworg1datamigrationuser0804demo1user02@mailinator.com"], ["first_name", "BC"], ["last_name", "Bloggs"], ["status", 201], ["status_description", "Success."], ["title", "Mr"], ["user_roles", "RMI Tile,RMI User,Access Data Migration"], ["identifier_id", "001b000003V2vepAAB"], ["scheme_id", "SF-ID"], ["created_at", "2024-05-30 16:23:09.857280"], ["updated_at", "2024-05-30 16:23:09.857280"]]
  ↳ app/services/migrate/data_migration.rb:68:in `block (2 levels) in migrate_users_to_db'
  [1m[36mTRANSACTION (358.8ms)[0m  [1m[35mCOMMIT[0m
  ↳ app/services/migrate/data_migration.rb:68:in `block (2 levels) in migrate_users_to_db'
  [1m[36mTRANSACTION (0.2ms)[0m  [1m[35mBEGIN[0m
  ↳ app/services/migrate/data_migration.rb:68:in `block (2 levels) in migrate_users_to_db'
  [1m[36mUser Exists? (1.0ms)[0m  [1m[34mSELECT 1 AS one FROM "users" WHERE LOWER("users"."email") = LOWER($1) LIMIT $2[0m  [["email", "neworg1datamigrationuser0804demo1user03@mailinator.com"], ["LIMIT", 1]]
  ↳ app/services/migrate/data_migration.rb:68:in `block (2 levels) in migrate_users_to_db'
  [1m[36mUser Create (0.3ms)[0m  [1m[32mINSERT INTO "users" ("contact_email", "contact_fax", "contact_mobile", "contact_phone", "contact_social", "email", "first_name", "last_name", "status", "status_description", "title", "user_roles", "identifier_id", "scheme_id", "created_at", "updated_at") VALUES ($1, $2, $3, $4, $5, $6, $7, $8, $9, $10, $11, $12, $13, $14, $15, $16) RETURNING "user_id"[0m  [["contact_email", "contact1@domain.co.uk"], ["contact_fax", "+44 (967) 591-2103"], ["contact_mobile", "+44 (857) 499-2673"], ["contact_phone", "+44 (825) 444-3567"], ["contact_social", "www.test.com"], ["email", "neworg1datamigrationuser0804demo1user03@mailinator.com"], ["first_name", "CD"], ["last_name", "Bloggs"], ["status", 201], ["status_description", "Success."], ["title", "Mr"], ["user_roles", "RMI Tile,RMI User,Access Data Migration"], ["identifier_id", "001b000003V2vepAAB"], ["scheme_id", "SF-ID"], ["created_at", "2024-05-30 16:23:10.220073"], ["updated_at", "2024-05-30 16:23:10.220073"]]
  ↳ app/services/migrate/data_migration.rb:68:in `block (2 levels) in migrate_users_to_db'
  [1m[36mTRANSACTION (606.0ms)[0m  [1m[35mCOMMIT[0m
  ↳ app/services/migrate/data_migration.rb:68:in `block (2 levels) in migrate_users_to_db'
  [1m[36mTRANSACTION (0.2ms)[0m  [1m[35mBEGIN[0m
  ↳ app/services/migrate/data_migration.rb:68:in `block (2 levels) in migrate_users_to_db'
  [1m[36mUser Exists? (0.9ms)[0m  [1m[34mSELECT 1 AS one FROM "users" WHERE LOWER("users"."email") = LOWER($1) LIMIT $2[0m  [["email", "neworg1datamigrationuser0804demo1user04@mailinator.com"], ["LIMIT", 1]]
  ↳ app/services/migrate/data_migration.rb:68:in `block (2 levels) in migrate_users_to_db'
  [1m[36mUser Create (0.3ms)[0m  [1m[32mINSERT INTO "users" ("contact_email", "contact_fax", "contact_mobile", "contact_phone", "contact_social", "email", "first_name", "last_name", "status", "status_description", "title", "user_roles", "identifier_id", "scheme_id", "created_at", "updated_at") VALUES ($1, $2, $3, $4, $5, $6, $7, $8, $9, $10, $11, $12, $13, $14, $15, $16) RETURNING "user_id"[0m  [["contact_email", "contact1@domain.co.uk"], ["contact_fax", "+44 (915) 454-2949"], ["contact_mobile", "+44 (998) 533-3962"], ["contact_phone", "+44 (848) 441-3096"], ["contact_social", "www.test.com"], ["email", "neworg1datamigrationuser0804demo1user04@mailinator.com"], ["first_name", "DE"], ["last_name", "Bloggs"], ["status", 201], ["status_description", "Success."], ["title", "Mr"], ["user_roles", "RMI Tile,RMI User,Access Data Migration"], ["identifier_id", "001b000003V2vepAAB"], ["scheme_id", "SF-ID"], ["created_at", "2024-05-30 16:23:10.829940"], ["updated_at", "2024-05-30 16:23:10.829940"]]
  ↳ app/services/migrate/data_migration.rb:68:in `block (2 levels) in migrate_users_to_db'
  [1m[36mTRANSACTION (406.6ms)[0m  [1m[35mCOMMIT[0m
  ↳ app/services/migrate/data_migration.rb:68:in `block (2 levels) in migrate_users_to_db'
  [1m[36mTRANSACTION (0.2ms)[0m  [1m[35mBEGIN[0m
  ↳ app/services/migrate/data_migration.rb:68:in `block (2 levels) in migrate_users_to_db'
  [1m[36mUser Exists? (1.1ms)[0m  [1m[34mSELECT 1 AS one FROM "users" WHERE LOWER("users"."email") = LOWER($1) LIMIT $2[0m  [["email", "neworg1datamigrationuser0804demo1user05@mailinator.com"], ["LIMIT", 1]]
  ↳ app/services/migrate/data_migration.rb:68:in `block (2 levels) in migrate_users_to_db'
  [1m[36mUser Create (0.2ms)[0m  [1m[32mINSERT INTO "users" ("contact_email", "contact_fax", "contact_mobile", "contact_phone", "contact_social", "email", "first_name", "last_name", "status", "status_description", "title", "user_roles", "identifier_id", "scheme_id", "created_at", "updated_at") VALUES ($1, $2, $3, $4, $5, $6, $7, $8, $9, $10, $11, $12, $13, $14, $15, $16) RETURNING "user_id"[0m  [["contact_email", "contact1@domain.co.uk"], ["contact_fax", "+44 (962) 480-3513"], ["contact_mobile", "+44 (909) 520-2519"], ["contact_phone", "+44 (951) 489-3270"], ["contact_social", "www.test.com"], ["email", "neworg1datamigrationuser0804demo1user05@mailinator.com"], ["first_name", "EF"], ["last_name", "Bloggs"], ["status", 201], ["status_description", "Success."], ["title", "Mr"], ["user_roles", "RMI Tile,RMI User,Access Data Migration"], ["identifier_id", "001b000003V2vepAAB"], ["scheme_id", "SF-ID"], ["created_at", "2024-05-30 16:23:11.240685"], ["updated_at", "2024-05-30 16:23:11.240685"]]
  ↳ app/services/migrate/data_migration.rb:68:in `block (2 levels) in migrate_users_to_db'
  [1m[36mTRANSACTION (191.8ms)[0m  [1m[35mCOMMIT[0m
  ↳ app/services/migrate/data_migration.rb:68:in `block (2 levels) in migrate_users_to_db'
Completed 200 OK in 2867ms (Views: 0.7ms | ActiveRecord: 2371.9ms | Allocations: 48518)


[dotenv] Set [36mDM_SB_AWS_ACCESS_KEY[0m, [36mDM_SB_AWS_SECRET_ACCESS_KEY[0m, [36mDM_IT_AWS_ACCESS_KEY[0m, [36mDM_IT_AWS_SECRET_ACCESS_KEY[0m, [36mDM_PP_AWS_ACCESS_KEY[0m, [36mDM_PP_AWS_SECRET_ACCESS_KEY[0m, [36mDM_P_AWS_ACCESS_KEY[0m, [36mDM_P_AWS_SECRET_ACCESS_KEY[0m, and [36mAWS_REGION[0m
[dotenv] Loaded [33m.env.local[0m
[dotenv] Set [36mDM_SB_AWS_ACCESS_KEY[0m, [36mDM_SB_AWS_SECRET_ACCESS_KEY[0m, [36mDM_IT_AWS_ACCESS_KEY[0m, [36mDM_IT_AWS_SECRET_ACCESS_KEY[0m, [36mDM_PP_AWS_ACCESS_KEY[0m, [36mDM_PP_AWS_SECRET_ACCESS_KEY[0m, [36mDM_P_AWS_ACCESS_KEY[0m, [36mDM_P_AWS_SECRET_ACCESS_KEY[0m, and [36mAWS_REGION[0m
[dotenv] Loaded [33m.env.local[0m
[dotenv] Set [36mDM_SB_AWS_ACCESS_KEY[0m, [36mDM_SB_AWS_SECRET_ACCESS_KEY[0m, [36mDM_IT_AWS_ACCESS_KEY[0m, [36mDM_IT_AWS_SECRET_ACCESS_KEY[0m, [36mDM_PP_AWS_ACCESS_KEY[0m, [36mDM_PP_AWS_SECRET_ACCESS_KEY[0m, [36mDM_P_AWS_ACCESS_KEY[0m, [36mDM_P_AWS_SECRET_ACCESS_KEY[0m, and [36mAWS_REGION[0m
[dotenv] Loaded [33m.env.local[0m
[dotenv] Set [36mDM_SB_AWS_ACCESS_KEY[0m, [36mDM_SB_AWS_SECRET_ACCESS_KEY[0m, [36mDM_IT_AWS_ACCESS_KEY[0m, [36mDM_IT_AWS_SECRET_ACCESS_KEY[0m, [36mDM_PP_AWS_ACCESS_KEY[0m, [36mDM_PP_AWS_SECRET_ACCESS_KEY[0m, [36mDM_P_AWS_ACCESS_KEY[0m, [36mDM_P_AWS_SECRET_ACCESS_KEY[0m, and [36mAWS_REGION[0m
[dotenv] Loaded [33m.env.local[0m
[dotenv] Set [36mDM_SB_AWS_ACCESS_KEY[0m, [36mDM_SB_AWS_SECRET_ACCESS_KEY[0m, [36mDM_IT_AWS_ACCESS_KEY[0m, [36mDM_IT_AWS_SECRET_ACCESS_KEY[0m, [36mDM_PP_AWS_ACCESS_KEY[0m, [36mDM_PP_AWS_SECRET_ACCESS_KEY[0m, [36mDM_P_AWS_ACCESS_KEY[0m, [36mDM_P_AWS_SECRET_ACCESS_KEY[0m, and [36mAWS_REGION[0m
[dotenv] Loaded [33m.env.local[0m
[dotenv] Set [36mDM_SB_AWS_ACCESS_KEY[0m, [36mDM_SB_AWS_SECRET_ACCESS_KEY[0m, [36mDM_IT_AWS_ACCESS_KEY[0m, [36mDM_IT_AWS_SECRET_ACCESS_KEY[0m, [36mDM_PP_AWS_ACCESS_KEY[0m, [36mDM_PP_AWS_SECRET_ACCESS_KEY[0m, [36mDM_P_AWS_ACCESS_KEY[0m, [36mDM_P_AWS_SECRET_ACCESS_KEY[0m, and [36mAWS_REGION[0m
[dotenv] Loaded [33m.env.local[0m
[dotenv] Set [36mDM_SB_AWS_ACCESS_KEY[0m, [36mDM_SB_AWS_SECRET_ACCESS_KEY[0m, [36mDM_IT_AWS_ACCESS_KEY[0m, [36mDM_IT_AWS_SECRET_ACCESS_KEY[0m, [36mDM_PP_AWS_ACCESS_KEY[0m, [36mDM_PP_AWS_SECRET_ACCESS_KEY[0m, [36mDM_P_AWS_ACCESS_KEY[0m, [36mDM_P_AWS_SECRET_ACCESS_KEY[0m, and [36mAWS_REGION[0m
[dotenv] Loaded [33m.env.local[0m
[dotenv] Set [36mDM_SB_AWS_ACCESS_KEY[0m, [36mDM_SB_AWS_SECRET_ACCESS_KEY[0m, [36mDM_IT_AWS_ACCESS_KEY[0m, [36mDM_IT_AWS_SECRET_ACCESS_KEY[0m, [36mDM_PP_AWS_ACCESS_KEY[0m, [36mDM_PP_AWS_SECRET_ACCESS_KEY[0m, [36mDM_P_AWS_ACCESS_KEY[0m, [36mDM_P_AWS_SECRET_ACCESS_KEY[0m, and [36mAWS_REGION[0m
[dotenv] Loaded [33m.env.local[0m
[dotenv] Set [36mDM_SB_AWS_ACCESS_KEY[0m, [36mDM_SB_AWS_SECRET_ACCESS_KEY[0m, [36mDM_IT_AWS_ACCESS_KEY[0m, [36mDM_IT_AWS_SECRET_ACCESS_KEY[0m, [36mDM_PP_AWS_ACCESS_KEY[0m, [36mDM_PP_AWS_SECRET_ACCESS_KEY[0m, [36mDM_P_AWS_ACCESS_KEY[0m, [36mDM_P_AWS_SECRET_ACCESS_KEY[0m, [36mAWS_REGION[0m, and [36mREMOTE_APP[0m
[dotenv] Loaded [33m.env.local[0m
[dotenv] Set [36mDM_SB_AWS_ACCESS_KEY[0m, [36mDM_SB_AWS_SECRET_ACCESS_KEY[0m, [36mDM_IT_AWS_ACCESS_KEY[0m, [36mDM_IT_AWS_SECRET_ACCESS_KEY[0m, [36mDM_PP_AWS_ACCESS_KEY[0m, [36mDM_PP_AWS_SECRET_ACCESS_KEY[0m, [36mDM_P_AWS_ACCESS_KEY[0m, [36mDM_P_AWS_SECRET_ACCESS_KEY[0m, [36mAWS_REGION[0m, and [36mREMOTE_APP[0m
[dotenv] Loaded [33m.env.local[0m
[dotenv] Set [36mDM_SB_AWS_ACCESS_KEY[0m, [36mDM_SB_AWS_SECRET_ACCESS_KEY[0m, [36mDM_IT_AWS_ACCESS_KEY[0m, [36mDM_IT_AWS_SECRET_ACCESS_KEY[0m, [36mDM_PP_AWS_ACCESS_KEY[0m, [36mDM_PP_AWS_SECRET_ACCESS_KEY[0m, [36mDM_P_AWS_ACCESS_KEY[0m, [36mDM_P_AWS_SECRET_ACCESS_KEY[0m, [36mAWS_REGION[0m, and [36mREMOTE_APP[0m
[dotenv] Loaded [33m.env.local[0m
[dotenv] Set [36mDM_SB_AWS_ACCESS_KEY[0m, [36mDM_SB_AWS_SECRET_ACCESS_KEY[0m, [36mDM_IT_AWS_ACCESS_KEY[0m, [36mDM_IT_AWS_SECRET_ACCESS_KEY[0m, [36mDM_PP_AWS_ACCESS_KEY[0m, [36mDM_PP_AWS_SECRET_ACCESS_KEY[0m, [36mDM_P_AWS_ACCESS_KEY[0m, [36mDM_P_AWS_SECRET_ACCESS_KEY[0m, [36mAWS_REGION[0m, and [36mREMOTE_APP[0m
[dotenv] Loaded [33m.env.local[0m
[dotenv] Set [36mCII_API_KEY[0m and [36mREMOTE_APP[0m
[dotenv] Loaded [33m.env.local[0m
[dotenv] Set [36mCII_API_KEY[0m and [36mREMOTE_APP[0m
[dotenv] Loaded [33m.env.local[0m
[dotenv] Set [36mCII_API_KEY[0m and [36mREMOTE_APP[0m
[dotenv] Loaded [33m.env.local[0m
[dotenv] Set [36mCII_API_KEY[0m and [36mREMOTE_APP[0m
[dotenv] Loaded [33m.env.local[0m
[dotenv] Set [36mCII_API_KEY[0m and [36mREMOTE_APP[0m
[dotenv] Loaded [33m.env.local[0m
[dotenv] Set [36mCII_API_KEY[0m and [36mREMOTE_APP[0m
[dotenv] Loaded [33m.env.local[0m
[dotenv] Set [36mCII_API_KEY[0m and [36mREMOTE_APP[0m
[dotenv] Loaded [33m.env.local[0m
[dotenv] Set [36mCII_API_KEY[0m and [36mREMOTE_APP[0m
[dotenv] Loaded [33m.env.local[0m
[dotenv] Set [36mCII_API_KEY[0m and [36mREMOTE_APP[0m
[dotenv] Loaded [33m.env.local[0m
[dotenv] Set [36mCII_API_KEY[0m and [36mREMOTE_APP[0m
[dotenv] Loaded [33m.env.local[0m
[dotenv] Set [36mCII_API_KEY[0m and [36mREMOTE_APP[0m
[dotenv] Loaded [33m.env.local[0m
[dotenv] Set [36mCII_API_KEY[0m and [36mREMOTE_APP[0m
[dotenv] Loaded [33m.env.local[0m
[dotenv] Set [36mCII_API_KEY[0m and [36mREMOTE_APP[0m
[dotenv] Loaded [33m.env.local[0m
[dotenv] Set [36mCII_API_KEY[0m and [36mREMOTE_APP[0m
[dotenv] Loaded [33m.env.local[0m
[dotenv] Set [36mCII_API_KEY[0m and [36mREMOTE_APP[0m
[dotenv] Loaded [33m.env.local[0m
[dotenv] Set [36mCII_API_KEY[0m and [36mREMOTE_APP[0m
[dotenv] Loaded [33m.env.local[0m
[dotenv] Set [36mCII_API_KEY[0m and [36mREMOTE_APP[0m
[dotenv] Loaded [33m.env.local[0m
[dotenv] Set [36mCII_API_KEY[0m and [36mREMOTE_APP[0m
[dotenv] Loaded [33m.env.local[0m
[dotenv] Set [36mCII_API_KEY[0m, [36mPPG_API_KEY[0m, and [36mREMOTE_APP[0m
[dotenv] Loaded [33m.env.local[0m
[dotenv] Set [36mCII_API_KEY[0m, [36mPPG_API_KEY[0m, and [36mREMOTE_APP[0m
[dotenv] Loaded [33m.env.local[0m
[dotenv] Set [36mCII_API_KEY[0m, [36mCII_DOMAIN[0m, [36mPPG_API_KEY[0m, and [36mREMOTE_APP[0m
[dotenv] Loaded [33m.env.local[0m
[dotenv] Set [36mCII_DOMAIN[0m, [36mCII_API_KEY[0m, [36mPPG_DOMAIN[0m, [36mPPG_API_KEY[0m, and [36mREMOTE_APP[0m
[dotenv] Loaded [33m.env.local[0m
[dotenv] Set [36mCII_DOMAIN[0m, [36mCII_API_KEY[0m, [36mPPG_DOMAIN[0m, [36mPPG_API_KEY[0m, and [36mREMOTE_APP[0m
[dotenv] Loaded [33m.env.local[0m
[dotenv] Set [36mCII_DOMAIN[0m, [36mCII_API_KEY[0m, [36mPPG_DOMAIN[0m, [36mPPG_API_KEY[0m, and [36mREMOTE_APP[0m
[dotenv] Loaded [33m.env.local[0m
[dotenv] Set [36mCII_DOMAIN[0m, [36mCII_API_KEY[0m, [36mPPG_DOMAIN[0m, [36mPPG_API_KEY[0m, and [36mREMOTE_APP[0m
[dotenv] Loaded [33m.env.local[0m
[dotenv] Set [36mCII_DOMAIN[0m, [36mCII_API_KEY[0m, [36mPPG_DOMAIN[0m, [36mPPG_API_KEY[0m, and [36mREMOTE_APP[0m
[dotenv] Loaded [33m.env.local[0m
[dotenv] Set [36mCII_DOMAIN[0m, [36mCII_API_KEY[0m, [36mPPG_DOMAIN[0m, [36mPPG_API_KEY[0m, and [36mREMOTE_APP[0m
[dotenv] Loaded [33m.env.local[0m
[dotenv] Set [36mCII_DOMAIN[0m, [36mCII_API_KEY[0m, [36mPPG_DOMAIN[0m, [36mPPG_API_KEY[0m, and [36mREMOTE_APP[0m
[dotenv] Loaded [33m.env.local[0m
Started POST "/data-migration/migrate/format/csv" for ::1 at 2024-06-10 13:09:00 +0100
Processing by DataMigrationController#validate_as_csv as */*
  Parameters: {"file"=>#<ActionDispatch::Http::UploadedFile:0x00007ab8627d5510 @tempfile=#<Tempfile:/tmp/RackMultipart20240610-17682-80v6cy.csv>, @content_type="text/csv", @original_filename="DMTesting-15042024 (1).csv", @headers="Content-Disposition: form-data; name=\"file\"; filename=\"DMTesting-15042024 (1).csv\"\r\nContent-Type: text/csv\r\n">}
Completed 500 Internal Server Error in 52ms (ActiveRecord: 0.0ms | Allocations: 10857)


  
ActiveRecord::NoDatabaseError (We could not find your database: data_migration_local. Available database configurations can be found in config/database.yml.

To resolve this error:

- Did you not create the database, or did you delete it? To create the database, run:

    bin/rails db:create

- Has the database name changed? Verify that config/database.yml contains the correct database name.
):
  
app/services/authorize/token.rb:10:in `client_auth'
app/services/authorize/token.rb:14:in `authenticate_api_key'
app/services/authorize/token.rb:18:in `validate_api_key'
[dotenv] Set [36mCII_DOMAIN[0m, [36mCII_API_KEY[0m, [36mPPG_DOMAIN[0m, [36mPPG_API_KEY[0m, and [36mREMOTE_APP[0m
[dotenv] Loaded [33m.env.local[0m
  [1m[35m (1202.2ms)[0m  [1m[35mCREATE DATABASE "data_migration_local" ENCODING = 'unicode'[0m
  [1m[35m (683.8ms)[0m  [1m[35mCREATE DATABASE "data_migration_test" ENCODING = 'unicode'[0m
[dotenv] Set [36mCII_DOMAIN[0m, [36mCII_API_KEY[0m, [36mPPG_DOMAIN[0m, [36mPPG_API_KEY[0m, and [36mREMOTE_APP[0m
[dotenv] Loaded [33m.env.local[0m
  [1m[35m (119.1ms)[0m  [1m[35mCREATE TABLE "schema_migrations" ("version" character varying NOT NULL PRIMARY KEY)[0m
  [1m[35m (55.9ms)[0m  [1m[35mCREATE TABLE "ar_internal_metadata" ("key" character varying NOT NULL PRIMARY KEY, "value" character varying, "created_at" timestamp(6) NOT NULL, "updated_at" timestamp(6) NOT NULL)[0m
  [1m[35m (0.6ms)[0m  [1m[34mSELECT pg_try_advisory_lock(4185636477373686510)[0m
  [1m[36mActiveRecord::SchemaMigration Load (0.9ms)[0m  [1m[34mSELECT "schema_migrations"."version" FROM "schema_migrations" ORDER BY "schema_migrations"."version" ASC[0m
  [1m[36mActiveRecord::InternalMetadata Load (1.6ms)[0m  [1m[34mSELECT * FROM "ar_internal_metadata" WHERE "ar_internal_metadata"."key" = $1 ORDER BY "ar_internal_metadata"."key" ASC LIMIT 1[0m  [[nil, "environment"]]
  [1m[36mActiveRecord::InternalMetadata Create (20.1ms)[0m  [1m[32mINSERT INTO "ar_internal_metadata" ("key", "value", "created_at", "updated_at") VALUES ('environment', 'development', '2024-06-10 12:09:46.493508', '2024-06-10 12:09:46.493515') RETURNING "key"[0m
Migrating to DataMigration (20240530152659)
  [1m[36mTRANSACTION (0.5ms)[0m  [1m[35mBEGIN[0m
  [1m[35m (68.9ms)[0m  [1m[35mCREATE TABLE "clients" ("client_id" bigserial NOT NULL PRIMARY KEY, "api_key" character varying NOT NULL, "client_key_description" character varying, "created_at" timestamp(6) NOT NULL, "updated_at" timestamp(6) NOT NULL)[0m
  [1m[35m (22.1ms)[0m  [1m[35mCREATE UNIQUE INDEX "index_clients_on_client_id_and_api_key" ON "clients" ("client_id", "api_key")[0m
  [1m[35m (44.5ms)[0m  [1m[35mCREATE TABLE "organisations" ("org_id" bigserial NOT NULL PRIMARY KEY, "identifier_id" character varying NOT NULL, "org_roles" character varying, "right_to_buy" boolean, "scheme_id" character varying NOT NULL, "status" integer, "status_description" character varying, "domain_name" character varying, "created_at" timestamp(6) NOT NULL, "updated_at" timestamp(6) NOT NULL)[0m
  [1m[35m (22.0ms)[0m  [1m[35mCREATE UNIQUE INDEX "index_organisations_on_org_id_and_identifier_id" ON "organisations" ("org_id", "identifier_id")[0m
  [1m[35m (44.7ms)[0m  [1m[35mCREATE TABLE "users" ("user_id" bigserial NOT NULL PRIMARY KEY, "contact_email" character varying, "contact_fax" character varying, "contact_mobile" character varying, "contact_phone" character varying, "contact_social" character varying, "email" character varying NOT NULL, "first_name" character varying NOT NULL, "last_name" character varying NOT NULL, "status" integer, "status_description" character varying, "title" character varying, "user_roles" character varying, "identifier_id" character varying NOT NULL, "scheme_id" character varying NOT NULL, "created_at" timestamp(6) NOT NULL, "updated_at" timestamp(6) NOT NULL)[0m
  [1m[35m (33.5ms)[0m  [1m[35mCREATE UNIQUE INDEX "index_users_on_user_id_and_email" ON "users" ("user_id", "email")[0m
  [1m[36mActiveRecord::SchemaMigration Create (0.4ms)[0m  [1m[32mINSERT INTO "schema_migrations" ("version") VALUES ('20240530152659') RETURNING "version"[0m
  [1m[36mTRANSACTION (9.7ms)[0m  [1m[35mCOMMIT[0m
  [1m[35m (0.2ms)[0m  [1m[34mSELECT pg_advisory_unlock(4185636477373686510)[0m
  [1m[36mActiveRecord::SchemaMigration Load (0.2ms)[0m  [1m[34mSELECT "schema_migrations"."version" FROM "schema_migrations" ORDER BY "schema_migrations"."version" ASC[0m
[dotenv] Set [36mCII_DOMAIN[0m, [36mCII_API_KEY[0m, [36mPPG_DOMAIN[0m, [36mPPG_API_KEY[0m, and [36mREMOTE_APP[0m
[dotenv] Loaded [33m.env.local[0m
Started POST "/data-migration/migrate/format/csv" for ::1 at 2024-06-10 13:10:01 +0100
Processing by DataMigrationController#validate_as_csv as */*
  Parameters: {"file"=>#<ActionDispatch::Http::UploadedFile:0x000073e21f8bdd58 @tempfile=#<Tempfile:/tmp/RackMultipart20240610-18937-cwh9jb.csv>, @content_type="text/csv", @original_filename="DMTesting-15042024 (1).csv", @headers="Content-Disposition: form-data; name=\"file\"; filename=\"DMTesting-15042024 (1).csv\"\r\nContent-Type: text/csv\r\n">}
  [1m[36mClient Load (0.2ms)[0m  [1m[34mSELECT "clients".* FROM "clients" WHERE "clients"."api_key" = $1 LIMIT $2[0m  [["api_key", "1237"], ["LIMIT", 1]]
  ↳ app/services/authorize/token.rb:10:in `client_auth'
Filter chain halted as :validate_api_key rendered or redirected
Completed 401 Unauthorized in 144ms (Views: 0.2ms | ActiveRecord: 3.5ms | Allocations: 16866)


Started POST "/data-migration/migrate/format/csv" for ::1 at 2024-06-10 13:20:09 +0100
Processing by DataMigrationController#validate_as_csv as */*
  Parameters: {"file"=>#<ActionDispatch::Http::UploadedFile:0x000073e21f83e9e0 @tempfile=#<Tempfile:/tmp/RackMultipart20240610-18937-2kw0b0.csv>, @content_type="text/csv", @original_filename="DMTesting-15042024 (1).csv", @headers="Content-Disposition: form-data; name=\"file\"; filename=\"DMTesting-15042024 (1).csv\"\r\nContent-Type: text/csv\r\n">}
  [1m[36mClient Load (0.4ms)[0m  [1m[34mSELECT "clients".* FROM "clients" WHERE "clients"."api_key" = $1 LIMIT $2[0m  [["api_key", "1237"], ["LIMIT", 1]]
  ↳ app/services/authorize/token.rb:10:in `client_auth'
  [1m[36mTRANSACTION (0.2ms)[0m  [1m[35mBEGIN[0m
  ↳ app/services/migrate/data_migration.rb:37:in `block in migrate_orgs_to_db'
  [1m[36mOrganisation Exists? (0.3ms)[0m  [1m[34mSELECT 1 AS one FROM "organisations" WHERE LOWER("organisations"."identifier_id") = LOWER($1) LIMIT $2[0m  [["identifier_id", "001b000003V2vepAAB"], ["LIMIT", 1]]
  ↳ app/services/migrate/data_migration.rb:37:in `block in migrate_orgs_to_db'
  [1m[36mOrganisation Create (0.2ms)[0m  [1m[32mINSERT INTO "organisations" ("identifier_id", "org_roles", "right_to_buy", "scheme_id", "status", "status_description", "domain_name", "created_at", "updated_at") VALUES ($1, $2, $3, $4, $5, $6, $7, $8, $9) RETURNING "org_id"[0m  [["identifier_id", "001b000003V2vepAAB"], ["org_roles", "RMI Tile"], ["right_to_buy", false], ["scheme_id", "SF-ID"], ["status", 200], ["status_description", "Success."], ["domain_name", "mailinator.com"], ["created_at", "2024-06-10 12:20:09.780325"], ["updated_at", "2024-06-10 12:20:09.780325"]]
  ↳ app/services/migrate/data_migration.rb:37:in `block in migrate_orgs_to_db'
  [1m[36mTRANSACTION (10.7ms)[0m  [1m[35mCOMMIT[0m
  ↳ app/services/migrate/data_migration.rb:37:in `block in migrate_orgs_to_db'
  [1m[36mTRANSACTION (0.2ms)[0m  [1m[35mBEGIN[0m
  ↳ app/services/migrate/data_migration.rb:68:in `block (2 levels) in migrate_users_to_db'
  [1m[36mUser Exists? (1.5ms)[0m  [1m[34mSELECT 1 AS one FROM "users" WHERE LOWER("users"."email") = LOWER($1) LIMIT $2[0m  [["email", "neworg1datamigrationuser0804demo1user01@mailinator.com"], ["LIMIT", 1]]
  ↳ app/services/migrate/data_migration.rb:68:in `block (2 levels) in migrate_users_to_db'
  [1m[36mUser Create (0.4ms)[0m  [1m[32mINSERT INTO "users" ("contact_email", "contact_fax", "contact_mobile", "contact_phone", "contact_social", "email", "first_name", "last_name", "status", "status_description", "title", "user_roles", "identifier_id", "scheme_id", "created_at", "updated_at") VALUES ($1, $2, $3, $4, $5, $6, $7, $8, $9, $10, $11, $12, $13, $14, $15, $16) RETURNING "user_id"[0m  [["contact_email", "contact1@domain.co.uk"], ["contact_fax", "+44 (948) 459-3973"], ["contact_mobile", "+44 (994) 522-3827"], ["contact_phone", "+44 (876) 569-2322"], ["contact_social", "www.test.com"], ["email", "neworg1datamigrationuser0804demo1user01@mailinator.com"], ["first_name", "AB"], ["last_name", "Bloggs"], ["status", 201], ["status_description", "Success."], ["title", "Mr"], ["user_roles", "RMI Tile,RMI User,Access Data Migration,Organisation Administrator"], ["identifier_id", "001b000003V2vepAAB"], ["scheme_id", "SF-ID"], ["created_at", "2024-06-10 12:20:09.811527"], ["updated_at", "2024-06-10 12:20:09.811527"]]
  ↳ app/services/migrate/data_migration.rb:68:in `block (2 levels) in migrate_users_to_db'
  [1m[36mTRANSACTION (12.6ms)[0m  [1m[35mCOMMIT[0m
  ↳ app/services/migrate/data_migration.rb:68:in `block (2 levels) in migrate_users_to_db'
  [1m[36mTRANSACTION (0.1ms)[0m  [1m[35mBEGIN[0m
  ↳ app/services/migrate/data_migration.rb:68:in `block (2 levels) in migrate_users_to_db'
  [1m[36mUser Exists? (1.1ms)[0m  [1m[34mSELECT 1 AS one FROM "users" WHERE LOWER("users"."email") = LOWER($1) LIMIT $2[0m  [["email", "neworg1datamigrationuser0804demo1user02@mailinator.com"], ["LIMIT", 1]]
  ↳ app/services/migrate/data_migration.rb:68:in `block (2 levels) in migrate_users_to_db'
  [1m[36mUser Create (0.2ms)[0m  [1m[32mINSERT INTO "users" ("contact_email", "contact_fax", "contact_mobile", "contact_phone", "contact_social", "email", "first_name", "last_name", "status", "status_description", "title", "user_roles", "identifier_id", "scheme_id", "created_at", "updated_at") VALUES ($1, $2, $3, $4, $5, $6, $7, $8, $9, $10, $11, $12, $13, $14, $15, $16) RETURNING "user_id"[0m  [["contact_email", "contact1@domain.co.uk"], ["contact_fax", "+44 (824) 506-3143"], ["contact_mobile", "+44 (927) 462-2038"], ["contact_phone", "+44 (980) 473-2799"], ["contact_social", "www.test.com"], ["email", "neworg1datamigrationuser0804demo1user02@mailinator.com"], ["first_name", "BC"], ["last_name", "Bloggs"], ["status", 201], ["status_description", "Success."], ["title", "Mr"], ["user_roles", "RMI Tile,RMI User,Access Data Migration"], ["identifier_id", "001b000003V2vepAAB"], ["scheme_id", "SF-ID"], ["created_at", "2024-06-10 12:20:09.828944"], ["updated_at", "2024-06-10 12:20:09.828944"]]
  ↳ app/services/migrate/data_migration.rb:68:in `block (2 levels) in migrate_users_to_db'
  [1m[36mTRANSACTION (6.7ms)[0m  [1m[35mCOMMIT[0m
  ↳ app/services/migrate/data_migration.rb:68:in `block (2 levels) in migrate_users_to_db'
  [1m[36mTRANSACTION (0.2ms)[0m  [1m[35mBEGIN[0m
  ↳ app/services/migrate/data_migration.rb:68:in `block (2 levels) in migrate_users_to_db'
  [1m[36mUser Exists? (1.2ms)[0m  [1m[34mSELECT 1 AS one FROM "users" WHERE LOWER("users"."email") = LOWER($1) LIMIT $2[0m  [["email", "neworg1datamigrationuser0804demo1user03@mailinator.com"], ["LIMIT", 1]]
  ↳ app/services/migrate/data_migration.rb:68:in `block (2 levels) in migrate_users_to_db'
  [1m[36mUser Create (0.3ms)[0m  [1m[32mINSERT INTO "users" ("contact_email", "contact_fax", "contact_mobile", "contact_phone", "contact_social", "email", "first_name", "last_name", "status", "status_description", "title", "user_roles", "identifier_id", "scheme_id", "created_at", "updated_at") VALUES ($1, $2, $3, $4, $5, $6, $7, $8, $9, $10, $11, $12, $13, $14, $15, $16) RETURNING "user_id"[0m  [["contact_email", "contact1@domain.co.uk"], ["contact_fax", "+44 (967) 591-2103"], ["contact_mobile", "+44 (857) 499-2673"], ["contact_phone", "+44 (825) 444-3567"], ["contact_social", "www.test.com"], ["email", "neworg1datamigrationuser0804demo1user03@mailinator.com"], ["first_name", "CD"], ["last_name", "Bloggs"], ["status", 201], ["status_description", "Success."], ["title", "Mr"], ["user_roles", "RMI Tile,RMI User,Access Data Migration"], ["identifier_id", "001b000003V2vepAAB"], ["scheme_id", "SF-ID"], ["created_at", "2024-06-10 12:20:09.840325"], ["updated_at", "2024-06-10 12:20:09.840325"]]
  ↳ app/services/migrate/data_migration.rb:68:in `block (2 levels) in migrate_users_to_db'
  [1m[36mTRANSACTION (6.4ms)[0m  [1m[35mCOMMIT[0m
  ↳ app/services/migrate/data_migration.rb:68:in `block (2 levels) in migrate_users_to_db'
  [1m[36mTRANSACTION (0.1ms)[0m  [1m[35mBEGIN[0m
  ↳ app/services/migrate/data_migration.rb:68:in `block (2 levels) in migrate_users_to_db'
  [1m[36mUser Exists? (1.2ms)[0m  [1m[34mSELECT 1 AS one FROM "users" WHERE LOWER("users"."email") = LOWER($1) LIMIT $2[0m  [["email", "neworg1datamigrationuser0804demo1user04@mailinator.com"], ["LIMIT", 1]]
  ↳ app/services/migrate/data_migration.rb:68:in `block (2 levels) in migrate_users_to_db'
  [1m[36mUser Create (0.2ms)[0m  [1m[32mINSERT INTO "users" ("contact_email", "contact_fax", "contact_mobile", "contact_phone", "contact_social", "email", "first_name", "last_name", "status", "status_description", "title", "user_roles", "identifier_id", "scheme_id", "created_at", "updated_at") VALUES ($1, $2, $3, $4, $5, $6, $7, $8, $9, $10, $11, $12, $13, $14, $15, $16) RETURNING "user_id"[0m  [["contact_email", "contact1@domain.co.uk"], ["contact_fax", "+44 (915) 454-2949"], ["contact_mobile", "+44 (998) 533-3962"], ["contact_phone", "+44 (848) 441-3096"], ["contact_social", "www.test.com"], ["email", "neworg1datamigrationuser0804demo1user04@mailinator.com"], ["first_name", "DE"], ["last_name", "Bloggs"], ["status", 201], ["status_description", "Success."], ["title", "Mr"], ["user_roles", "RMI Tile,RMI User,Access Data Migration"], ["identifier_id", "001b000003V2vepAAB"], ["scheme_id", "SF-ID"], ["created_at", "2024-06-10 12:20:09.851357"], ["updated_at", "2024-06-10 12:20:09.851357"]]
  ↳ app/services/migrate/data_migration.rb:68:in `block (2 levels) in migrate_users_to_db'
  [1m[36mTRANSACTION (6.6ms)[0m  [1m[35mCOMMIT[0m
  ↳ app/services/migrate/data_migration.rb:68:in `block (2 levels) in migrate_users_to_db'
  [1m[36mTRANSACTION (0.1ms)[0m  [1m[35mBEGIN[0m
  ↳ app/services/migrate/data_migration.rb:68:in `block (2 levels) in migrate_users_to_db'
  [1m[36mUser Exists? (1.1ms)[0m  [1m[34mSELECT 1 AS one FROM "users" WHERE LOWER("users"."email") = LOWER($1) LIMIT $2[0m  [["email", "neworg1datamigrationuser0804demo1user05@mailinator.com"], ["LIMIT", 1]]
  ↳ app/services/migrate/data_migration.rb:68:in `block (2 levels) in migrate_users_to_db'
  [1m[36mUser Create (0.2ms)[0m  [1m[32mINSERT INTO "users" ("contact_email", "contact_fax", "contact_mobile", "contact_phone", "contact_social", "email", "first_name", "last_name", "status", "status_description", "title", "user_roles", "identifier_id", "scheme_id", "created_at", "updated_at") VALUES ($1, $2, $3, $4, $5, $6, $7, $8, $9, $10, $11, $12, $13, $14, $15, $16) RETURNING "user_id"[0m  [["contact_email", "contact1@domain.co.uk"], ["contact_fax", "+44 (962) 480-3513"], ["contact_mobile", "+44 (909) 520-2519"], ["contact_phone", "+44 (951) 489-3270"], ["contact_social", "www.test.com"], ["email", "neworg1datamigrationuser0804demo1user05@mailinator.com"], ["first_name", "EF"], ["last_name", "Bloggs"], ["status", 201], ["status_description", "Success."], ["title", "Mr"], ["user_roles", "RMI Tile,RMI User,Access Data Migration"], ["identifier_id", "001b000003V2vepAAB"], ["scheme_id", "SF-ID"], ["created_at", "2024-06-10 12:20:09.862342"], ["updated_at", "2024-06-10 12:20:09.862342"]]
  ↳ app/services/migrate/data_migration.rb:68:in `block (2 levels) in migrate_users_to_db'
  [1m[36mTRANSACTION (7.0ms)[0m  [1m[35mCOMMIT[0m
  ↳ app/services/migrate/data_migration.rb:68:in `block (2 levels) in migrate_users_to_db'
Completed 200 OK in 231ms (Views: 1.6ms | ActiveRecord: 71.0ms | Allocations: 51573)


Started POST "/data-migration/migrate/format/json" for ::1 at 2024-06-10 13:29:30 +0100
Processing by DataMigrationController#validate_as_json as */*
  [1m[36mClient Load (0.3ms)[0m  [1m[34mSELECT "clients".* FROM "clients" WHERE "clients"."api_key" = $1 LIMIT $2[0m  [["api_key", "1237"], ["LIMIT", 1]]
  ↳ app/services/authorize/token.rb:10:in `client_auth'
Completed 400 Bad Request in 17ms (Views: 0.2ms | ActiveRecord: 3.2ms | Allocations: 3406)


Started POST "/data-migration/migrate/format/json" for ::1 at 2024-06-10 13:30:33 +0100
Processing by DataMigrationController#validate_as_json as */*
  Parameters: {"_json"=>[{"identifier-id"=>"001b000003OCcahAAD", "scheme-id"=>"SF-ID", "domainName"=>"yopmail.com", "rightToBuy"=>"true", "orgRoles"=>[{"name"=>"Fleet Portal Tile"}, {"name"=>"Fleet Portal User"}, {"name"=>"Access Data Migration"}], "user"=>[{"email"=>"datamigrationuse2609admin@yopmail.com", "title"=>"Mrs", "firstName"=>"crystal", "lastName"=>"days", "contactPointName"=>"crystaldays", "contactEmail"=>"crystal.days@comtest.com", "contactMobile"=>"+44 (818) 454-3647", "contactPhone"=>"+4402012341234", "contactFax"=>"+12129876543", "contactSocial"=>"http://www.linkedin.com/", "userRoles"=>[{"name"=>"Fleet Portal User"}]}, {"email"=>"datamigrationuser2609fleetadim@yopmail.com", "title"=>"Mr", "firstName"=>"kevin", "lastName"=>"andrews", "contactPointName"=>"kevinandrews", "contactEmail"=>"kevin.andrews@comtest.com", "contactMobile"=>"+4402012341233", "contactPhone"=>"+4402012341234", "contactFax"=>"+12129876543", "contactSocial"=>"http://www.linkedin.com/", "userRoles"=>[{"name"=>"Organisation Administrator"}, {"name"=>"Fleet Portal User"}, {"name"=>"Fleet Portal Tile"}, {"name"=>"Access Data Migration"}]}, {"email"=>"datamigrationuse2609user@yopmail.com", "title"=>"Mr", "firstName"=>"Mark", "lastName"=>"Berry", "contactPointName"=>"markberry", "contactEmail"=>"mark.berry@comtest.com", "contactMobile"=>"+4402012341233", "contactPhone"=>"+4402012341234", "contactFax"=>"+12129876543", "contactSocial"=>"https://www.example.com", "userRoles"=>[{"name"=>"Fleet Portal User"}]}]}], "data_migration"=>{"_json"=>[{"identifier-id"=>"001b000003OCcahAAD", "scheme-id"=>"SF-ID", "domainName"=>"yopmail.com", "rightToBuy"=>"true", "orgRoles"=>[{"name"=>"Fleet Portal Tile"}, {"name"=>"Fleet Portal User"}, {"name"=>"Access Data Migration"}], "user"=>[{"email"=>"datamigrationuse2609admin@yopmail.com", "title"=>"Mrs", "firstName"=>"crystal", "lastName"=>"days", "contactPointName"=>"crystaldays", "contactEmail"=>"crystal.days@comtest.com", "contactMobile"=>"+44 (818) 454-3647", "contactPhone"=>"+4402012341234", "contactFax"=>"+12129876543", "contactSocial"=>"http://www.linkedin.com/", "userRoles"=>[{"name"=>"Fleet Portal User"}]}, {"email"=>"datamigrationuser2609fleetadim@yopmail.com", "title"=>"Mr", "firstName"=>"kevin", "lastName"=>"andrews", "contactPointName"=>"kevinandrews", "contactEmail"=>"kevin.andrews@comtest.com", "contactMobile"=>"+4402012341233", "contactPhone"=>"+4402012341234", "contactFax"=>"+12129876543", "contactSocial"=>"http://www.linkedin.com/", "userRoles"=>[{"name"=>"Organisation Administrator"}, {"name"=>"Fleet Portal User"}, {"name"=>"Fleet Portal Tile"}, {"name"=>"Access Data Migration"}]}, {"email"=>"datamigrationuse2609user@yopmail.com", "title"=>"Mr", "firstName"=>"Mark", "lastName"=>"Berry", "contactPointName"=>"markberry", "contactEmail"=>"mark.berry@comtest.com", "contactMobile"=>"+4402012341233", "contactPhone"=>"+4402012341234", "contactFax"=>"+12129876543", "contactSocial"=>"https://www.example.com", "userRoles"=>[{"name"=>"Fleet Portal User"}]}]}]}}
  [1m[36mClient Load (0.2ms)[0m  [1m[34mSELECT "clients".* FROM "clients" WHERE "clients"."api_key" = $1 LIMIT $2[0m  [["api_key", "1237"], ["LIMIT", 1]]
  ↳ app/services/authorize/token.rb:10:in `client_auth'
Completed 500 Internal Server Error in 1ms (ActiveRecord: 0.2ms | Allocations: 616)


  
NoMethodError (undefined method `each' for "[{\n    \"identifier-id\": \"001b000003OCcahAAD\",\n    \"scheme-id\": \"SF-ID\",\n    \"domainName\": \"yopmail.com\",\n    \"rightToBuy\": \"true\",\n    \"orgRoles\": [{\n            \"name\": \"Fleet Portal Tile\"\n        },\n\n        {\n            \"name\": \"Fleet Portal User\"\n        },\n        {\n            \"name\": \"Access Data Migration\"\n\n        }\n    ],\n    \"user\": [{\n            \"email\": \"datamigrationuse2609admin@yopmail.com\",\n            \"title\": \"Mrs\",\n            \"firstName\": \"crystal\",\n            \"lastName\": \"days\",\n            \"contactPointName\": \"crystaldays\",\n            \"contactEmail\": \"crystal.days@comtest.com\",\n            \"contactMobile\": \"+44 (818) 454-3647\",\n            \"contactPhone\": \"+4402012341234\",\n            \"contactFax\": \"+12129876543\",\n            \"contactSocial\": \"http://www.linkedin.com/\",\n            \"userRoles\": [{\n                \"name\": \"Fleet Portal User\"\n            }]\n        },\n        {\n            \"email\": \"datamigrationuser2609fleetadim@yopmail.com\",\n            \"title\": \"Mr\",\n            \"firstName\": \"kevin\",\n            \"lastName\": \"andrews\",\n            \"contactPointName\": \"kevinandrews\",\n            \"contactEmail\": \"kevin.andrews@comtest.com\",\n            \"contactMobile\": \"+4402012341233\",\n            \"contactPhone\": \"+4402012341234\",\n            \"contactFax\": \"+12129876543\",\n            \"contactSocial\": \"http://www.linkedin.com/\",\n            \"userRoles\": [{\n                    \"name\": \"Organisation Administrator\"\n                },\n                {\n                    \"name\": \"Fleet Portal User\"\n                },\n                {\n                    \"name\": \"Fleet Portal Tile\"\n                },\n                {\n                    \"name\": \"Access Data Migration\"\n                }\n            ]\n        },\n        {\n            \"email\": \"datamigrationuse2609user@yopmail.com\",\n            \"title\": \"Mr\",\n            \"firstName\": \"Mark\",\n            \"lastName\": \"Berry\",\n            \"contactPointName\": \"markberry\",\n            \"contactEmail\": \"mark.berry@comtest.com\",\n            \"contactMobile\": \"+4402012341233\",\n            \"contactPhone\": \"+4402012341234\",\n            \"contactFax\": \"+12129876543\",\n            \"contactSocial\": \"https://www.example.com\",\n            \"userRoles\": [{\n                \"name\": \"Fleet Portal User\"\n            }]\n        }\n    ]\n}]":String):
  
app/services/validate/json_validator.rb:15:in `validate'
app/controllers/data_migration_controller.rb:126:in `process_json_data'
app/controllers/data_migration_controller.rb:26:in `validate_as_json'
Started POST "/data-migration/migrate/format/json" for ::1 at 2024-06-10 13:34:18 +0100
Processing by DataMigrationController#validate_as_json as */*
  Parameters: {"_json"=>[{"identifier-id"=>"001b000003OCcahAAD", "scheme-id"=>"SF-ID", "domainName"=>"yopmail.com", "rightToBuy"=>"true", "orgRoles"=>[{"name"=>"Fleet Portal Tile"}, {"name"=>"Fleet Portal User"}, {"name"=>"Access Data Migration"}], "user"=>[{"email"=>"datamigrationuse2609admin@yopmail.com", "title"=>"Mrs", "firstName"=>"crystal", "lastName"=>"days", "contactPointName"=>"crystaldays", "contactEmail"=>"crystal.days@comtest.com", "contactMobile"=>"+44 (818) 454-3647", "contactPhone"=>"+4402012341234", "contactFax"=>"+12129876543", "contactSocial"=>"http://www.linkedin.com/", "userRoles"=>[{"name"=>"Fleet Portal User"}]}, {"email"=>"datamigrationuser2609fleetadim@yopmail.com", "title"=>"Mr", "firstName"=>"kevin", "lastName"=>"andrews", "contactPointName"=>"kevinandrews", "contactEmail"=>"kevin.andrews@comtest.com", "contactMobile"=>"+4402012341233", "contactPhone"=>"+4402012341234", "contactFax"=>"+12129876543", "contactSocial"=>"http://www.linkedin.com/", "userRoles"=>[{"name"=>"Organisation Administrator"}, {"name"=>"Fleet Portal User"}, {"name"=>"Fleet Portal Tile"}, {"name"=>"Access Data Migration"}]}, {"email"=>"datamigrationuse2609user@yopmail.com", "title"=>"Mr", "firstName"=>"Mark", "lastName"=>"Berry", "contactPointName"=>"markberry", "contactEmail"=>"mark.berry@comtest.com", "contactMobile"=>"+4402012341233", "contactPhone"=>"+4402012341234", "contactFax"=>"+12129876543", "contactSocial"=>"https://www.example.com", "userRoles"=>[{"name"=>"Fleet Portal User"}]}]}], "data_migration"=>{"_json"=>[{"identifier-id"=>"001b000003OCcahAAD", "scheme-id"=>"SF-ID", "domainName"=>"yopmail.com", "rightToBuy"=>"true", "orgRoles"=>[{"name"=>"Fleet Portal Tile"}, {"name"=>"Fleet Portal User"}, {"name"=>"Access Data Migration"}], "user"=>[{"email"=>"datamigrationuse2609admin@yopmail.com", "title"=>"Mrs", "firstName"=>"crystal", "lastName"=>"days", "contactPointName"=>"crystaldays", "contactEmail"=>"crystal.days@comtest.com", "contactMobile"=>"+44 (818) 454-3647", "contactPhone"=>"+4402012341234", "contactFax"=>"+12129876543", "contactSocial"=>"http://www.linkedin.com/", "userRoles"=>[{"name"=>"Fleet Portal User"}]}, {"email"=>"datamigrationuser2609fleetadim@yopmail.com", "title"=>"Mr", "firstName"=>"kevin", "lastName"=>"andrews", "contactPointName"=>"kevinandrews", "contactEmail"=>"kevin.andrews@comtest.com", "contactMobile"=>"+4402012341233", "contactPhone"=>"+4402012341234", "contactFax"=>"+12129876543", "contactSocial"=>"http://www.linkedin.com/", "userRoles"=>[{"name"=>"Organisation Administrator"}, {"name"=>"Fleet Portal User"}, {"name"=>"Fleet Portal Tile"}, {"name"=>"Access Data Migration"}]}, {"email"=>"datamigrationuse2609user@yopmail.com", "title"=>"Mr", "firstName"=>"Mark", "lastName"=>"Berry", "contactPointName"=>"markberry", "contactEmail"=>"mark.berry@comtest.com", "contactMobile"=>"+4402012341233", "contactPhone"=>"+4402012341234", "contactFax"=>"+12129876543", "contactSocial"=>"https://www.example.com", "userRoles"=>[{"name"=>"Fleet Portal User"}]}]}]}}
  [1m[36mClient Load (0.2ms)[0m  [1m[34mSELECT "clients".* FROM "clients" WHERE "clients"."api_key" = $1 LIMIT $2[0m  [["api_key", "1237"], ["LIMIT", 1]]
  ↳ app/services/authorize/token.rb:10:in `client_auth'
Completed 500 Internal Server Error in 7ms (ActiveRecord: 2.7ms | Allocations: 3802)


  
NoMethodError (undefined method `each' for "[{\n    \"identifier-id\": \"001b000003OCcahAAD\",\n    \"scheme-id\": \"SF-ID\",\n    \"domainName\": \"yopmail.com\",\n    \"rightToBuy\": \"true\",\n    \"orgRoles\": [{\n            \"name\": \"Fleet Portal Tile\"\n        },\n\n        {\n            \"name\": \"Fleet Portal User\"\n        },\n        {\n            \"name\": \"Access Data Migration\"\n\n        }\n    ],\n    \"user\": [{\n            \"email\": \"datamigrationuse2609admin@yopmail.com\",\n            \"title\": \"Mrs\",\n            \"firstName\": \"crystal\",\n            \"lastName\": \"days\",\n            \"contactPointName\": \"crystaldays\",\n            \"contactEmail\": \"crystal.days@comtest.com\",\n            \"contactMobile\": \"+44 (818) 454-3647\",\n            \"contactPhone\": \"+4402012341234\",\n            \"contactFax\": \"+12129876543\",\n            \"contactSocial\": \"http://www.linkedin.com/\",\n            \"userRoles\": [{\n                \"name\": \"Fleet Portal User\"\n            }]\n        },\n        {\n            \"email\": \"datamigrationuser2609fleetadim@yopmail.com\",\n            \"title\": \"Mr\",\n            \"firstName\": \"kevin\",\n            \"lastName\": \"andrews\",\n            \"contactPointName\": \"kevinandrews\",\n            \"contactEmail\": \"kevin.andrews@comtest.com\",\n            \"contactMobile\": \"+4402012341233\",\n            \"contactPhone\": \"+4402012341234\",\n            \"contactFax\": \"+12129876543\",\n            \"contactSocial\": \"http://www.linkedin.com/\",\n            \"userRoles\": [{\n                    \"name\": \"Organisation Administrator\"\n                },\n                {\n                    \"name\": \"Fleet Portal User\"\n                },\n                {\n                    \"name\": \"Fleet Portal Tile\"\n                },\n                {\n                    \"name\": \"Access Data Migration\"\n                }\n            ]\n        },\n        {\n            \"email\": \"datamigrationuse2609user@yopmail.com\",\n            \"title\": \"Mr\",\n            \"firstName\": \"Mark\",\n            \"lastName\": \"Berry\",\n            \"contactPointName\": \"markberry\",\n            \"contactEmail\": \"mark.berry@comtest.com\",\n            \"contactMobile\": \"+4402012341233\",\n            \"contactPhone\": \"+4402012341234\",\n            \"contactFax\": \"+12129876543\",\n            \"contactSocial\": \"https://www.example.com\",\n            \"userRoles\": [{\n                \"name\": \"Fleet Portal User\"\n            }]\n        }\n    ]\n}]":String):
  
app/services/validate/json_validator.rb:16:in `validate'
app/controllers/data_migration_controller.rb:126:in `process_json_data'
app/controllers/data_migration_controller.rb:26:in `validate_as_json'
Started POST "/data-migration/migrate/format/json" for ::1 at 2024-06-10 13:34:54 +0100
Processing by DataMigrationController#validate_as_json as */*
  Parameters: {"_json"=>[{"identifier-id"=>"001b000003OCcahAAD", "scheme-id"=>"SF-ID", "domainName"=>"yopmail.com", "rightToBuy"=>"true", "orgRoles"=>[{"name"=>"Fleet Portal Tile"}, {"name"=>"Fleet Portal User"}, {"name"=>"Access Data Migration"}], "user"=>[{"email"=>"datamigrationuse2609admin@yopmail.com", "title"=>"Mrs", "firstName"=>"crystal", "lastName"=>"days", "contactPointName"=>"crystaldays", "contactEmail"=>"crystal.days@comtest.com", "contactMobile"=>"+44 (818) 454-3647", "contactPhone"=>"+4402012341234", "contactFax"=>"+12129876543", "contactSocial"=>"http://www.linkedin.com/", "userRoles"=>[{"name"=>"Fleet Portal User"}]}, {"email"=>"datamigrationuser2609fleetadim@yopmail.com", "title"=>"Mr", "firstName"=>"kevin", "lastName"=>"andrews", "contactPointName"=>"kevinandrews", "contactEmail"=>"kevin.andrews@comtest.com", "contactMobile"=>"+4402012341233", "contactPhone"=>"+4402012341234", "contactFax"=>"+12129876543", "contactSocial"=>"http://www.linkedin.com/", "userRoles"=>[{"name"=>"Organisation Administrator"}, {"name"=>"Fleet Portal User"}, {"name"=>"Fleet Portal Tile"}, {"name"=>"Access Data Migration"}]}, {"email"=>"datamigrationuse2609user@yopmail.com", "title"=>"Mr", "firstName"=>"Mark", "lastName"=>"Berry", "contactPointName"=>"markberry", "contactEmail"=>"mark.berry@comtest.com", "contactMobile"=>"+4402012341233", "contactPhone"=>"+4402012341234", "contactFax"=>"+12129876543", "contactSocial"=>"https://www.example.com", "userRoles"=>[{"name"=>"Fleet Portal User"}]}]}], "data_migration"=>{"_json"=>[{"identifier-id"=>"001b000003OCcahAAD", "scheme-id"=>"SF-ID", "domainName"=>"yopmail.com", "rightToBuy"=>"true", "orgRoles"=>[{"name"=>"Fleet Portal Tile"}, {"name"=>"Fleet Portal User"}, {"name"=>"Access Data Migration"}], "user"=>[{"email"=>"datamigrationuse2609admin@yopmail.com", "title"=>"Mrs", "firstName"=>"crystal", "lastName"=>"days", "contactPointName"=>"crystaldays", "contactEmail"=>"crystal.days@comtest.com", "contactMobile"=>"+44 (818) 454-3647", "contactPhone"=>"+4402012341234", "contactFax"=>"+12129876543", "contactSocial"=>"http://www.linkedin.com/", "userRoles"=>[{"name"=>"Fleet Portal User"}]}, {"email"=>"datamigrationuser2609fleetadim@yopmail.com", "title"=>"Mr", "firstName"=>"kevin", "lastName"=>"andrews", "contactPointName"=>"kevinandrews", "contactEmail"=>"kevin.andrews@comtest.com", "contactMobile"=>"+4402012341233", "contactPhone"=>"+4402012341234", "contactFax"=>"+12129876543", "contactSocial"=>"http://www.linkedin.com/", "userRoles"=>[{"name"=>"Organisation Administrator"}, {"name"=>"Fleet Portal User"}, {"name"=>"Fleet Portal Tile"}, {"name"=>"Access Data Migration"}]}, {"email"=>"datamigrationuse2609user@yopmail.com", "title"=>"Mr", "firstName"=>"Mark", "lastName"=>"Berry", "contactPointName"=>"markberry", "contactEmail"=>"mark.berry@comtest.com", "contactMobile"=>"+4402012341233", "contactPhone"=>"+4402012341234", "contactFax"=>"+12129876543", "contactSocial"=>"https://www.example.com", "userRoles"=>[{"name"=>"Fleet Portal User"}]}]}]}}
  [1m[36mClient Load (0.2ms)[0m  [1m[34mSELECT "clients".* FROM "clients" WHERE "clients"."api_key" = $1 LIMIT $2[0m  [["api_key", "1237"], ["LIMIT", 1]]
  ↳ app/services/authorize/token.rb:10:in `client_auth'
Completed 500 Internal Server Error in 7ms (ActiveRecord: 2.0ms | Allocations: 3692)


  
NoMethodError (undefined method `each' for "[{\n    \"identifier-id\": \"001b000003OCcahAAD\",\n    \"scheme-id\": \"SF-ID\",\n    \"domainName\": \"yopmail.com\",\n    \"rightToBuy\": \"true\",\n    \"orgRoles\": [{\n            \"name\": \"Fleet Portal Tile\"\n        },\n\n        {\n            \"name\": \"Fleet Portal User\"\n        },\n        {\n            \"name\": \"Access Data Migration\"\n\n        }\n    ],\n    \"user\": [{\n            \"email\": \"datamigrationuse2609admin@yopmail.com\",\n            \"title\": \"Mrs\",\n            \"firstName\": \"crystal\",\n            \"lastName\": \"days\",\n            \"contactPointName\": \"crystaldays\",\n            \"contactEmail\": \"crystal.days@comtest.com\",\n            \"contactMobile\": \"+44 (818) 454-3647\",\n            \"contactPhone\": \"+4402012341234\",\n            \"contactFax\": \"+12129876543\",\n            \"contactSocial\": \"http://www.linkedin.com/\",\n            \"userRoles\": [{\n                \"name\": \"Fleet Portal User\"\n            }]\n        },\n        {\n            \"email\": \"datamigrationuser2609fleetadim@yopmail.com\",\n            \"title\": \"Mr\",\n            \"firstName\": \"kevin\",\n            \"lastName\": \"andrews\",\n            \"contactPointName\": \"kevinandrews\",\n            \"contactEmail\": \"kevin.andrews@comtest.com\",\n            \"contactMobile\": \"+4402012341233\",\n            \"contactPhone\": \"+4402012341234\",\n            \"contactFax\": \"+12129876543\",\n            \"contactSocial\": \"http://www.linkedin.com/\",\n            \"userRoles\": [{\n                    \"name\": \"Organisation Administrator\"\n                },\n                {\n                    \"name\": \"Fleet Portal User\"\n                },\n                {\n                    \"name\": \"Fleet Portal Tile\"\n                },\n                {\n                    \"name\": \"Access Data Migration\"\n                }\n            ]\n        },\n        {\n            \"email\": \"datamigrationuse2609user@yopmail.com\",\n            \"title\": \"Mr\",\n            \"firstName\": \"Mark\",\n            \"lastName\": \"Berry\",\n            \"contactPointName\": \"markberry\",\n            \"contactEmail\": \"mark.berry@comtest.com\",\n            \"contactMobile\": \"+4402012341233\",\n            \"contactPhone\": \"+4402012341234\",\n            \"contactFax\": \"+12129876543\",\n            \"contactSocial\": \"https://www.example.com\",\n            \"userRoles\": [{\n                \"name\": \"Fleet Portal User\"\n            }]\n        }\n    ]\n}]":String):
  
app/services/validate/json_validator.rb:16:in `validate'
app/controllers/data_migration_controller.rb:126:in `process_json_data'
app/controllers/data_migration_controller.rb:26:in `validate_as_json'
Started POST "/data-migration/migrate/format/json" for ::1 at 2024-06-10 13:37:03 +0100
Processing by DataMigrationController#validate_as_json as */*
  Parameters: {"_json"=>[{"identifier-id"=>"001b000003OCcahAAD", "scheme-id"=>"SF-ID", "domainName"=>"yopmail.com", "rightToBuy"=>"true", "orgRoles"=>[{"name"=>"Fleet Portal Tile"}, {"name"=>"Fleet Portal User"}, {"name"=>"Access Data Migration"}], "user"=>[{"email"=>"datamigrationuse2609admin@yopmail.com", "title"=>"Mrs", "firstName"=>"crystal", "lastName"=>"days", "contactPointName"=>"crystaldays", "contactEmail"=>"crystal.days@comtest.com", "contactMobile"=>"+44 (818) 454-3647", "contactPhone"=>"+4402012341234", "contactFax"=>"+12129876543", "contactSocial"=>"http://www.linkedin.com/", "userRoles"=>[{"name"=>"Fleet Portal User"}]}, {"email"=>"datamigrationuser2609fleetadim@yopmail.com", "title"=>"Mr", "firstName"=>"kevin", "lastName"=>"andrews", "contactPointName"=>"kevinandrews", "contactEmail"=>"kevin.andrews@comtest.com", "contactMobile"=>"+4402012341233", "contactPhone"=>"+4402012341234", "contactFax"=>"+12129876543", "contactSocial"=>"http://www.linkedin.com/", "userRoles"=>[{"name"=>"Organisation Administrator"}, {"name"=>"Fleet Portal User"}, {"name"=>"Fleet Portal Tile"}, {"name"=>"Access Data Migration"}]}, {"email"=>"datamigrationuse2609user@yopmail.com", "title"=>"Mr", "firstName"=>"Mark", "lastName"=>"Berry", "contactPointName"=>"markberry", "contactEmail"=>"mark.berry@comtest.com", "contactMobile"=>"+4402012341233", "contactPhone"=>"+4402012341234", "contactFax"=>"+12129876543", "contactSocial"=>"https://www.example.com", "userRoles"=>[{"name"=>"Fleet Portal User"}]}]}], "data_migration"=>{"_json"=>[{"identifier-id"=>"001b000003OCcahAAD", "scheme-id"=>"SF-ID", "domainName"=>"yopmail.com", "rightToBuy"=>"true", "orgRoles"=>[{"name"=>"Fleet Portal Tile"}, {"name"=>"Fleet Portal User"}, {"name"=>"Access Data Migration"}], "user"=>[{"email"=>"datamigrationuse2609admin@yopmail.com", "title"=>"Mrs", "firstName"=>"crystal", "lastName"=>"days", "contactPointName"=>"crystaldays", "contactEmail"=>"crystal.days@comtest.com", "contactMobile"=>"+44 (818) 454-3647", "contactPhone"=>"+4402012341234", "contactFax"=>"+12129876543", "contactSocial"=>"http://www.linkedin.com/", "userRoles"=>[{"name"=>"Fleet Portal User"}]}, {"email"=>"datamigrationuser2609fleetadim@yopmail.com", "title"=>"Mr", "firstName"=>"kevin", "lastName"=>"andrews", "contactPointName"=>"kevinandrews", "contactEmail"=>"kevin.andrews@comtest.com", "contactMobile"=>"+4402012341233", "contactPhone"=>"+4402012341234", "contactFax"=>"+12129876543", "contactSocial"=>"http://www.linkedin.com/", "userRoles"=>[{"name"=>"Organisation Administrator"}, {"name"=>"Fleet Portal User"}, {"name"=>"Fleet Portal Tile"}, {"name"=>"Access Data Migration"}]}, {"email"=>"datamigrationuse2609user@yopmail.com", "title"=>"Mr", "firstName"=>"Mark", "lastName"=>"Berry", "contactPointName"=>"markberry", "contactEmail"=>"mark.berry@comtest.com", "contactMobile"=>"+4402012341233", "contactPhone"=>"+4402012341234", "contactFax"=>"+12129876543", "contactSocial"=>"https://www.example.com", "userRoles"=>[{"name"=>"Fleet Portal User"}]}]}]}}
  [1m[36mClient Load (0.2ms)[0m  [1m[34mSELECT "clients".* FROM "clients" WHERE "clients"."api_key" = $1 LIMIT $2[0m  [["api_key", "1237"], ["LIMIT", 1]]
  ↳ app/services/authorize/token.rb:10:in `client_auth'
Completed 500 Internal Server Error in 6ms (ActiveRecord: 1.9ms | Allocations: 3891)


  
NoMethodError (undefined method `each' for "[{\n    \"identifier-id\": \"001b000003OCcahAAD\",\n    \"scheme-id\": \"SF-ID\",\n    \"domainName\": \"yopmail.com\",\n    \"rightToBuy\": \"true\",\n    \"orgRoles\": [{\n            \"name\": \"Fleet Portal Tile\"\n        },\n\n        {\n            \"name\": \"Fleet Portal User\"\n        },\n        {\n            \"name\": \"Access Data Migration\"\n\n        }\n    ],\n    \"user\": [{\n            \"email\": \"datamigrationuse2609admin@yopmail.com\",\n            \"title\": \"Mrs\",\n            \"firstName\": \"crystal\",\n            \"lastName\": \"days\",\n            \"contactPointName\": \"crystaldays\",\n            \"contactEmail\": \"crystal.days@comtest.com\",\n            \"contactMobile\": \"+44 (818) 454-3647\",\n            \"contactPhone\": \"+4402012341234\",\n            \"contactFax\": \"+12129876543\",\n            \"contactSocial\": \"http://www.linkedin.com/\",\n            \"userRoles\": [{\n                \"name\": \"Fleet Portal User\"\n            }]\n        },\n        {\n            \"email\": \"datamigrationuser2609fleetadim@yopmail.com\",\n            \"title\": \"Mr\",\n            \"firstName\": \"kevin\",\n            \"lastName\": \"andrews\",\n            \"contactPointName\": \"kevinandrews\",\n            \"contactEmail\": \"kevin.andrews@comtest.com\",\n            \"contactMobile\": \"+4402012341233\",\n            \"contactPhone\": \"+4402012341234\",\n            \"contactFax\": \"+12129876543\",\n            \"contactSocial\": \"http://www.linkedin.com/\",\n            \"userRoles\": [{\n                    \"name\": \"Organisation Administrator\"\n                },\n                {\n                    \"name\": \"Fleet Portal User\"\n                },\n                {\n                    \"name\": \"Fleet Portal Tile\"\n                },\n                {\n                    \"name\": \"Access Data Migration\"\n                }\n            ]\n        },\n        {\n            \"email\": \"datamigrationuse2609user@yopmail.com\",\n            \"title\": \"Mr\",\n            \"firstName\": \"Mark\",\n            \"lastName\": \"Berry\",\n            \"contactPointName\": \"markberry\",\n            \"contactEmail\": \"mark.berry@comtest.com\",\n            \"contactMobile\": \"+4402012341233\",\n            \"contactPhone\": \"+4402012341234\",\n            \"contactFax\": \"+12129876543\",\n            \"contactSocial\": \"https://www.example.com\",\n            \"userRoles\": [{\n                \"name\": \"Fleet Portal User\"\n            }]\n        }\n    ]\n}]":String):
  
app/services/validate/json_validator.rb:17:in `validate'
app/controllers/data_migration_controller.rb:126:in `process_json_data'
app/controllers/data_migration_controller.rb:26:in `validate_as_json'
[dotenv] Set [36mCII_DOMAIN[0m, [36mCII_API_KEY[0m, [36mPPG_DOMAIN[0m, [36mPPG_API_KEY[0m, and [36mREMOTE_APP[0m
[dotenv] Loaded [33m.env.local[0m
Started POST "/data-migration/migrate/format/json" for ::1 at 2024-06-10 13:37:45 +0100
Processing by DataMigrationController#validate_as_json as */*
  Parameters: {"_json"=>[{"identifier-id"=>"001b000003OCcahAAD", "scheme-id"=>"SF-ID", "domainName"=>"yopmail.com", "rightToBuy"=>"true", "orgRoles"=>[{"name"=>"Fleet Portal Tile"}, {"name"=>"Fleet Portal User"}, {"name"=>"Access Data Migration"}], "user"=>[{"email"=>"datamigrationuse2609admin@yopmail.com", "title"=>"Mrs", "firstName"=>"crystal", "lastName"=>"days", "contactPointName"=>"crystaldays", "contactEmail"=>"crystal.days@comtest.com", "contactMobile"=>"+44 (818) 454-3647", "contactPhone"=>"+4402012341234", "contactFax"=>"+12129876543", "contactSocial"=>"http://www.linkedin.com/", "userRoles"=>[{"name"=>"Fleet Portal User"}]}, {"email"=>"datamigrationuser2609fleetadim@yopmail.com", "title"=>"Mr", "firstName"=>"kevin", "lastName"=>"andrews", "contactPointName"=>"kevinandrews", "contactEmail"=>"kevin.andrews@comtest.com", "contactMobile"=>"+4402012341233", "contactPhone"=>"+4402012341234", "contactFax"=>"+12129876543", "contactSocial"=>"http://www.linkedin.com/", "userRoles"=>[{"name"=>"Organisation Administrator"}, {"name"=>"Fleet Portal User"}, {"name"=>"Fleet Portal Tile"}, {"name"=>"Access Data Migration"}]}, {"email"=>"datamigrationuse2609user@yopmail.com", "title"=>"Mr", "firstName"=>"Mark", "lastName"=>"Berry", "contactPointName"=>"markberry", "contactEmail"=>"mark.berry@comtest.com", "contactMobile"=>"+4402012341233", "contactPhone"=>"+4402012341234", "contactFax"=>"+12129876543", "contactSocial"=>"https://www.example.com", "userRoles"=>[{"name"=>"Fleet Portal User"}]}]}], "data_migration"=>{"_json"=>[{"identifier-id"=>"001b000003OCcahAAD", "scheme-id"=>"SF-ID", "domainName"=>"yopmail.com", "rightToBuy"=>"true", "orgRoles"=>[{"name"=>"Fleet Portal Tile"}, {"name"=>"Fleet Portal User"}, {"name"=>"Access Data Migration"}], "user"=>[{"email"=>"datamigrationuse2609admin@yopmail.com", "title"=>"Mrs", "firstName"=>"crystal", "lastName"=>"days", "contactPointName"=>"crystaldays", "contactEmail"=>"crystal.days@comtest.com", "contactMobile"=>"+44 (818) 454-3647", "contactPhone"=>"+4402012341234", "contactFax"=>"+12129876543", "contactSocial"=>"http://www.linkedin.com/", "userRoles"=>[{"name"=>"Fleet Portal User"}]}, {"email"=>"datamigrationuser2609fleetadim@yopmail.com", "title"=>"Mr", "firstName"=>"kevin", "lastName"=>"andrews", "contactPointName"=>"kevinandrews", "contactEmail"=>"kevin.andrews@comtest.com", "contactMobile"=>"+4402012341233", "contactPhone"=>"+4402012341234", "contactFax"=>"+12129876543", "contactSocial"=>"http://www.linkedin.com/", "userRoles"=>[{"name"=>"Organisation Administrator"}, {"name"=>"Fleet Portal User"}, {"name"=>"Fleet Portal Tile"}, {"name"=>"Access Data Migration"}]}, {"email"=>"datamigrationuse2609user@yopmail.com", "title"=>"Mr", "firstName"=>"Mark", "lastName"=>"Berry", "contactPointName"=>"markberry", "contactEmail"=>"mark.berry@comtest.com", "contactMobile"=>"+4402012341233", "contactPhone"=>"+4402012341234", "contactFax"=>"+12129876543", "contactSocial"=>"https://www.example.com", "userRoles"=>[{"name"=>"Fleet Portal User"}]}]}]}}
  [1m[36mClient Load (0.2ms)[0m  [1m[34mSELECT "clients".* FROM "clients" WHERE "clients"."api_key" = $1 LIMIT $2[0m  [["api_key", "1237"], ["LIMIT", 1]]
  ↳ app/services/authorize/token.rb:10:in `client_auth'
Completed 500 Internal Server Error in 36ms (ActiveRecord: 4.8ms | Allocations: 24279)


  
NoMethodError (undefined method `each' for "[{\n    \"identifier-id\": \"001b000003OCcahAAD\",\n    \"scheme-id\": \"SF-ID\",\n    \"domainName\": \"yopmail.com\",\n    \"rightToBuy\": \"true\",\n    \"orgRoles\": [{\n            \"name\": \"Fleet Portal Tile\"\n        },\n\n        {\n            \"name\": \"Fleet Portal User\"\n        },\n        {\n            \"name\": \"Access Data Migration\"\n\n        }\n    ],\n    \"user\": [{\n            \"email\": \"datamigrationuse2609admin@yopmail.com\",\n            \"title\": \"Mrs\",\n            \"firstName\": \"crystal\",\n            \"lastName\": \"days\",\n            \"contactPointName\": \"crystaldays\",\n            \"contactEmail\": \"crystal.days@comtest.com\",\n            \"contactMobile\": \"+44 (818) 454-3647\",\n            \"contactPhone\": \"+4402012341234\",\n            \"contactFax\": \"+12129876543\",\n            \"contactSocial\": \"http://www.linkedin.com/\",\n            \"userRoles\": [{\n                \"name\": \"Fleet Portal User\"\n            }]\n        },\n        {\n            \"email\": \"datamigrationuser2609fleetadim@yopmail.com\",\n            \"title\": \"Mr\",\n            \"firstName\": \"kevin\",\n            \"lastName\": \"andrews\",\n            \"contactPointName\": \"kevinandrews\",\n            \"contactEmail\": \"kevin.andrews@comtest.com\",\n            \"contactMobile\": \"+4402012341233\",\n            \"contactPhone\": \"+4402012341234\",\n            \"contactFax\": \"+12129876543\",\n            \"contactSocial\": \"http://www.linkedin.com/\",\n            \"userRoles\": [{\n                    \"name\": \"Organisation Administrator\"\n                },\n                {\n                    \"name\": \"Fleet Portal User\"\n                },\n                {\n                    \"name\": \"Fleet Portal Tile\"\n                },\n                {\n                    \"name\": \"Access Data Migration\"\n                }\n            ]\n        },\n        {\n            \"email\": \"datamigrationuse2609user@yopmail.com\",\n            \"title\": \"Mr\",\n            \"firstName\": \"Mark\",\n            \"lastName\": \"Berry\",\n            \"contactPointName\": \"markberry\",\n            \"contactEmail\": \"mark.berry@comtest.com\",\n            \"contactMobile\": \"+4402012341233\",\n            \"contactPhone\": \"+4402012341234\",\n            \"contactFax\": \"+12129876543\",\n            \"contactSocial\": \"https://www.example.com\",\n            \"userRoles\": [{\n                \"name\": \"Fleet Portal User\"\n            }]\n        }\n    ]\n}]":String):
  
app/services/migrate/data_migration.rb:26:in `migrate_orgs_to_db'
app/services/migrate/data_migration.rb:13:in `migrate_orgs'
app/controllers/data_migration_controller.rb:128:in `process_json_data'
app/controllers/data_migration_controller.rb:26:in `validate_as_json'
Started POST "/data-migration/migrate/format/json" for ::1 at 2024-06-10 13:39:42 +0100
Processing by DataMigrationController#validate_as_json as */*
  Parameters: {"_json"=>[{"identifier-id"=>"001b000003OCcahAAD", "scheme-id"=>"SF-ID", "domainName"=>"yopmail.com", "rightToBuy"=>"true", "orgRoles"=>[{"name"=>"Fleet Portal Tile"}, {"name"=>"Fleet Portal User"}, {"name"=>"Access Data Migration"}], "user"=>[{"email"=>"datamigrationuse2609admin@yopmail.com", "title"=>"Mrs", "firstName"=>"crystal", "lastName"=>"days", "contactPointName"=>"crystaldays", "contactEmail"=>"crystal.days@comtest.com", "contactMobile"=>"+44 (818) 454-3647", "contactPhone"=>"+4402012341234", "contactFax"=>"+12129876543", "contactSocial"=>"http://www.linkedin.com/", "userRoles"=>[{"name"=>"Fleet Portal User"}]}, {"email"=>"datamigrationuser2609fleetadim@yopmail.com", "title"=>"Mr", "firstName"=>"kevin", "lastName"=>"andrews", "contactPointName"=>"kevinandrews", "contactEmail"=>"kevin.andrews@comtest.com", "contactMobile"=>"+4402012341233", "contactPhone"=>"+4402012341234", "contactFax"=>"+12129876543", "contactSocial"=>"http://www.linkedin.com/", "userRoles"=>[{"name"=>"Organisation Administrator"}, {"name"=>"Fleet Portal User"}, {"name"=>"Fleet Portal Tile"}, {"name"=>"Access Data Migration"}]}, {"email"=>"datamigrationuse2609user@yopmail.com", "title"=>"Mr", "firstName"=>"Mark", "lastName"=>"Berry", "contactPointName"=>"markberry", "contactEmail"=>"mark.berry@comtest.com", "contactMobile"=>"+4402012341233", "contactPhone"=>"+4402012341234", "contactFax"=>"+12129876543", "contactSocial"=>"https://www.example.com", "userRoles"=>[{"name"=>"Fleet Portal User"}]}]}], "data_migration"=>{"_json"=>[{"identifier-id"=>"001b000003OCcahAAD", "scheme-id"=>"SF-ID", "domainName"=>"yopmail.com", "rightToBuy"=>"true", "orgRoles"=>[{"name"=>"Fleet Portal Tile"}, {"name"=>"Fleet Portal User"}, {"name"=>"Access Data Migration"}], "user"=>[{"email"=>"datamigrationuse2609admin@yopmail.com", "title"=>"Mrs", "firstName"=>"crystal", "lastName"=>"days", "contactPointName"=>"crystaldays", "contactEmail"=>"crystal.days@comtest.com", "contactMobile"=>"+44 (818) 454-3647", "contactPhone"=>"+4402012341234", "contactFax"=>"+12129876543", "contactSocial"=>"http://www.linkedin.com/", "userRoles"=>[{"name"=>"Fleet Portal User"}]}, {"email"=>"datamigrationuser2609fleetadim@yopmail.com", "title"=>"Mr", "firstName"=>"kevin", "lastName"=>"andrews", "contactPointName"=>"kevinandrews", "contactEmail"=>"kevin.andrews@comtest.com", "contactMobile"=>"+4402012341233", "contactPhone"=>"+4402012341234", "contactFax"=>"+12129876543", "contactSocial"=>"http://www.linkedin.com/", "userRoles"=>[{"name"=>"Organisation Administrator"}, {"name"=>"Fleet Portal User"}, {"name"=>"Fleet Portal Tile"}, {"name"=>"Access Data Migration"}]}, {"email"=>"datamigrationuse2609user@yopmail.com", "title"=>"Mr", "firstName"=>"Mark", "lastName"=>"Berry", "contactPointName"=>"markberry", "contactEmail"=>"mark.berry@comtest.com", "contactMobile"=>"+4402012341233", "contactPhone"=>"+4402012341234", "contactFax"=>"+12129876543", "contactSocial"=>"https://www.example.com", "userRoles"=>[{"name"=>"Fleet Portal User"}]}]}]}}
  [1m[36mClient Load (0.1ms)[0m  [1m[34mSELECT "clients".* FROM "clients" WHERE "clients"."api_key" = $1 LIMIT $2[0m  [["api_key", "1237"], ["LIMIT", 1]]
  ↳ app/services/authorize/token.rb:10:in `client_auth'
Completed 500 Internal Server Error in 6ms (ActiveRecord: 1.6ms | Allocations: 4082)


  
NameError (undefined local variable or method `data' for #<Migrate::DataMigration:0x000073878ed456a0 @data="[{\n    \"identifier-id\": \"001b000003OCcahAAD\",\n    \"scheme-id\": \"SF-ID\",\n    \"domainName\": \"yopmail.com\",\n    \"rightToBuy\": \"true\",\n    \"orgRoles\": [{\n            \"name\": \"Fleet Portal Tile\"\n        },\n\n        {\n            \"name\": \"Fleet Portal User\"\n        },\n        {\n            \"name\": \"Access Data Migration\"\n\n        }\n    ],\n    \"user\": [{\n            \"email\": \"datamigrationuse2609admin@yopmail.com\",\n            \"title\": \"Mrs\",\n            \"firstName\": \"crystal\",\n            \"lastName\": \"days\",\n            \"contactPointName\": \"crystaldays\",\n            \"contactEmail\": \"crystal.days@comtest.com\",\n            \"contactMobile\": \"+44 (818) 454-3647\",\n            \"contactPhone\": \"+4402012341234\",\n            \"contactFax\": \"+12129876543\",\n            \"contactSocial\": \"http://www.linkedin.com/\",\n            \"userRoles\": [{\n                \"name\": \"Fleet Portal User\"\n            }]\n        },\n        {\n            \"email\": \"datamigrationuser2609fleetadim@yopmail.com\",\n            \"title\": \"Mr\",\n            \"firstName\": \"kevin\",\n            \"lastName\": \"andrews\",\n            \"contactPointName\": \"kevinandrews\",\n            \"contactEmail\": \"kevin.andrews@comtest.com\",\n            \"contactMobile\": \"+4402012341233\",\n            \"contactPhone\": \"+4402012341234\",\n            \"contactFax\": \"+12129876543\",\n            \"contactSocial\": \"http://www.linkedin.com/\",\n            \"userRoles\": [{\n                    \"name\": \"Organisation Administrator\"\n                },\n                {\n                    \"name\": \"Fleet Portal User\"\n                },\n                {\n                    \"name\": \"Fleet Portal Tile\"\n                },\n                {\n                    \"name\": \"Access Data Migration\"\n                }\n            ]\n        },\n        {\n            \"email\": \"datamigrationuse2609user@yopmail.com\",\n            \"title\": \"Mr\",\n            \"firstName\": \"Mark\",\n            \"lastName\": \"Berry\",\n            \"contactPointName\": \"markberry\",\n            \"contactEmail\": \"mark.berry@comtest.com\",\n            \"contactMobile\": \"+4402012341233\",\n            \"contactPhone\": \"+4402012341234\",\n            \"contactFax\": \"+12129876543\",\n            \"contactSocial\": \"https://www.example.com\",\n            \"userRoles\": [{\n                \"name\": \"Fleet Portal User\"\n            }]\n        }\n    ]\n}]", @orgErrorsList=[], @orgSuccessList=[], @userErrorsList=[], @userSuccessList=[]>):
  
app/services/migrate/data_migration.rb:26:in `migrate_orgs_to_db'
app/services/migrate/data_migration.rb:13:in `migrate_orgs'
app/controllers/data_migration_controller.rb:128:in `process_json_data'
app/controllers/data_migration_controller.rb:26:in `validate_as_json'
Started POST "/data-migration/migrate/format/json" for ::1 at 2024-06-10 13:40:47 +0100
Processing by DataMigrationController#validate_as_json as */*
  Parameters: {"_json"=>[{"identifier-id"=>"001b000003OCcahAAD", "scheme-id"=>"SF-ID", "domainName"=>"yopmail.com", "rightToBuy"=>"true", "orgRoles"=>[{"name"=>"Fleet Portal Tile"}, {"name"=>"Fleet Portal User"}, {"name"=>"Access Data Migration"}], "user"=>[{"email"=>"datamigrationuse2609admin@yopmail.com", "title"=>"Mrs", "firstName"=>"crystal", "lastName"=>"days", "contactPointName"=>"crystaldays", "contactEmail"=>"crystal.days@comtest.com", "contactMobile"=>"+44 (818) 454-3647", "contactPhone"=>"+4402012341234", "contactFax"=>"+12129876543", "contactSocial"=>"http://www.linkedin.com/", "userRoles"=>[{"name"=>"Fleet Portal User"}]}, {"email"=>"datamigrationuser2609fleetadim@yopmail.com", "title"=>"Mr", "firstName"=>"kevin", "lastName"=>"andrews", "contactPointName"=>"kevinandrews", "contactEmail"=>"kevin.andrews@comtest.com", "contactMobile"=>"+4402012341233", "contactPhone"=>"+4402012341234", "contactFax"=>"+12129876543", "contactSocial"=>"http://www.linkedin.com/", "userRoles"=>[{"name"=>"Organisation Administrator"}, {"name"=>"Fleet Portal User"}, {"name"=>"Fleet Portal Tile"}, {"name"=>"Access Data Migration"}]}, {"email"=>"datamigrationuse2609user@yopmail.com", "title"=>"Mr", "firstName"=>"Mark", "lastName"=>"Berry", "contactPointName"=>"markberry", "contactEmail"=>"mark.berry@comtest.com", "contactMobile"=>"+4402012341233", "contactPhone"=>"+4402012341234", "contactFax"=>"+12129876543", "contactSocial"=>"https://www.example.com", "userRoles"=>[{"name"=>"Fleet Portal User"}]}]}], "data_migration"=>{"_json"=>[{"identifier-id"=>"001b000003OCcahAAD", "scheme-id"=>"SF-ID", "domainName"=>"yopmail.com", "rightToBuy"=>"true", "orgRoles"=>[{"name"=>"Fleet Portal Tile"}, {"name"=>"Fleet Portal User"}, {"name"=>"Access Data Migration"}], "user"=>[{"email"=>"datamigrationuse2609admin@yopmail.com", "title"=>"Mrs", "firstName"=>"crystal", "lastName"=>"days", "contactPointName"=>"crystaldays", "contactEmail"=>"crystal.days@comtest.com", "contactMobile"=>"+44 (818) 454-3647", "contactPhone"=>"+4402012341234", "contactFax"=>"+12129876543", "contactSocial"=>"http://www.linkedin.com/", "userRoles"=>[{"name"=>"Fleet Portal User"}]}, {"email"=>"datamigrationuser2609fleetadim@yopmail.com", "title"=>"Mr", "firstName"=>"kevin", "lastName"=>"andrews", "contactPointName"=>"kevinandrews", "contactEmail"=>"kevin.andrews@comtest.com", "contactMobile"=>"+4402012341233", "contactPhone"=>"+4402012341234", "contactFax"=>"+12129876543", "contactSocial"=>"http://www.linkedin.com/", "userRoles"=>[{"name"=>"Organisation Administrator"}, {"name"=>"Fleet Portal User"}, {"name"=>"Fleet Portal Tile"}, {"name"=>"Access Data Migration"}]}, {"email"=>"datamigrationuse2609user@yopmail.com", "title"=>"Mr", "firstName"=>"Mark", "lastName"=>"Berry", "contactPointName"=>"markberry", "contactEmail"=>"mark.berry@comtest.com", "contactMobile"=>"+4402012341233", "contactPhone"=>"+4402012341234", "contactFax"=>"+12129876543", "contactSocial"=>"https://www.example.com", "userRoles"=>[{"name"=>"Fleet Portal User"}]}]}]}}
  [1m[36mClient Load (0.1ms)[0m  [1m[34mSELECT "clients".* FROM "clients" WHERE "clients"."api_key" = $1 LIMIT $2[0m  [["api_key", "1237"], ["LIMIT", 1]]
  ↳ app/services/authorize/token.rb:10:in `client_auth'
  [1m[36mTRANSACTION (0.1ms)[0m  [1m[35mBEGIN[0m
  ↳ app/services/migrate/data_migration.rb:39:in `block in migrate_orgs_to_db'
  [1m[36mOrganisation Exists? (0.4ms)[0m  [1m[34mSELECT 1 AS one FROM "organisations" WHERE LOWER("organisations"."identifier_id") = LOWER($1) LIMIT $2[0m  [["identifier_id", "001b000003OCcahAAD"], ["LIMIT", 1]]
  ↳ app/services/migrate/data_migration.rb:39:in `block in migrate_orgs_to_db'
  [1m[36mOrganisation Create (0.2ms)[0m  [1m[32mINSERT INTO "organisations" ("identifier_id", "org_roles", "right_to_buy", "scheme_id", "status", "status_description", "domain_name", "created_at", "updated_at") VALUES ($1, $2, $3, $4, $5, $6, $7, $8, $9) RETURNING "org_id"[0m  [["identifier_id", "001b000003OCcahAAD"], ["org_roles", "Fleet Portal Tile,Fleet Portal User,Access Data Migration"], ["right_to_buy", true], ["scheme_id", "SF-ID"], ["status", 200], ["status_description", "Success."], ["domain_name", "yopmail.com"], ["created_at", "2024-06-10 12:40:47.474851"], ["updated_at", "2024-06-10 12:40:47.474851"]]
  ↳ app/services/migrate/data_migration.rb:39:in `block in migrate_orgs_to_db'
  [1m[36mTRANSACTION (11.0ms)[0m  [1m[35mCOMMIT[0m
  ↳ app/services/migrate/data_migration.rb:39:in `block in migrate_orgs_to_db'
  [1m[36mTRANSACTION (0.1ms)[0m  [1m[35mBEGIN[0m
  ↳ app/services/migrate/data_migration.rb:72:in `block (2 levels) in migrate_users_to_db'
  [1m[36mUser Exists? (1.0ms)[0m  [1m[34mSELECT 1 AS one FROM "users" WHERE LOWER("users"."email") = LOWER($1) LIMIT $2[0m  [["email", "datamigrationuse2609admin@yopmail.com"], ["LIMIT", 1]]
  ↳ app/services/migrate/data_migration.rb:72:in `block (2 levels) in migrate_users_to_db'
  [1m[36mUser Create (0.4ms)[0m  [1m[32mINSERT INTO "users" ("contact_email", "contact_fax", "contact_mobile", "contact_phone", "contact_social", "email", "first_name", "last_name", "status", "status_description", "title", "user_roles", "identifier_id", "scheme_id", "created_at", "updated_at") VALUES ($1, $2, $3, $4, $5, $6, $7, $8, $9, $10, $11, $12, $13, $14, $15, $16) RETURNING "user_id"[0m  [["contact_email", "crystal.days@comtest.com"], ["contact_fax", "+12129876543"], ["contact_mobile", "+44 (818) 454-3647"], ["contact_phone", "+4402012341234"], ["contact_social", "http://www.linkedin.com/"], ["email", "datamigrationuse2609admin@yopmail.com"], ["first_name", "crystal"], ["last_name", "days"], ["status", 201], ["status_description", "Success."], ["title", "Mrs"], ["user_roles", "Fleet Portal User"], ["identifier_id", "001b000003OCcahAAD"], ["scheme_id", "SF-ID"], ["created_at", "2024-06-10 12:40:47.498363"], ["updated_at", "2024-06-10 12:40:47.498363"]]
  ↳ app/services/migrate/data_migration.rb:72:in `block (2 levels) in migrate_users_to_db'
  [1m[36mTRANSACTION (9.6ms)[0m  [1m[35mCOMMIT[0m
  ↳ app/services/migrate/data_migration.rb:72:in `block (2 levels) in migrate_users_to_db'
  [1m[36mTRANSACTION (0.1ms)[0m  [1m[35mBEGIN[0m
  ↳ app/services/migrate/data_migration.rb:72:in `block (2 levels) in migrate_users_to_db'
  [1m[36mUser Exists? (0.9ms)[0m  [1m[34mSELECT 1 AS one FROM "users" WHERE LOWER("users"."email") = LOWER($1) LIMIT $2[0m  [["email", "datamigrationuser2609fleetadim@yopmail.com"], ["LIMIT", 1]]
  ↳ app/services/migrate/data_migration.rb:72:in `block (2 levels) in migrate_users_to_db'
  [1m[36mUser Create (0.2ms)[0m  [1m[32mINSERT INTO "users" ("contact_email", "contact_fax", "contact_mobile", "contact_phone", "contact_social", "email", "first_name", "last_name", "status", "status_description", "title", "user_roles", "identifier_id", "scheme_id", "created_at", "updated_at") VALUES ($1, $2, $3, $4, $5, $6, $7, $8, $9, $10, $11, $12, $13, $14, $15, $16) RETURNING "user_id"[0m  [["contact_email", "kevin.andrews@comtest.com"], ["contact_fax", "+12129876543"], ["contact_mobile", "+4402012341233"], ["contact_phone", "+4402012341234"], ["contact_social", "http://www.linkedin.com/"], ["email", "datamigrationuser2609fleetadim@yopmail.com"], ["first_name", "kevin"], ["last_name", "andrews"], ["status", 201], ["status_description", "Success."], ["title", "Mr"], ["user_roles", "Organisation Administrator,Fleet Portal User,Fleet Portal Tile,Access Data Migration"], ["identifier_id", "001b000003OCcahAAD"], ["scheme_id", "SF-ID"], ["created_at", "2024-06-10 12:40:47.511540"], ["updated_at", "2024-06-10 12:40:47.511540"]]
  ↳ app/services/migrate/data_migration.rb:72:in `block (2 levels) in migrate_users_to_db'
  [1m[36mTRANSACTION (8.0ms)[0m  [1m[35mCOMMIT[0m
  ↳ app/services/migrate/data_migration.rb:72:in `block (2 levels) in migrate_users_to_db'
  [1m[36mTRANSACTION (0.2ms)[0m  [1m[35mBEGIN[0m
  ↳ app/services/migrate/data_migration.rb:72:in `block (2 levels) in migrate_users_to_db'
  [1m[36mUser Exists? (1.0ms)[0m  [1m[34mSELECT 1 AS one FROM "users" WHERE LOWER("users"."email") = LOWER($1) LIMIT $2[0m  [["email", "datamigrationuse2609user@yopmail.com"], ["LIMIT", 1]]
  ↳ app/services/migrate/data_migration.rb:72:in `block (2 levels) in migrate_users_to_db'
  [1m[36mUser Create (0.2ms)[0m  [1m[32mINSERT INTO "users" ("contact_email", "contact_fax", "contact_mobile", "contact_phone", "contact_social", "email", "first_name", "last_name", "status", "status_description", "title", "user_roles", "identifier_id", "scheme_id", "created_at", "updated_at") VALUES ($1, $2, $3, $4, $5, $6, $7, $8, $9, $10, $11, $12, $13, $14, $15, $16) RETURNING "user_id"[0m  [["contact_email", "mark.berry@comtest.com"], ["contact_fax", "+12129876543"], ["contact_mobile", "+4402012341233"], ["contact_phone", "+4402012341234"], ["contact_social", "https://www.example.com"], ["email", "datamigrationuse2609user@yopmail.com"], ["first_name", "Mark"], ["last_name", "Berry"], ["status", 201], ["status_description", "Success."], ["title", "Mr"], ["user_roles", "Fleet Portal User"], ["identifier_id", "001b000003OCcahAAD"], ["scheme_id", "SF-ID"], ["created_at", "2024-06-10 12:40:47.522970"], ["updated_at", "2024-06-10 12:40:47.522970"]]
  ↳ app/services/migrate/data_migration.rb:72:in `block (2 levels) in migrate_users_to_db'
  [1m[36mTRANSACTION (7.8ms)[0m  [1m[35mCOMMIT[0m
  ↳ app/services/migrate/data_migration.rb:72:in `block (2 levels) in migrate_users_to_db'
Completed 500 Internal Server Error in 76ms (ActiveRecord: 47.8ms | Allocations: 35439)


  
NoMethodError (undefined method `each' for "[{\n    \"identifier-id\": \"001b000003OCcahAAD\",\n    \"scheme-id\": \"SF-ID\",\n    \"domainName\": \"yopmail.com\",\n    \"rightToBuy\": \"true\",\n    \"orgRoles\": [{\n            \"name\": \"Fleet Portal Tile\"\n        },\n\n        {\n            \"name\": \"Fleet Portal User\"\n        },\n        {\n            \"name\": \"Access Data Migration\"\n\n        }\n    ],\n    \"user\": [{\n            \"email\": \"datamigrationuse2609admin@yopmail.com\",\n            \"title\": \"Mrs\",\n            \"firstName\": \"crystal\",\n            \"lastName\": \"days\",\n            \"contactPointName\": \"crystaldays\",\n            \"contactEmail\": \"crystal.days@comtest.com\",\n            \"contactMobile\": \"+44 (818) 454-3647\",\n            \"contactPhone\": \"+4402012341234\",\n            \"contactFax\": \"+12129876543\",\n            \"contactSocial\": \"http://www.linkedin.com/\",\n            \"userRoles\": [{\n                \"name\": \"Fleet Portal User\"\n            }]\n        },\n        {\n            \"email\": \"datamigrationuser2609fleetadim@yopmail.com\",\n            \"title\": \"Mr\",\n            \"firstName\": \"kevin\",\n            \"lastName\": \"andrews\",\n            \"contactPointName\": \"kevinandrews\",\n            \"contactEmail\": \"kevin.andrews@comtest.com\",\n            \"contactMobile\": \"+4402012341233\",\n            \"contactPhone\": \"+4402012341234\",\n            \"contactFax\": \"+12129876543\",\n            \"contactSocial\": \"http://www.linkedin.com/\",\n            \"userRoles\": [{\n                    \"name\": \"Organisation Administrator\"\n                },\n                {\n                    \"name\": \"Fleet Portal User\"\n                },\n                {\n                    \"name\": \"Fleet Portal Tile\"\n                },\n                {\n                    \"name\": \"Access Data Migration\"\n                }\n            ]\n        },\n        {\n            \"email\": \"datamigrationuse2609user@yopmail.com\",\n            \"title\": \"Mr\",\n            \"firstName\": \"Mark\",\n            \"lastName\": \"Berry\",\n            \"contactPointName\": \"markberry\",\n            \"contactEmail\": \"mark.berry@comtest.com\",\n            \"contactMobile\": \"+4402012341233\",\n            \"contactPhone\": \"+4402012341234\",\n            \"contactFax\": \"+12129876543\",\n            \"contactSocial\": \"https://www.example.com\",\n            \"userRoles\": [{\n                \"name\": \"Fleet Portal User\"\n            }]\n        }\n    ]\n}]":String):
  
app/services/migrate/cii.rb:24:in `migrate_orgs_to_cii'
app/services/migrate/cii.rb:16:in `migrate_orgs'
app/controllers/data_migration_controller.rb:132:in `process_json_data'
app/controllers/data_migration_controller.rb:26:in `validate_as_json'
Started POST "/data-migration/migrate/format/json" for ::1 at 2024-06-10 13:41:47 +0100
Processing by DataMigrationController#validate_as_json as */*
  Parameters: {"_json"=>[{"identifier-id"=>"001b000003OCcahAAD", "scheme-id"=>"SF-ID", "domainName"=>"yopmail.com", "rightToBuy"=>"true", "orgRoles"=>[{"name"=>"Fleet Portal Tile"}, {"name"=>"Fleet Portal User"}, {"name"=>"Access Data Migration"}], "user"=>[{"email"=>"datamigrationuse2609admin@yopmail.com", "title"=>"Mrs", "firstName"=>"crystal", "lastName"=>"days", "contactPointName"=>"crystaldays", "contactEmail"=>"crystal.days@comtest.com", "contactMobile"=>"+44 (818) 454-3647", "contactPhone"=>"+4402012341234", "contactFax"=>"+12129876543", "contactSocial"=>"http://www.linkedin.com/", "userRoles"=>[{"name"=>"Fleet Portal User"}]}, {"email"=>"datamigrationuser2609fleetadim@yopmail.com", "title"=>"Mr", "firstName"=>"kevin", "lastName"=>"andrews", "contactPointName"=>"kevinandrews", "contactEmail"=>"kevin.andrews@comtest.com", "contactMobile"=>"+4402012341233", "contactPhone"=>"+4402012341234", "contactFax"=>"+12129876543", "contactSocial"=>"http://www.linkedin.com/", "userRoles"=>[{"name"=>"Organisation Administrator"}, {"name"=>"Fleet Portal User"}, {"name"=>"Fleet Portal Tile"}, {"name"=>"Access Data Migration"}]}, {"email"=>"datamigrationuse2609user@yopmail.com", "title"=>"Mr", "firstName"=>"Mark", "lastName"=>"Berry", "contactPointName"=>"markberry", "contactEmail"=>"mark.berry@comtest.com", "contactMobile"=>"+4402012341233", "contactPhone"=>"+4402012341234", "contactFax"=>"+12129876543", "contactSocial"=>"https://www.example.com", "userRoles"=>[{"name"=>"Fleet Portal User"}]}]}], "data_migration"=>{"_json"=>[{"identifier-id"=>"001b000003OCcahAAD", "scheme-id"=>"SF-ID", "domainName"=>"yopmail.com", "rightToBuy"=>"true", "orgRoles"=>[{"name"=>"Fleet Portal Tile"}, {"name"=>"Fleet Portal User"}, {"name"=>"Access Data Migration"}], "user"=>[{"email"=>"datamigrationuse2609admin@yopmail.com", "title"=>"Mrs", "firstName"=>"crystal", "lastName"=>"days", "contactPointName"=>"crystaldays", "contactEmail"=>"crystal.days@comtest.com", "contactMobile"=>"+44 (818) 454-3647", "contactPhone"=>"+4402012341234", "contactFax"=>"+12129876543", "contactSocial"=>"http://www.linkedin.com/", "userRoles"=>[{"name"=>"Fleet Portal User"}]}, {"email"=>"datamigrationuser2609fleetadim@yopmail.com", "title"=>"Mr", "firstName"=>"kevin", "lastName"=>"andrews", "contactPointName"=>"kevinandrews", "contactEmail"=>"kevin.andrews@comtest.com", "contactMobile"=>"+4402012341233", "contactPhone"=>"+4402012341234", "contactFax"=>"+12129876543", "contactSocial"=>"http://www.linkedin.com/", "userRoles"=>[{"name"=>"Organisation Administrator"}, {"name"=>"Fleet Portal User"}, {"name"=>"Fleet Portal Tile"}, {"name"=>"Access Data Migration"}]}, {"email"=>"datamigrationuse2609user@yopmail.com", "title"=>"Mr", "firstName"=>"Mark", "lastName"=>"Berry", "contactPointName"=>"markberry", "contactEmail"=>"mark.berry@comtest.com", "contactMobile"=>"+4402012341233", "contactPhone"=>"+4402012341234", "contactFax"=>"+12129876543", "contactSocial"=>"https://www.example.com", "userRoles"=>[{"name"=>"Fleet Portal User"}]}]}]}}
  [1m[36mClient Load (0.1ms)[0m  [1m[34mSELECT "clients".* FROM "clients" WHERE "clients"."api_key" = $1 LIMIT $2[0m  [["api_key", "1237"], ["LIMIT", 1]]
  ↳ app/services/authorize/token.rb:10:in `client_auth'
  [1m[36mTRANSACTION (0.1ms)[0m  [1m[35mBEGIN[0m
  ↳ app/services/migrate/data_migration.rb:39:in `block in migrate_orgs_to_db'
  [1m[36mOrganisation Exists? (0.8ms)[0m  [1m[34mSELECT 1 AS one FROM "organisations" WHERE LOWER("organisations"."identifier_id") = LOWER($1) LIMIT $2[0m  [["identifier_id", "001b000003OCcahAAD"], ["LIMIT", 1]]
  ↳ app/services/migrate/data_migration.rb:39:in `block in migrate_orgs_to_db'
  [1m[36mTRANSACTION (0.1ms)[0m  [1m[31mROLLBACK[0m
  ↳ app/services/migrate/data_migration.rb:39:in `block in migrate_orgs_to_db'
  [1m[36mTRANSACTION (0.2ms)[0m  [1m[35mBEGIN[0m
  ↳ app/services/migrate/data_migration.rb:72:in `block (2 levels) in migrate_users_to_db'
  [1m[36mUser Exists? (1.1ms)[0m  [1m[34mSELECT 1 AS one FROM "users" WHERE LOWER("users"."email") = LOWER($1) LIMIT $2[0m  [["email", "datamigrationuse2609admin@yopmail.com"], ["LIMIT", 1]]
  ↳ app/services/migrate/data_migration.rb:72:in `block (2 levels) in migrate_users_to_db'
  [1m[36mTRANSACTION (0.1ms)[0m  [1m[31mROLLBACK[0m
  ↳ app/services/migrate/data_migration.rb:72:in `block (2 levels) in migrate_users_to_db'
  [1m[36mTRANSACTION (0.0ms)[0m  [1m[35mBEGIN[0m
  ↳ app/services/migrate/data_migration.rb:72:in `block (2 levels) in migrate_users_to_db'
  [1m[36mUser Exists? (0.6ms)[0m  [1m[34mSELECT 1 AS one FROM "users" WHERE LOWER("users"."email") = LOWER($1) LIMIT $2[0m  [["email", "datamigrationuser2609fleetadim@yopmail.com"], ["LIMIT", 1]]
  ↳ app/services/migrate/data_migration.rb:72:in `block (2 levels) in migrate_users_to_db'
  [1m[36mTRANSACTION (0.1ms)[0m  [1m[31mROLLBACK[0m
  ↳ app/services/migrate/data_migration.rb:72:in `block (2 levels) in migrate_users_to_db'
  [1m[36mTRANSACTION (0.0ms)[0m  [1m[35mBEGIN[0m
  ↳ app/services/migrate/data_migration.rb:72:in `block (2 levels) in migrate_users_to_db'
  [1m[36mUser Exists? (0.5ms)[0m  [1m[34mSELECT 1 AS one FROM "users" WHERE LOWER("users"."email") = LOWER($1) LIMIT $2[0m  [["email", "datamigrationuse2609user@yopmail.com"], ["LIMIT", 1]]
  ↳ app/services/migrate/data_migration.rb:72:in `block (2 levels) in migrate_users_to_db'
  [1m[36mTRANSACTION (0.1ms)[0m  [1m[31mROLLBACK[0m
  ↳ app/services/migrate/data_migration.rb:72:in `block (2 levels) in migrate_users_to_db'
Completed 200 OK in 51ms (Views: 23.7ms | ActiveRecord: 8.0ms | Allocations: 24334)


[dotenv] Set [36mCII_DOMAIN[0m, [36mCII_API_KEY[0m, [36mPPG_DOMAIN[0m, [36mPPG_API_KEY[0m, and [36mREMOTE_APP[0m
[dotenv] Loaded [33m.env.local[0m
Started POST "/data-migration/migrate/format/json" for ::1 at 2024-06-10 13:44:29 +0100
Processing by DataMigrationController#validate_as_json as */*
  Parameters: {"_json"=>[{"identifier-id"=>"001b000003OCcahAAD", "scheme-id"=>"SF-ID", "domainName"=>"yopmail.com", "rightToBuy"=>"true", "orgRoles"=>[{"name"=>"Fleet Portal Tile"}, {"name"=>"Fleet Portal User"}, {"name"=>"Access Data Migration"}], "user"=>[{"email"=>"datamigrationuse2609admin@yopmail.com", "title"=>"Mrs", "firstName"=>"crystal", "lastName"=>"days", "contactPointName"=>"crystaldays", "contactEmail"=>"crystal.days@comtest.com", "contactMobile"=>"+44 (818) 454-3647", "contactPhone"=>"+4402012341234", "contactFax"=>"+12129876543", "contactSocial"=>"http://www.linkedin.com/", "userRoles"=>[{"name"=>"Fleet Portal User"}]}, {"email"=>"datamigrationuser2609fleetadim@yopmail.com", "title"=>"Mr", "firstName"=>"kevin", "lastName"=>"andrews", "contactPointName"=>"kevinandrews", "contactEmail"=>"kevin.andrews@comtest.com", "contactMobile"=>"+4402012341233", "contactPhone"=>"+4402012341234", "contactFax"=>"+12129876543", "contactSocial"=>"http://www.linkedin.com/", "userRoles"=>[{"name"=>"Organisation Administrator"}, {"name"=>"Fleet Portal User"}, {"name"=>"Fleet Portal Tile"}, {"name"=>"Access Data Migration"}]}, {"email"=>"datamigrationuse2609user@yopmail.com", "title"=>"Mr", "firstName"=>"Mark", "lastName"=>"Berry", "contactPointName"=>"markberry", "contactEmail"=>"mark.berry@comtest.com", "contactMobile"=>"+4402012341233", "contactPhone"=>"+4402012341234", "contactFax"=>"+12129876543", "contactSocial"=>"https://www.example.com", "userRoles"=>[{"name"=>"Fleet Portal User"}]}]}], "data_migration"=>{"_json"=>[{"identifier-id"=>"001b000003OCcahAAD", "scheme-id"=>"SF-ID", "domainName"=>"yopmail.com", "rightToBuy"=>"true", "orgRoles"=>[{"name"=>"Fleet Portal Tile"}, {"name"=>"Fleet Portal User"}, {"name"=>"Access Data Migration"}], "user"=>[{"email"=>"datamigrationuse2609admin@yopmail.com", "title"=>"Mrs", "firstName"=>"crystal", "lastName"=>"days", "contactPointName"=>"crystaldays", "contactEmail"=>"crystal.days@comtest.com", "contactMobile"=>"+44 (818) 454-3647", "contactPhone"=>"+4402012341234", "contactFax"=>"+12129876543", "contactSocial"=>"http://www.linkedin.com/", "userRoles"=>[{"name"=>"Fleet Portal User"}]}, {"email"=>"datamigrationuser2609fleetadim@yopmail.com", "title"=>"Mr", "firstName"=>"kevin", "lastName"=>"andrews", "contactPointName"=>"kevinandrews", "contactEmail"=>"kevin.andrews@comtest.com", "contactMobile"=>"+4402012341233", "contactPhone"=>"+4402012341234", "contactFax"=>"+12129876543", "contactSocial"=>"http://www.linkedin.com/", "userRoles"=>[{"name"=>"Organisation Administrator"}, {"name"=>"Fleet Portal User"}, {"name"=>"Fleet Portal Tile"}, {"name"=>"Access Data Migration"}]}, {"email"=>"datamigrationuse2609user@yopmail.com", "title"=>"Mr", "firstName"=>"Mark", "lastName"=>"Berry", "contactPointName"=>"markberry", "contactEmail"=>"mark.berry@comtest.com", "contactMobile"=>"+4402012341233", "contactPhone"=>"+4402012341234", "contactFax"=>"+12129876543", "contactSocial"=>"https://www.example.com", "userRoles"=>[{"name"=>"Fleet Portal User"}]}]}]}}
  [1m[36mClient Load (0.1ms)[0m  [1m[34mSELECT "clients".* FROM "clients" WHERE "clients"."api_key" = $1 LIMIT $2[0m  [["api_key", "1237"], ["LIMIT", 1]]
  ↳ app/services/authorize/token.rb:10:in `client_auth'
  [1m[36mTRANSACTION (0.2ms)[0m  [1m[35mBEGIN[0m
  ↳ app/services/migrate/data_migration.rb:39:in `block in migrate_orgs_to_db'
  [1m[36mOrganisation Exists? (0.3ms)[0m  [1m[34mSELECT 1 AS one FROM "organisations" WHERE LOWER("organisations"."identifier_id") = LOWER($1) LIMIT $2[0m  [["identifier_id", "001b000003OCcahAAD"], ["LIMIT", 1]]
  ↳ app/services/migrate/data_migration.rb:39:in `block in migrate_orgs_to_db'
  [1m[36mOrganisation Create (0.2ms)[0m  [1m[32mINSERT INTO "organisations" ("identifier_id", "org_roles", "right_to_buy", "scheme_id", "status", "status_description", "domain_name", "created_at", "updated_at") VALUES ($1, $2, $3, $4, $5, $6, $7, $8, $9) RETURNING "org_id"[0m  [["identifier_id", "001b000003OCcahAAD"], ["org_roles", "Fleet Portal Tile,Fleet Portal User,Access Data Migration"], ["right_to_buy", true], ["scheme_id", "SF-ID"], ["status", 200], ["status_description", "Success."], ["domain_name", "yopmail.com"], ["created_at", "2024-06-10 12:44:29.931983"], ["updated_at", "2024-06-10 12:44:29.931983"]]
  ↳ app/services/migrate/data_migration.rb:39:in `block in migrate_orgs_to_db'
  [1m[36mTRANSACTION (31.8ms)[0m  [1m[35mCOMMIT[0m
  ↳ app/services/migrate/data_migration.rb:39:in `block in migrate_orgs_to_db'
  [1m[36mTRANSACTION (0.1ms)[0m  [1m[35mBEGIN[0m
  ↳ app/services/migrate/data_migration.rb:72:in `block (2 levels) in migrate_users_to_db'
  [1m[36mUser Exists? (1.0ms)[0m  [1m[34mSELECT 1 AS one FROM "users" WHERE LOWER("users"."email") = LOWER($1) LIMIT $2[0m  [["email", "datamigrationuse2609admin@yopmail.com"], ["LIMIT", 1]]
  ↳ app/services/migrate/data_migration.rb:72:in `block (2 levels) in migrate_users_to_db'
  [1m[36mUser Create (0.3ms)[0m  [1m[32mINSERT INTO "users" ("contact_email", "contact_fax", "contact_mobile", "contact_phone", "contact_social", "email", "first_name", "last_name", "status", "status_description", "title", "user_roles", "identifier_id", "scheme_id", "created_at", "updated_at") VALUES ($1, $2, $3, $4, $5, $6, $7, $8, $9, $10, $11, $12, $13, $14, $15, $16) RETURNING "user_id"[0m  [["contact_email", "crystal.days@comtest.com"], ["contact_fax", "+12129876543"], ["contact_mobile", "+44 (818) 454-3647"], ["contact_phone", "+4402012341234"], ["contact_social", "http://www.linkedin.com/"], ["email", "datamigrationuse2609admin@yopmail.com"], ["first_name", "crystal"], ["last_name", "days"], ["status", 201], ["status_description", "Success."], ["title", "Mrs"], ["user_roles", "Fleet Portal User"], ["identifier_id", "001b000003OCcahAAD"], ["scheme_id", "SF-ID"], ["created_at", "2024-06-10 12:44:29.976062"], ["updated_at", "2024-06-10 12:44:29.976062"]]
  ↳ app/services/migrate/data_migration.rb:72:in `block (2 levels) in migrate_users_to_db'
  [1m[36mTRANSACTION (10.1ms)[0m  [1m[35mCOMMIT[0m
  ↳ app/services/migrate/data_migration.rb:72:in `block (2 levels) in migrate_users_to_db'
  [1m[36mTRANSACTION (0.1ms)[0m  [1m[35mBEGIN[0m
  ↳ app/services/migrate/data_migration.rb:72:in `block (2 levels) in migrate_users_to_db'
  [1m[36mUser Exists? (0.8ms)[0m  [1m[34mSELECT 1 AS one FROM "users" WHERE LOWER("users"."email") = LOWER($1) LIMIT $2[0m  [["email", "datamigrationuser2609fleetadim@yopmail.com"], ["LIMIT", 1]]
  ↳ app/services/migrate/data_migration.rb:72:in `block (2 levels) in migrate_users_to_db'
  [1m[36mUser Create (0.3ms)[0m  [1m[32mINSERT INTO "users" ("contact_email", "contact_fax", "contact_mobile", "contact_phone", "contact_social", "email", "first_name", "last_name", "status", "status_description", "title", "user_roles", "identifier_id", "scheme_id", "created_at", "updated_at") VALUES ($1, $2, $3, $4, $5, $6, $7, $8, $9, $10, $11, $12, $13, $14, $15, $16) RETURNING "user_id"[0m  [["contact_email", "kevin.andrews@comtest.com"], ["contact_fax", "+12129876543"], ["contact_mobile", "+4402012341233"], ["contact_phone", "+4402012341234"], ["contact_social", "http://www.linkedin.com/"], ["email", "datamigrationuser2609fleetadim@yopmail.com"], ["first_name", "kevin"], ["last_name", "andrews"], ["status", 201], ["status_description", "Success."], ["title", "Mr"], ["user_roles", "Organisation Administrator,Fleet Portal User,Fleet Portal Tile,Access Data Migration"], ["identifier_id", "001b000003OCcahAAD"], ["scheme_id", "SF-ID"], ["created_at", "2024-06-10 12:44:29.989859"], ["updated_at", "2024-06-10 12:44:29.989859"]]
  ↳ app/services/migrate/data_migration.rb:72:in `block (2 levels) in migrate_users_to_db'
  [1m[36mTRANSACTION (7.8ms)[0m  [1m[35mCOMMIT[0m
  ↳ app/services/migrate/data_migration.rb:72:in `block (2 levels) in migrate_users_to_db'
  [1m[36mTRANSACTION (0.1ms)[0m  [1m[35mBEGIN[0m
  ↳ app/services/migrate/data_migration.rb:72:in `block (2 levels) in migrate_users_to_db'
  [1m[36mUser Exists? (0.8ms)[0m  [1m[34mSELECT 1 AS one FROM "users" WHERE LOWER("users"."email") = LOWER($1) LIMIT $2[0m  [["email", "datamigrationuse2609user@yopmail.com"], ["LIMIT", 1]]
  ↳ app/services/migrate/data_migration.rb:72:in `block (2 levels) in migrate_users_to_db'
  [1m[36mUser Create (0.2ms)[0m  [1m[32mINSERT INTO "users" ("contact_email", "contact_fax", "contact_mobile", "contact_phone", "contact_social", "email", "first_name", "last_name", "status", "status_description", "title", "user_roles", "identifier_id", "scheme_id", "created_at", "updated_at") VALUES ($1, $2, $3, $4, $5, $6, $7, $8, $9, $10, $11, $12, $13, $14, $15, $16) RETURNING "user_id"[0m  [["contact_email", "mark.berry@comtest.com"], ["contact_fax", "+12129876543"], ["contact_mobile", "+4402012341233"], ["contact_phone", "+4402012341234"], ["contact_social", "https://www.example.com"], ["email", "datamigrationuse2609user@yopmail.com"], ["first_name", "Mark"], ["last_name", "Berry"], ["status", 201], ["status_description", "Success."], ["title", "Mr"], ["user_roles", "Fleet Portal User"], ["identifier_id", "001b000003OCcahAAD"], ["scheme_id", "SF-ID"], ["created_at", "2024-06-10 12:44:30.000901"], ["updated_at", "2024-06-10 12:44:30.000901"]]
  ↳ app/services/migrate/data_migration.rb:72:in `block (2 levels) in migrate_users_to_db'
  [1m[36mTRANSACTION (8.1ms)[0m  [1m[35mCOMMIT[0m
  ↳ app/services/migrate/data_migration.rb:72:in `block (2 levels) in migrate_users_to_db'
Completed 200 OK in 122ms (Views: 0.6ms | ActiveRecord: 70.8ms | Allocations: 56345)


[dotenv] Set [36mCII_DOMAIN[0m, [36mCII_API_KEY[0m, [36mPPG_DOMAIN[0m, [36mPPG_API_KEY[0m, and [36mREMOTE_APP[0m
[dotenv] Loaded [33m.env.local[0m
Started POST "/data-migration/migrate/format/json" for ::1 at 2024-06-10 13:54:47 +0100
Processing by DataMigrationController#validate_as_json as */*
  Parameters: {"_json"=>[{"identifier-id"=>"001b000003OCcahAAD", "scheme-id"=>"SF-ID", "domainName"=>"yopmail.com", "rightToBuy"=>"true", "orgRoles"=>[{"name"=>"Fleet Portal Tile"}, {"name"=>"Fleet Portal User"}, {"name"=>"Access Data Migration"}], "user"=>[{"email"=>"datamigrationuse2609admin@yopmail.com", "title"=>"Mrs", "firstName"=>"crystal", "lastName"=>"days", "contactPointName"=>"crystaldays", "contactEmail"=>"crystal.days@comtest.com", "contactMobile"=>"+44 (818) 454-3647", "contactPhone"=>"+4402012341234", "contactFax"=>"+12129876543", "contactSocial"=>"http://www.linkedin.com/", "userRoles"=>[{"name"=>"Fleet Portal User"}]}, {"email"=>"datamigrationuser2609fleetadim@yopmail.com", "title"=>"Mr", "firstName"=>"kevin", "lastName"=>"andrews", "contactPointName"=>"kevinandrews", "contactEmail"=>"kevin.andrews@comtest.com", "contactMobile"=>"+4402012341233", "contactPhone"=>"+4402012341234", "contactFax"=>"+12129876543", "contactSocial"=>"http://www.linkedin.com/", "userRoles"=>[{"name"=>"Organisation Administrator"}, {"name"=>"Fleet Portal User"}, {"name"=>"Fleet Portal Tile"}, {"name"=>"Access Data Migration"}]}, {"email"=>"datamigrationuse2609user@yopmail.com", "title"=>"Mr", "firstName"=>"Mark", "lastName"=>"Berry", "contactPointName"=>"markberry", "contactEmail"=>"mark.berry@comtest.com", "contactMobile"=>"+4402012341233", "contactPhone"=>"+4402012341234", "contactFax"=>"+12129876543", "contactSocial"=>"https://www.example.com", "userRoles"=>[{"name"=>"Fleet Portal User"}]}]}], "data_migration"=>{"_json"=>[{"identifier-id"=>"001b000003OCcahAAD", "scheme-id"=>"SF-ID", "domainName"=>"yopmail.com", "rightToBuy"=>"true", "orgRoles"=>[{"name"=>"Fleet Portal Tile"}, {"name"=>"Fleet Portal User"}, {"name"=>"Access Data Migration"}], "user"=>[{"email"=>"datamigrationuse2609admin@yopmail.com", "title"=>"Mrs", "firstName"=>"crystal", "lastName"=>"days", "contactPointName"=>"crystaldays", "contactEmail"=>"crystal.days@comtest.com", "contactMobile"=>"+44 (818) 454-3647", "contactPhone"=>"+4402012341234", "contactFax"=>"+12129876543", "contactSocial"=>"http://www.linkedin.com/", "userRoles"=>[{"name"=>"Fleet Portal User"}]}, {"email"=>"datamigrationuser2609fleetadim@yopmail.com", "title"=>"Mr", "firstName"=>"kevin", "lastName"=>"andrews", "contactPointName"=>"kevinandrews", "contactEmail"=>"kevin.andrews@comtest.com", "contactMobile"=>"+4402012341233", "contactPhone"=>"+4402012341234", "contactFax"=>"+12129876543", "contactSocial"=>"http://www.linkedin.com/", "userRoles"=>[{"name"=>"Organisation Administrator"}, {"name"=>"Fleet Portal User"}, {"name"=>"Fleet Portal Tile"}, {"name"=>"Access Data Migration"}]}, {"email"=>"datamigrationuse2609user@yopmail.com", "title"=>"Mr", "firstName"=>"Mark", "lastName"=>"Berry", "contactPointName"=>"markberry", "contactEmail"=>"mark.berry@comtest.com", "contactMobile"=>"+4402012341233", "contactPhone"=>"+4402012341234", "contactFax"=>"+12129876543", "contactSocial"=>"https://www.example.com", "userRoles"=>[{"name"=>"Fleet Portal User"}]}]}]}}
  [1m[36mClient Load (0.2ms)[0m  [1m[34mSELECT "clients".* FROM "clients" WHERE "clients"."api_key" = $1 LIMIT $2[0m  [["api_key", "1237"], ["LIMIT", 1]]
  ↳ app/services/authorize/token.rb:10:in `client_auth'
  [1m[36mTRANSACTION (0.2ms)[0m  [1m[35mBEGIN[0m
  ↳ app/services/migrate/data_migration.rb:39:in `block in migrate_orgs_to_db'
  [1m[36mOrganisation Exists? (0.3ms)[0m  [1m[34mSELECT 1 AS one FROM "organisations" WHERE LOWER("organisations"."identifier_id") = LOWER($1) LIMIT $2[0m  [["identifier_id", "001b000003OCcahAAD"], ["LIMIT", 1]]
  ↳ app/services/migrate/data_migration.rb:39:in `block in migrate_orgs_to_db'
  [1m[36mTRANSACTION (0.1ms)[0m  [1m[31mROLLBACK[0m
  ↳ app/services/migrate/data_migration.rb:39:in `block in migrate_orgs_to_db'
  [1m[36mTRANSACTION (0.2ms)[0m  [1m[35mBEGIN[0m
  ↳ app/services/migrate/data_migration.rb:72:in `block (2 levels) in migrate_users_to_db'
  [1m[36mUser Exists? (1.8ms)[0m  [1m[34mSELECT 1 AS one FROM "users" WHERE LOWER("users"."email") = LOWER($1) LIMIT $2[0m  [["email", "datamigrationuse2609admin@yopmail.com"], ["LIMIT", 1]]
  ↳ app/services/migrate/data_migration.rb:72:in `block (2 levels) in migrate_users_to_db'
  [1m[36mTRANSACTION (0.1ms)[0m  [1m[31mROLLBACK[0m
  ↳ app/services/migrate/data_migration.rb:72:in `block (2 levels) in migrate_users_to_db'
  [1m[36mTRANSACTION (0.1ms)[0m  [1m[35mBEGIN[0m
  ↳ app/services/migrate/data_migration.rb:72:in `block (2 levels) in migrate_users_to_db'
  [1m[36mUser Exists? (0.6ms)[0m  [1m[34mSELECT 1 AS one FROM "users" WHERE LOWER("users"."email") = LOWER($1) LIMIT $2[0m  [["email", "datamigrationuser2609fleetadim@yopmail.com"], ["LIMIT", 1]]
  ↳ app/services/migrate/data_migration.rb:72:in `block (2 levels) in migrate_users_to_db'
  [1m[36mTRANSACTION (0.1ms)[0m  [1m[31mROLLBACK[0m
  ↳ app/services/migrate/data_migration.rb:72:in `block (2 levels) in migrate_users_to_db'
  [1m[36mTRANSACTION (0.1ms)[0m  [1m[35mBEGIN[0m
  ↳ app/services/migrate/data_migration.rb:72:in `block (2 levels) in migrate_users_to_db'
  [1m[36mUser Exists? (0.6ms)[0m  [1m[34mSELECT 1 AS one FROM "users" WHERE LOWER("users"."email") = LOWER($1) LIMIT $2[0m  [["email", "datamigrationuse2609user@yopmail.com"], ["LIMIT", 1]]
  ↳ app/services/migrate/data_migration.rb:72:in `block (2 levels) in migrate_users_to_db'
  [1m[36mTRANSACTION (0.1ms)[0m  [1m[31mROLLBACK[0m
  ↳ app/services/migrate/data_migration.rb:72:in `block (2 levels) in migrate_users_to_db'
Completed 200 OK in 76ms (Views: 1.6ms | ActiveRecord: 15.1ms | Allocations: 55164)


Started POST "/data-migration/migrate/format/csv" for ::1 at 2024-06-10 13:55:03 +0100
Processing by DataMigrationController#validate_as_csv as */*
  Parameters: {"file"=>#<ActionDispatch::Http::UploadedFile:0x00007a0c8cddb360 @tempfile=#<Tempfile:/tmp/RackMultipart20240610-23887-l7j40r.csv>, @content_type="text/csv", @original_filename="DMTesting-15042024 (1).csv", @headers="Content-Disposition: form-data; name=\"file\"; filename=\"DMTesting-15042024 (1).csv\"\r\nContent-Type: text/csv\r\n">}
  [1m[36mClient Load (0.2ms)[0m  [1m[34mSELECT "clients".* FROM "clients" WHERE "clients"."api_key" = $1 LIMIT $2[0m  [["api_key", "1237"], ["LIMIT", 1]]
  ↳ app/services/authorize/token.rb:10:in `client_auth'
  [1m[36mTRANSACTION (0.1ms)[0m  [1m[35mBEGIN[0m
  ↳ app/services/migrate/data_migration.rb:39:in `block in migrate_orgs_to_db'
  [1m[36mOrganisation Exists? (0.8ms)[0m  [1m[34mSELECT 1 AS one FROM "organisations" WHERE LOWER("organisations"."identifier_id") = LOWER($1) LIMIT $2[0m  [["identifier_id", "001b000003V2vepAAB"], ["LIMIT", 1]]
  ↳ app/services/migrate/data_migration.rb:39:in `block in migrate_orgs_to_db'
  [1m[36mOrganisation Create (0.3ms)[0m  [1m[32mINSERT INTO "organisations" ("identifier_id", "org_roles", "right_to_buy", "scheme_id", "status", "status_description", "domain_name", "created_at", "updated_at") VALUES ($1, $2, $3, $4, $5, $6, $7, $8, $9) RETURNING "org_id"[0m  [["identifier_id", "001b000003V2vepAAB"], ["org_roles", "RMI Tile"], ["right_to_buy", false], ["scheme_id", "SF-ID"], ["status", 200], ["status_description", "Success."], ["domain_name", "mailinator.com"], ["created_at", "2024-06-10 12:55:03.042954"], ["updated_at", "2024-06-10 12:55:03.042954"]]
  ↳ app/services/migrate/data_migration.rb:39:in `block in migrate_orgs_to_db'
  [1m[36mTRANSACTION (7.4ms)[0m  [1m[35mCOMMIT[0m
  ↳ app/services/migrate/data_migration.rb:39:in `block in migrate_orgs_to_db'
  [1m[36mTRANSACTION (0.2ms)[0m  [1m[35mBEGIN[0m
  ↳ app/services/migrate/data_migration.rb:72:in `block (2 levels) in migrate_users_to_db'
  [1m[36mUser Exists? (1.0ms)[0m  [1m[34mSELECT 1 AS one FROM "users" WHERE LOWER("users"."email") = LOWER($1) LIMIT $2[0m  [["email", "neworg1datamigrationuser0804demo1user01@mailinator.com"], ["LIMIT", 1]]
  ↳ app/services/migrate/data_migration.rb:72:in `block (2 levels) in migrate_users_to_db'
  [1m[36mUser Create (0.2ms)[0m  [1m[32mINSERT INTO "users" ("contact_email", "contact_fax", "contact_mobile", "contact_phone", "contact_social", "email", "first_name", "last_name", "status", "status_description", "title", "user_roles", "identifier_id", "scheme_id", "created_at", "updated_at") VALUES ($1, $2, $3, $4, $5, $6, $7, $8, $9, $10, $11, $12, $13, $14, $15, $16) RETURNING "user_id"[0m  [["contact_email", "contact1@domain.co.uk"], ["contact_fax", "+44 (948) 459-3973"], ["contact_mobile", "+44 (994) 522-3827"], ["contact_phone", "+44 (876) 569-2322"], ["contact_social", "www.test.com"], ["email", "neworg1datamigrationuser0804demo1user01@mailinator.com"], ["first_name", "AB"], ["last_name", "Bloggs"], ["status", 201], ["status_description", "Success."], ["title", "Mr"], ["user_roles", "RMI Tile,RMI User,Access Data Migration,Organisation Administrator"], ["identifier_id", "001b000003V2vepAAB"], ["scheme_id", "SF-ID"], ["created_at", "2024-06-10 12:55:03.055420"], ["updated_at", "2024-06-10 12:55:03.055420"]]
  ↳ app/services/migrate/data_migration.rb:72:in `block (2 levels) in migrate_users_to_db'
  [1m[36mTRANSACTION (7.1ms)[0m  [1m[35mCOMMIT[0m
  ↳ app/services/migrate/data_migration.rb:72:in `block (2 levels) in migrate_users_to_db'
  [1m[36mTRANSACTION (0.1ms)[0m  [1m[35mBEGIN[0m
  ↳ app/services/migrate/data_migration.rb:72:in `block (2 levels) in migrate_users_to_db'
  [1m[36mUser Exists? (0.8ms)[0m  [1m[34mSELECT 1 AS one FROM "users" WHERE LOWER("users"."email") = LOWER($1) LIMIT $2[0m  [["email", "neworg1datamigrationuser0804demo1user02@mailinator.com"], ["LIMIT", 1]]
  ↳ app/services/migrate/data_migration.rb:72:in `block (2 levels) in migrate_users_to_db'
  [1m[36mUser Create (0.2ms)[0m  [1m[32mINSERT INTO "users" ("contact_email", "contact_fax", "contact_mobile", "contact_phone", "contact_social", "email", "first_name", "last_name", "status", "status_description", "title", "user_roles", "identifier_id", "scheme_id", "created_at", "updated_at") VALUES ($1, $2, $3, $4, $5, $6, $7, $8, $9, $10, $11, $12, $13, $14, $15, $16) RETURNING "user_id"[0m  [["contact_email", "contact1@domain.co.uk"], ["contact_fax", "+44 (824) 506-3143"], ["contact_mobile", "+44 (927) 462-2038"], ["contact_phone", "+44 (980) 473-2799"], ["contact_social", "www.test.com"], ["email", "neworg1datamigrationuser0804demo1user02@mailinator.com"], ["first_name", "BC"], ["last_name", "Bloggs"], ["status", 201], ["status_description", "Success."], ["title", "Mr"], ["user_roles", "RMI Tile,RMI User,Access Data Migration"], ["identifier_id", "001b000003V2vepAAB"], ["scheme_id", "SF-ID"], ["created_at", "2024-06-10 12:55:03.065811"], ["updated_at", "2024-06-10 12:55:03.065811"]]
  ↳ app/services/migrate/data_migration.rb:72:in `block (2 levels) in migrate_users_to_db'
  [1m[36mTRANSACTION (8.0ms)[0m  [1m[35mCOMMIT[0m
  ↳ app/services/migrate/data_migration.rb:72:in `block (2 levels) in migrate_users_to_db'
  [1m[36mTRANSACTION (0.1ms)[0m  [1m[35mBEGIN[0m
  ↳ app/services/migrate/data_migration.rb:72:in `block (2 levels) in migrate_users_to_db'
  [1m[36mUser Exists? (0.8ms)[0m  [1m[34mSELECT 1 AS one FROM "users" WHERE LOWER("users"."email") = LOWER($1) LIMIT $2[0m  [["email", "neworg1datamigrationuser0804demo1user03@mailinator.com"], ["LIMIT", 1]]
  ↳ app/services/migrate/data_migration.rb:72:in `block (2 levels) in migrate_users_to_db'
  [1m[36mUser Create (0.2ms)[0m  [1m[32mINSERT INTO "users" ("contact_email", "contact_fax", "contact_mobile", "contact_phone", "contact_social", "email", "first_name", "last_name", "status", "status_description", "title", "user_roles", "identifier_id", "scheme_id", "created_at", "updated_at") VALUES ($1, $2, $3, $4, $5, $6, $7, $8, $9, $10, $11, $12, $13, $14, $15, $16) RETURNING "user_id"[0m  [["contact_email", "contact1@domain.co.uk"], ["contact_fax", "+44 (967) 591-2103"], ["contact_mobile", "+44 (857) 499-2673"], ["contact_phone", "+44 (825) 444-3567"], ["contact_social", "www.test.com"], ["email", "neworg1datamigrationuser0804demo1user03@mailinator.com"], ["first_name", "CD"], ["last_name", "Bloggs"], ["status", 201], ["status_description", "Success."], ["title", "Mr"], ["user_roles", "RMI Tile,RMI User,Access Data Migration"], ["identifier_id", "001b000003V2vepAAB"], ["scheme_id", "SF-ID"], ["created_at", "2024-06-10 12:55:03.077002"], ["updated_at", "2024-06-10 12:55:03.077002"]]
  ↳ app/services/migrate/data_migration.rb:72:in `block (2 levels) in migrate_users_to_db'
  [1m[36mTRANSACTION (8.2ms)[0m  [1m[35mCOMMIT[0m
  ↳ app/services/migrate/data_migration.rb:72:in `block (2 levels) in migrate_users_to_db'
  [1m[36mTRANSACTION (0.2ms)[0m  [1m[35mBEGIN[0m
  ↳ app/services/migrate/data_migration.rb:72:in `block (2 levels) in migrate_users_to_db'
  [1m[36mUser Exists? (0.9ms)[0m  [1m[34mSELECT 1 AS one FROM "users" WHERE LOWER("users"."email") = LOWER($1) LIMIT $2[0m  [["email", "neworg1datamigrationuser0804demo1user04@mailinator.com"], ["LIMIT", 1]]
  ↳ app/services/migrate/data_migration.rb:72:in `block (2 levels) in migrate_users_to_db'
  [1m[36mUser Create (0.1ms)[0m  [1m[32mINSERT INTO "users" ("contact_email", "contact_fax", "contact_mobile", "contact_phone", "contact_social", "email", "first_name", "last_name", "status", "status_description", "title", "user_roles", "identifier_id", "scheme_id", "created_at", "updated_at") VALUES ($1, $2, $3, $4, $5, $6, $7, $8, $9, $10, $11, $12, $13, $14, $15, $16) RETURNING "user_id"[0m  [["contact_email", "contact1@domain.co.uk"], ["contact_fax", "+44 (915) 454-2949"], ["contact_mobile", "+44 (998) 533-3962"], ["contact_phone", "+44 (848) 441-3096"], ["contact_social", "www.test.com"], ["email", "neworg1datamigrationuser0804demo1user04@mailinator.com"], ["first_name", "DE"], ["last_name", "Bloggs"], ["status", 201], ["status_description", "Success."], ["title", "Mr"], ["user_roles", "RMI Tile,RMI User,Access Data Migration"], ["identifier_id", "001b000003V2vepAAB"], ["scheme_id", "SF-ID"], ["created_at", "2024-06-10 12:55:03.088202"], ["updated_at", "2024-06-10 12:55:03.088202"]]
  ↳ app/services/migrate/data_migration.rb:72:in `block (2 levels) in migrate_users_to_db'
  [1m[36mTRANSACTION (8.3ms)[0m  [1m[35mCOMMIT[0m
  ↳ app/services/migrate/data_migration.rb:72:in `block (2 levels) in migrate_users_to_db'
  [1m[36mTRANSACTION (0.1ms)[0m  [1m[35mBEGIN[0m
  ↳ app/services/migrate/data_migration.rb:72:in `block (2 levels) in migrate_users_to_db'
  [1m[36mUser Exists? (1.0ms)[0m  [1m[34mSELECT 1 AS one FROM "users" WHERE LOWER("users"."email") = LOWER($1) LIMIT $2[0m  [["email", "neworg1datamigrationuser0804demo1user05@mailinator.com"], ["LIMIT", 1]]
  ↳ app/services/migrate/data_migration.rb:72:in `block (2 levels) in migrate_users_to_db'
  [1m[36mUser Create (0.2ms)[0m  [1m[32mINSERT INTO "users" ("contact_email", "contact_fax", "contact_mobile", "contact_phone", "contact_social", "email", "first_name", "last_name", "status", "status_description", "title", "user_roles", "identifier_id", "scheme_id", "created_at", "updated_at") VALUES ($1, $2, $3, $4, $5, $6, $7, $8, $9, $10, $11, $12, $13, $14, $15, $16) RETURNING "user_id"[0m  [["contact_email", "contact1@domain.co.uk"], ["contact_fax", "+44 (962) 480-3513"], ["contact_mobile", "+44 (909) 520-2519"], ["contact_phone", "+44 (951) 489-3270"], ["contact_social", "www.test.com"], ["email", "neworg1datamigrationuser0804demo1user05@mailinator.com"], ["first_name", "EF"], ["last_name", "Bloggs"], ["status", 201], ["status_description", "Success."], ["title", "Mr"], ["user_roles", "RMI Tile,RMI User,Access Data Migration"], ["identifier_id", "001b000003V2vepAAB"], ["scheme_id", "SF-ID"], ["created_at", "2024-06-10 12:55:03.099515"], ["updated_at", "2024-06-10 12:55:03.099515"]]
  ↳ app/services/migrate/data_migration.rb:72:in `block (2 levels) in migrate_users_to_db'
  [1m[36mTRANSACTION (8.1ms)[0m  [1m[35mCOMMIT[0m
  ↳ app/services/migrate/data_migration.rb:72:in `block (2 levels) in migrate_users_to_db'
Completed 200 OK in 71ms (Views: 0.6ms | ActiveRecord: 54.5ms | Allocations: 17091)


[dotenv] Set [36mCII_DOMAIN[0m, [36mCII_API_KEY[0m, [36mPPG_DOMAIN[0m, [36mPPG_API_KEY[0m, and [36mREMOTE_APP[0m
[dotenv] Loaded [33m.env.local[0m
[dotenv] Set [36mCII_DOMAIN[0m, [36mCII_API_KEY[0m, [36mPPG_DOMAIN[0m, [36mPPG_API_KEY[0m, and [36mREMOTE_APP[0m
[dotenv] Loaded [33m.env.local[0m
